<?xml version="1.0" encoding="UTF-8"?>
<includes>
    <include name="View_502_FanArt">
        <include content="UpDownArrows">
            <param name="container_id" value="502" />
            <param name="visible" value="!System.HasModalDialog" />
        </include>
        <control type="group">
            <description>Fanart Viewtype</description>
            <left>90</left>
            <top>167</top>
            <control type="group">
                <include>OpenClose_Right</include>
                <visible>Control.IsVisible(502)</visible>
                <include>Visible_Right</include>
                <control type="image">
                    <left>1360</left>
                    <top>-1</top>
                    <width>1046</width>
                    <height>737</height>
                    <texture border="22">dialogs/dialog-bg.png</texture>
                </control>
                <control type="image">
                    <left>1387</left>
                    <top>26</top>
                    <width>992</width>
                    <height>558</height>
                    <fadetime>300</fadetime>
                    <texture border="2" fallback="DefaultVideoFanart.png" background="true">$VAR[ListInfoBoxImageVar]</texture>
                    <aspectratio align="center" aligny="bottom">keep</aspectratio>
                </control>
                <control type="group">
                    <left>2320</left>
                    <top>30</top>
                    <include>UserRatingCircle</include>
                </control>
                <control type="textbox">
                    <left>1397</left>
                    <top>589</top>
                    <width>972</width>
                    <height>121</height>
                    <font>font12</font>
                    <autoscroll delay="10000" time="4000" repeat="10000">Skin.HasSetting(autoscroll)</autoscroll>
                    <label>$VAR[PlotSpoilerVar]</label>
                    <visible>!ListItem.IsCollection</visible>
                </control>
                <control type="textbox">
                    <left>1397</left>
                    <top>589</top>
                    <width>972</width>
                    <height>121</height>
                    <font>font12</font>
                    <autoscroll delay="10000" time="4000" repeat="10000">Skin.HasSetting(autoscroll)</autoscroll>
                    <label>$INFO[Window(Home).Property(SkinHelper.ListItem.ExtendedPlot)]</label>
                    <visible>ListItem.IsCollection</visible>
                </control>
            </control>
            <control type="group">
                <include>OpenClose_Left</include>
                <top>18</top>
                <visible>Control.IsVisible(502)</visible>
                <include>Visible_Left</include>
                <include content="ListContainer">
                    <param name="list_id" value="502" />
                    <param name="viewtype_label" value="$LOCALIZE[20445]" />
                </include>
            </control>
        </control>
    </include>
</includes>