<?xml version="1.0" encoding="utf-8"?>
<window type="dialog" id="1108">
	<visible>Player.ShowInfo + !System.HasActiveModalDialog + VideoPlayer.Content(LiveTV) + Window.IsActive(fullscreenvideo)</visible>
	<defaultcontrol></defaultcontrol>
	<animation effect="fade" start="0" end="100" time="100">WindowOpen</animation>
	<animation effect="fade" start="100" end="0" time="100">WindowClose</animation>
	<depth>DepthOSD</depth>
	<controls>
		<control type="group">
 			<centerleft>50%</centerleft>
 			<width>2560</width>
		<control type="image">
			<left>10</left>
			<top>830</top>
			<width>2540</width>
			<height>240</height>
			<texture border="40">buttons/dialogbutton-nofo.png</texture>
		</control>
		<control type="image">
			<left>40</left>
			<top>860</top>
			<width>180</width>
			<height>180</height>
			<aspectratio aligny="center">keep</aspectratio>
			<texture fallback="DefaultTVShowsSquare.png">$INFO[Player.Art(thumb)]</texture>
		</control>
		<control type="textbox">
			<left>240</left>
			<top>960</top>
			<width>280</width>
			<height>80</height>
			<label>$INFO[VideoPlayer.ChannelName]</label>
			<align>center</align>
			<aligny>center</aligny>
			<font>font12</font>
		</control>
		<control type="label">
			<left>240</left>
			<top>860</top>
			<width>280</width>
			<height>100</height>
			<label>$INFO[VideoPlayer.ChannelNumberLabel]</label>
			<align>center</align>
			<aligny>center</aligny>
			<font>WeatherTemp</font>
		</control>
		<control type="label">
			<left>530</left>
			<top>870</top>
			<width>1300</width>
			<height>25</height>
			<label>$INFO[VideoPlayer.Title]$INFO[VideoPlayer.EpisodeName, (,)]</label>
			<aligny>center</aligny>
			<font>font30</font>
		</control>
		<control type="progress">
			<animation effect="fade" end="0" time="200">WindowClose</animation>
			<left>530</left>
			<top>922</top>
			<width>1960</width>
			<height>15</height>
			<info>Player.ProgressCache</info>
			<texturebg border="3" colordiffuse="00FFFFFF">colors/white50.png</texturebg>
			<midtexture colordiffuse="$VAR[SkinColorVar]">colors/white50.png</midtexture>
			<animation effect="fade" start="100" end="80" time="0" condition="true">Conditional</animation>
			<visible>!Player.ChannelPreviewActive</visible>
		</control>
		<control type="progress" id="23">
			<animation effect="fade" end="0" time="200">WindowClose</animation>
			<left>530</left>
			<top>922</top>
			<width>1960</width>
			<height>15</height>
			<info>Player.Progress</info>
			<texturebg border="3" colordiffuse="80FFFFFF">colors/white50.png</texturebg>
			<midtexture colordiffuse="$VAR[SkinColorVar]">colors/white50.png</midtexture>
			<visible>!Player.ChannelPreviewActive | VideoPlayer.HasEpg</visible>
		</control>
		<control type="label">
			<left>530</left>
			<top>955</top>
			<width>1940</width>
			<height>25</height>
			<label>$INFO[VideoPlayer.NextStartTime]$INFO[VideoPlayer.NextEndTime, - , : ][COLOR white]$INFO[VideoPlayer.NextTitle][/COLOR]</label>
			<textcolor>$VAR[SkinColorVar]</textcolor>
			<aligny>center</aligny>
			<visible>VideoPlayer.HasEpg</visible>
		</control>
		<control type="grouplist">
			<left>1880</left>
			<top>990</top>
			<width>610</width>
			<height>100</height>
			<align>right</align>
			<orientation>horizontal</orientation>
			<itemgap>10</itemgap>
			<visible>!Player.ChannelPreviewActive</visible>
			<control type="image">      
                		<width>73</width>           
                		<height>50</height>
                		<aspectratio>keep</aspectratio>
                		<fadetime>200</fadetime>             
                		<texture>$VAR[ResolutionFlagVarPlayer]</texture>
                		<visible>!String.IsEmpty(VideoPlayer.VideoResolution)</visible>
            		</control>
            		<control type="image">
                		<width>130</width>
                		<height>50</height>
                		<aspectratio>keep</aspectratio>
                		<fadetime>200</fadetime>
                		<texture>$INFO[VideoPlayer.VideoCodec,flags/videocodec/,.png]</texture>
                		<visible>!String.IsEmpty(VideoPlayer.VideoCodec)</visible>
            		</control>
            		<control type="image">
                		<width>108</width>
                		<height>50</height>
                		<aspectratio>keep</aspectratio>
                		<fadetime>200</fadetime>
                		<texture>$INFO[VideoPlayer.VideoAspect,flags/aspectratio/,.png]</texture>
                		<visible>!String.IsEmpty(VideoPlayer.VideoAspect)</visible>
            		</control>
            		<control type="image">
                		<width>130</width>
                		<height>50</height>
                		<aspectratio>keep</aspectratio>
                		<fadetime>200</fadetime>
                		<texture>$VAR[VideoPlayerAudioCodecPlusFilenameFlags,flags/audiocodec/,.png]</texture>
                		<visible>!String.IsEmpty(VideoPlayer.AudioCodec)</visible>
            		</control>
            		<control type="image">           
                		<width>130</width>               
                		<height>50</height>
                		<aspectratio>keep</aspectratio>
                		<fadetime>200</fadetime>
                		<texture>$INFO[VideoPlayer.AudioChannels,flags/audiochannel/,.png]</texture>
                		<visible>!String.IsEmpty(VideoPlayer.AudioChannels)</visible>
            		</control>
		</control>
		</control>
	</controls>
</window>