<?xml version="1.0" encoding="utf-8"?>
<includes>
    <include name="VerticalGuide">
        <control type="group" id="50">
            <animation effect="fade" start="100" end="0" time="200" tween="sine" condition="$EXP[infodialog_active]">Conditional</animation>
            <control type="group">
                <description>Guide Timeline</description>
                <visible>Control.IsVisible(10)</visible>
                <include>OpenClose_Right</include>
                <include>Visible_Right</include>
                <top>170</top>
                <centerleft>50%</centerleft>
 				<width>2560</width>
                <control type="image">
                    <left>25</left>
                    <top>-20</top>
                    <width>2510</width>
                    <height>552</height>
                    <texture border="22">dialogs/dialog-bg.png</texture>
                </control>
                <control type="epggrid" id="10">
                    <left>45</left>
                    <top>0</top>
                    <width>2436</width>
                    <height>510</height>
                    <pagecontrol>60</pagecontrol>
                    <scrolltime tween="quadratic" easing="out">200</scrolltime>
                    <timeblocks>36</timeblocks>
                    <rulerunit>6</rulerunit>
                    <onleft>9000</onleft>
                    <onright>60</onright>
                    <onup>10</onup>
                    <ondown>10</ondown>
                    <viewtype label="19032">list</viewtype>
                    <progresstexture border="0,60,18,14" colordiffuse="$VAR[SkinColorVar]">windows/pvr/epg_progress.png</progresstexture>
                    <rulerlayout height="45" width="2080">
                        <control type="label">
                            <width>365</width>
                            <height>45</height>
                            <font>font12</font>
                            <label>$INFO[ListItem.Label]</label>
                            <textoffsetx>10</textoffsetx>
                            <textcolor>$VAR[SkinColorVar]</textcolor>
                        </control>
                    </rulerlayout>
                    <channellayout height="58" width="350">
                        <control type="image" id="121212">
                            <left>2</left>
                            <top>3</top>
                            <width>85</width>
                            <height>50</height>
                            <texture fallback="fallback.png">$INFO[ListItem.Icon]</texture>
                            <aspectratio align="center" aligny="center">keep</aspectratio>
                        </control>
                        <control type="label">
                            <left>2</left>
                            <top>-2</top>
                            <width>85</width>
                            <height>60</height>
                            <font>font24_title</font>
                            <label>$INFO[ListItem.ChannelNumber]</label>
                            <align>center</align>
                            <aligny>center</aligny>
                            <visible>String.IsEqual(Control.GetLabel(121212),fallback.png)</visible>
                        </control>
                        <control type="label" id="1">
                            <left>90</left>
                            <top>-2</top>
                            <width>280</width>
                            <height>60</height>
                            <font>font12</font>
                            <label>$INFO[ListItem.ChannelName]</label>
                            <aligny>center</aligny>
                            <textoffsetx>10</textoffsetx>
                        </control>
                    </channellayout>
                    <focusedchannellayout height="58" width="350">
                        <control type="image" id="121213">
                            <left>2</left>
                            <top>3</top>
                            <width>85</width>
                            <height>50</height>
                            <texture fallback="fallback.png">$INFO[ListItem.Icon]</texture>
                            <aspectratio align="center" aligny="center">keep</aspectratio>
                        </control>
                        <control type="label">
                            <left>2</left>
                            <top>-2</top>
                            <width>85</width>
                            <height>60</height>
                            <font>font24_title</font>
                            <label>$INFO[ListItem.ChannelNumber]</label>
                            <textcolor>$VAR[SkinColorVar]</textcolor>
                            <align>center</align>
                            <aligny>center</aligny>
                            <visible>String.IsEqual(Control.GetLabel(121213),fallback.png)</visible>
                        </control>
                        <control type="label" id="1">
                            <left>90</left>
                            <top>-2</top>
                            <width>265</width>
                            <height>60</height>
                            <font>font12</font>
                            <label>$INFO[ListItem.ChannelName]</label>
                            <scroll>true</scroll>
                            <textcolor>$VAR[SkinColorVar]</textcolor>
                            <aligny>center</aligny>
                            <textoffsetx>10</textoffsetx>
                        </control>
                    </focusedchannellayout>
                    <itemlayout height="58" width="60">
                        <control type="image" id="2">
                            <width>58</width>
                            <height>58</height>
                            <texture border="3" fallback="special://skin/extras/epg-genres/0.png">$INFO[ListItem.Genre,special://skin/extras/epg-genres/,.png]</texture>
                        </control>
                        <control type="label" id="1">
                            <left>6</left>
                            <top>0</top>
                            <width>50</width>
                            <height>36</height>
                            <aligny>center</aligny>
                            <font>font10_title</font>
                            <label>$INFO[ListItem.Label]</label>
                        </control>
                        <control type="image">
                            <left>6</left>
                            <top>32</top>
                            <width>20</width>
                            <height>20</height>
                            <texture>$VAR[PVRTimerIcon]</texture>
                        </control>
                    </itemlayout>
                    <focusedlayout height="58" width="60">
                        <control type="image" id="2">
                            <top>2</top>
                            <left>2</left>
                            <width>54</width>
                            <height>54</height>
                            <texture colordiffuse="$VAR[SkinColorVar]">lists/focus.png</texture>
                            <visible>Control.HasFocus(10)</visible>
                        </control>
                        <control type="image" id="2">
                            <width>58</width>
                            <height>58</height>
                            <texture border="8" colordiffuse="$VAR[SkinColorVar]">buttons/thumbnail_focused.png</texture>
                        </control>
                        <control type="image" id="2">
                            <width>58</width>
                            <height>58</height>
                            <top>0</top>
                            <texture border="3" fallback="special://skin/extras/epg-genres/0.png">$INFO[ListItem.Genre,special://skin/extras/epg-genres/,.png]</texture>
                            <visible>!Control.HasFocus(10)</visible>
                        </control>
                        <control type="label" id="1">
                            <left>6</left>
                            <top>0</top>
                            <width>50</width>
                            <height>36</height>
                            <aligny>center</aligny>
                            <font>font10_title</font>
                            <label>$INFO[ListItem.Label]</label>
                        </control>
                        <control type="image">
                            <left>6</left>
                            <top>32</top>
                            <width>20</width>
                            <height>20</height>
                            <texture>$VAR[PVRTimerIcon]</texture>
                        </control>
                    </focusedlayout>
                </control>
                <control type="scrollbar" id="60">
					<right>56</right>
					<top>47</top>
					<width>12</width>
					<height>460</height>
					<onleft>10</onleft>
					<onright>10</onright>
					<orientation>vertical</orientation>
					<texturesliderbackground colordiffuse="22FFFFFF">colors/white.png</texturesliderbackground>
					<animation effect="fade" start="100" end="40" time="0" condition="!system.getbool(input.enablemouse)">Conditional</animation>
				</control>
                <control type="group">
                    <top>540</top>
                    <left>-75</left>
                    <control type="image" id="82">
                        <width>450</width>
                        <height>240</height>
                        <aspectratio align="center" aligny="top">keep</aspectratio>
                        <fadetime>400</fadetime>
                        <texture>$INFO[ListItem.PlotOutline]</texture>
                        <visible>String.StartsWith(ListItem.PlotOutline,http://) | String.StartsWith(ListItem.PlotOutline,https://)</visible>
                    </control>
                    <control type="image">
                        <top>-25</top>
                        <left>100</left>
                        <width>2510</width>
                        <height>250</height>
                        <texture border="22">dialogs/dialog-bg.png</texture>
                    </control>
                    <control type="image" id="45678">
                        <left>135</left>
                        <width>312</width>
                        <height>200</height>
                        <texture background="true">http://localhost:52307/getpvrthumb&amp;title=$INFO[ListItem.Title]&amp;channel=$INFO[ListItem.ChannelName]&amp;type=landscape,fanart,thumb,poster</texture>
                        <aspectratio align="center" aligny="center">keep</aspectratio>
                        <visible>!Player.HasVideo</visible>
                    </control>
                    <control type="videowindow">
                        <left>135</left>
                        <width>312</width>
                        <height>200</height>
                        <visible>Player.HasVideo</visible>
                    </control>
                    <control type="image">
                        <left>135</left>
                        <width>200</width>
                        <height>200</height>
                        <aspectratio>keep</aspectratio>
                        <fadetime>400</fadetime>
                        <texture align="center" aligny="center">$INFO[Container(10).ListItem.Icon]</texture>
                        <visible>String.IsEmpty(Control.GetLabel(45678))</visible>
                    </control>
                    <control type="group">
                        <left>460</left>
                        <top>5</top>
                        <control type="label">
                            <width>2115</width>
                            <height>30</height>
                            <textcolor>$VAR[SkinColorVar]</textcolor>
                            <font>font12</font>
                            <label>$INFO[ListItem.StartTime,, - ]$INFO[ListItem.EndTime]$INFO[ListItem.EpgEventTitle,  [COLOR grey],[/COLOR]]$INFO[ListItem.EpisodeName, [COLOR grey](,)[/COLOR]]$INFO[ListItem.Genre,      $LOCALIZE[515] : [COLOR grey],[/COLOR]]</label>
                        </control>
                        <control type="textbox">
                            <top>38</top>
                            <width>2115</width>
                            <height>152</height>
                            <font>font12</font>
                            <align>justify</align>
                            <label>$INFO[ListItem.Plot]</label>
                            <autoscroll delay="10000" time="3000" repeat="10000">Skin.HasSetting(AutoScroll)</autoscroll>
                        </control>
                    </control>
                </control>
            </control>
            <control type="group">
                <include>MediaMenuCommon</include>
                <include content="PVRSideBar">
                    <param name="group_label2" value="$INFO[Control.GetLabel(30)]" />
                </include>
            </control>
            <include content="TopBar">
                <param name="breadcrumbs_label" value="$VAR[BreadcrumbsPVRGuideVar]" />
                <param name="breadcrumbs_icon" value="icons/settings/tvguide.png" />
            </include>
            <include content="BottomBar">
                <param name="PageLabel" value="$INFO[Container.NumItems,$LOCALIZE[19019] : ]" />
                <param name="info_visible" value="true" />
            </include>
        </control>
        <control type="label" id="29">
            <font></font>
            <include>HiddenObject</include>
        </control>
        <control type="label" id="30">
            <font></font>
            <include>HiddenObject</include>
        </control>
    </include>
    <include name="HorizontalGuide">
        <control type="group" id="50">
            <animation effect="fade" start="100" end="0" time="200" tween="sine" condition="$EXP[infodialog_active]">Conditional</animation>
            <control type="group">
                <description>Guide Timeline</description>
                <visible>Control.IsVisible(10)</visible>
                <include>OpenClose_Right</include>
                <include>Visible_Right</include>
                <top>170</top>
                <centerleft>50%</centerleft>
 				<width>2560</width>
                <control type="image">
                    <left>25</left>
                    <top>-20</top>
                    <width>2510</width>
                    <height>552</height>
                    <texture border="22">dialogs/dialog-bg.png</texture>
                </control>
                <control type="epggrid" id="10">
                    <left>45</left>
                    <top>0</top>
                    <width>2436</width>
                    <height>510</height>
                    <orientation>horizontal</orientation>
                    <pagecontrol>60</pagecontrol>
                    <scrolltime tween="quadratic" easing="out">200</scrolltime>
                    <timeblocks>36</timeblocks>
                    <rulerunit>6</rulerunit>
                    <onleft>9000</onleft>
                    <onright>60</onright>
                    <onup>10</onup>
                    <ondown>10</ondown>
                    <viewtype label="19032">list</viewtype>
                    <progresstexture border="5,10,5,10" colordiffuse="$VAR[SkinColorVar]">windows/pvr/epg_progress_horizontal.png</progresstexture>
      				<rulerdatelayout height="45" width="2469">
                        <control type="label">
                            <width>2469</width>
 								<height>45</height>
 								<font>font24</font>
 								<label>$INFO[ListItem.Label]</label>
 								<textcolor>$VAR[SkinColorVar]</textcolor>
 								<align>center</align>
 								<aligny>center</aligny>
 							</control>
 						</rulerdatelayout>
 						<rulerlayout height="45" width="150">
 							<control type="label">
 								<width>150</width>
                            <height>45</height>
                            <font>font12</font>
                            <label>$INFO[ListItem.Label]</label>
                            <textoffsetx>10</textoffsetx>
                            <textcolor>$VAR[SkinColorVar]</textcolor>
                        </control>
                    </rulerlayout>
                    <channellayout height="58" width="381.5">
                        <control type="image" id="121212">
                            <left>2</left>
                            <top>3</top>
                            <width>85</width>
                            <height>50</height>
                            <texture fallback="fallback.png">$INFO[ListItem.Icon]</texture>
                            <aspectratio align="center" aligny="center">keep</aspectratio>
                        </control>
                        <control type="label">
                            <left>2</left>
                            <top>-2</top>
                            <width>85</width>
                            <height>60</height>
                            <font>font24_title</font>
                            <label>$INFO[ListItem.ChannelNumber]</label>
                            <align>center</align>
                            <aligny>center</aligny>
                            <visible>String.IsEqual(Control.GetLabel(121212),fallback.png)</visible>
                        </control>
                        <control type="label" id="1">
                            <left>90</left>
                            <top>-2</top>
                            <width>289.5</width>
                            <height>60</height>
                            <font>font12</font>
                            <label>$INFO[ListItem.ChannelName]</label>
                            <aligny>center</aligny>
                            <textoffsetx>10</textoffsetx>
                        </control>
                    </channellayout>
                    <focusedchannellayout height="58" width="381.5">
                        <control type="image" id="121213">
                            <left>2</left>
                            <top>3</top>
                            <width>85</width>
                            <height>50</height>
                            <texture fallback="fallback.png">$INFO[ListItem.Icon]</texture>
                            <aspectratio align="center" aligny="center">keep</aspectratio>
                        </control>
                        <control type="label">
                            <left>2</left>
                            <top>-2</top>
                            <width>85</width>
                            <height>60</height>
                            <font>font24_title</font>
                            <label>$INFO[ListItem.ChannelNumber]</label>
                            <textcolor>$VAR[SkinColorVar]</textcolor>
                            <align>center</align>
                            <aligny>center</aligny>
                            <visible>String.IsEqual(Control.GetLabel(121213),fallback.png)</visible>
                        </control>
                        <control type="label" id="1">
                            <left>90</left>
                            <top>-2</top>
                            <width>289.5</width>
                            <height>60</height>
                            <font>font12</font>
                            <label>$INFO[ListItem.ChannelName]</label>
                            <scroll>true</scroll>
                            <textcolor>$VAR[SkinColorVar]</textcolor>
                            <aligny>center</aligny>
                            <textoffsetx>10</textoffsetx>
                        </control>
                    </focusedchannellayout>
                    <itemlayout height="58" width="60">
                        <control type="image" id="2">
                            <width>58</width>
                            <height>58</height>
                            <texture border="3" fallback="special://skin/extras/epg-genres/0.png">$INFO[ListItem.Genre,special://skin/extras/epg-genres/,.png]</texture>
                        </control>
                        <control type="label" id="1">
                            <left>6</left>
                            <top>0</top>
                            <width>50</width>
                            <height>36</height>
                            <aligny>center</aligny>
                            <font>font10_title</font>
                            <label>$INFO[ListItem.Label]</label>
                        </control>
                        <control type="image">
                            <left>6</left>
                            <top>32</top>
                            <width>20</width>
                            <height>20</height>
                            <texture>$VAR[PVRTimerIcon]</texture>
                        </control>
                    </itemlayout>
                    <focusedlayout height="58" width="60">
                        <control type="image" id="2">
                            <top>2</top>
                            <left>2</left>
                            <width>54</width>
                            <height>54</height>
                            <texture colordiffuse="$VAR[SkinColorVar]">lists/focus.png</texture>
                            <visible>Control.HasFocus(10)</visible>
                        </control>
                        <control type="image" id="2">
                            <width>58</width>
                            <height>58</height>
                            <texture border="8" colordiffuse="$VAR[SkinColorVar]">buttons/thumbnail_focused.png</texture>
                        </control>
                        <control type="image" id="2">
                            <width>58</width>
                            <height>58</height>
                            <top>0</top>
                            <texture border="3" fallback="special://skin/extras/epg-genres/0.png">$INFO[ListItem.Genre,special://skin/extras/epg-genres/,.png]</texture>
                            <visible>!Control.HasFocus(10)</visible>
                        </control>
                        <control type="label" id="1">
                            <left>6</left>
                            <top>0</top>
                            <width>50</width>
                            <height>36</height>
                            <aligny>center</aligny>
                            <font>font10_title</font>
                            <label>$INFO[ListItem.Label]</label>
                        </control>
                        <control type="image">
                            <left>6</left>
                            <top>32</top>
                            <width>20</width>
                            <height>20</height>
                            <texture>$VAR[PVRTimerIcon]</texture>
                        </control>
                    </focusedlayout>
                </control>
                <control type="scrollbar" id="60">
					<right>56</right>
					<top>105</top>
					<width>12</width>
					<height>405</height>
					<onleft>10</onleft>
					<onright>10</onright>
					<orientation>vertical</orientation>
					<texturesliderbackground colordiffuse="22FFFFFF">colors/white.png</texturesliderbackground>
					<animation effect="fade" start="100" end="40" time="0" condition="!system.getbool(input.enablemouse)">Conditional</animation>
				</control>
                <control type="group">
                    <top>540</top>
                    <left>-75</left>
                    <control type="image" id="82">
                        <width>450</width>
                        <height>240</height>
                        <aspectratio align="center" aligny="top">keep</aspectratio>
                        <fadetime>400</fadetime>
                        <texture>$INFO[ListItem.PlotOutline]</texture>
                        <visible>String.StartsWith(ListItem.PlotOutline,http://) | String.StartsWith(ListItem.PlotOutline,https://)</visible>
                    </control>
                    <control type="image">
                        <top>-25</top>
                        <left>100</left>
                        <width>2510</width>
                        <height>250</height>
                        <texture border="22">dialogs/dialog-bg.png</texture>
                    </control>
                    <control type="image" id="45678">
                        <left>135</left>
                        <width>312</width>
                        <height>200</height>
                        <texture background="true">http://localhost:52307/getpvrthumb&amp;title=$INFO[ListItem.Title]&amp;channel=$INFO[ListItem.ChannelName]&amp;type=landscape,fanart,thumb,poster</texture>
                        <aspectratio align="center" aligny="center">keep</aspectratio>
                        <visible>!Player.HasVideo</visible>
                    </control>
                    <control type="videowindow">
                        <left>135</left>
                        <width>312</width>
                        <height>200</height>
                        <visible>Player.HasVideo</visible>
                    </control>
                    <control type="image">
                        <left>135</left>
                        <width>200</width>
                        <height>200</height>
                        <aspectratio>keep</aspectratio>
                        <fadetime>400</fadetime>
                        <texture align="center" aligny="center">$INFO[Container(10).ListItem.Icon]</texture>
                        <visible>String.IsEmpty(Control.GetLabel(45678))</visible>
                    </control>
                    <control type="group">
                        <left>460</left>
                        <top>5</top>
                        <control type="label">
                            <width>2115</width>
                            <height>30</height>
                            <textcolor>$VAR[SkinColorVar]</textcolor>
                            <font>font12</font>
                            <label>$INFO[ListItem.StartTime,, - ]$INFO[ListItem.EndTime]$INFO[ListItem.EpgEventTitle,  [COLOR grey],[/COLOR]]$INFO[ListItem.EpisodeName, [COLOR grey](,)[/COLOR]]$INFO[ListItem.Genre,      $LOCALIZE[515] : [COLOR grey],[/COLOR]]</label>
                        </control>
                        <control type="textbox">
                            <top>38</top>
                            <width>2115</width>
                            <height>152</height>
                            <font>font12</font>
                            <align>justify</align>
                            <label>$INFO[ListItem.Plot]</label>
                            <autoscroll delay="10000" time="3000" repeat="10000">Skin.HasSetting(AutoScroll)</autoscroll>
                        </control>
                    </control>
                </control>
            </control>
            <control type="group">
                <include>MediaMenuCommon</include>
                <include content="PVRSideBar">
                    <param name="group_label2" value="$INFO[Control.GetLabel(30)]" />
                </include>
            </control>
            <include content="TopBar">
                <param name="breadcrumbs_label" value="$VAR[BreadcrumbsPVRGuideVar]" />
                <param name="breadcrumbs_icon" value="icons/settings/tvguide.png" />
            </include>
            <include content="BottomBar">
                <param name="PageLabel" value="$INFO[Container.NumItems,$LOCALIZE[19019] : ]" />
                <param name="info_visible" value="true" />
            </include>
        </control>
        <control type="label" id="29">
            <font></font>
            <include>HiddenObject</include>
        </control>
        <control type="label" id="30">
            <font></font>
            <include>HiddenObject</include>
        </control>
    </include>
    <include name="ChannelManagerList">
        <control type="grouplist">
            <orientation>horizontal</orientation>
            <left>0</left>
            <top>0</top>
            <align>center</align>
            <width>510</width>
            <control type="label" id="$PARAM[header_id]">
                <width>auto</width>
                <height>70</height>
                <align>center</align>
                <aligny>center</aligny>
                <font>font12</font>
                <textcolor>$VAR[SkinColorVar]</textcolor>
                <label>$PARAM[label]</label>
            </control>
            <control type="label">
                <width>auto</width>
                <height>70</height>
                <align>center</align>
                <aligny>center</aligny>
                <font>font12</font>
                <textcolor>$VAR[SkinColorVar]</textcolor>
                <label> : [COLOR white]$INFO[Container($PARAM[list_id]).Numitems][/COLOR]</label>
            </control>
        </control>
        <control type="image">
            <left>0</left>
            <top>55</top>
            <width>510</width>
            <height>740</height>
            <texture border="40">buttons/dialogbutton-nofo.png</texture>
        </control>
        <control type="list" id="$PARAM[list_id]">
            <left>20</left>
            <top>75</top>
            <width>470</width>
            <height>700</height>
            <onup>$PARAM[list_id]</onup>
            <ondown>$PARAM[list_id]</ondown>
            <onleft>$PARAM[onleft]</onleft>
            <onright>$PARAM[scrollbar_id]</onright>
            <pagecontrol>$PARAM[scrollbar_id]</pagecontrol>
            <scrolltime>200</scrolltime>
            <itemlayout height="70">
                <control type="image">
                    <left>0</left>
                    <top>0</top>
                    <width>470</width>
                    <height>70</height>
                    <texture border="40">lists/separator.png</texture>
                </control>
                <control type="image">
                    <width>60</width>
                    <height>60</height>
                    <left>405</left>
                    <top>4</top>
                    <texture border="2">$INFO[ListItem.ActualIcon]</texture>
                    <bordertexture colordiffuse="border_alpha">colors/black.png</bordertexture>
                    <bordersize>2</bordersize>
                    <aspectratio>keep</aspectratio>
                </control>
                <control type="label">
                    <left>20</left>
                    <top>0</top>
                    <width>390</width>
                    <height>70</height>
                    <aligny>center</aligny>
                    <font>fontContextMenu</font>
                    <textcolor>grey</textcolor>
                    <label>$INFO[ListItem.ChannelNumberLabel,[B],[/B] - ]$INFO[ListItem.ChannelName]</label>
                </control>
            </itemlayout>
            <focusedlayout height="70">
                <control type="image">
                    <left>0</left>
                    <top>0</top>
                    <width>470</width>
                    <height>70</height>
                    <texture border="40">lists/separator.png</texture>
                    <visible>!Control.HasFocus($PARAM[list_id])</visible>
                </control>
                <control type="image">
                    <left>0</left>
                    <top>0</top>
                    <width>470</width>
                    <height>70</height>
                    <texture colordiffuse="$VAR[SkinColorVar]">lists/focus.png</texture>
                    <visible>Control.HasFocus($PARAM[list_id])</visible>
                </control>
                <control type="image">
                    <width>60</width>
                    <height>60</height>
                    <left>405</left>
                    <top>4</top>
                    <texture border="2">$INFO[ListItem.ActualIcon]</texture>
                    <bordertexture colordiffuse="border_alpha">colors/black.png</bordertexture>
                    <bordersize>2</bordersize>
                    <aspectratio>keep</aspectratio>
                </control>
                <control type="label">
                    <left>20</left>
                    <top>0</top>
                    <width>390</width>
                    <height>70</height>
                    <font>fontContextMenu</font>
                    <aligny>center</aligny>
                    <label>$INFO[ListItem.ChannelNumberLabel,[B],[/B] - ]$INFO[ListItem.ChannelName]</label>
                </control>
            </focusedlayout>
        </control>
        <control type="scrollbar" id="$PARAM[scrollbar_id]">
            <left>495</left>
            <top>75</top>
            <width>12</width>
            <height>700</height>
            <onleft>$PARAM[list_id]</onleft>
            <onright>$PARAM[onright]</onright>
            <ondown>$PARAM[scrollbar_id]</ondown>
            <onup>$PARAM[scrollbar_id]</onup>
            <orientation>vertical</orientation>
        </control>
    </include>
    <include name="PVRInfoPanel">
        <control type="image">
            <left>-40</left>
            <top>-15</top>
            <width>644</width>
            <height>170</height>
            <texture border="22">dialogs/dialog-bg.png</texture>
        </control>
        <control type="image">
            <left>-40</left>
            <top>130</top>
            <width>644</width>
            <height>595</height>
            <texture border="22">dialogs/dialog-bg.png</texture>
        </control>
        <control type="group">
            <left>130</left>
            <top>45</top>
            <control type="progress">
                <top>60</top>
                <width>430</width>
                <height>12</height>
                <colordiffuse>88FFFFFF</colordiffuse>
                <visible>ListItem.HasEpg</visible>
                <info>ListItem.Progress</info>
            </control>
            <control type="label">
                <top>24</top>
                <width>560</width>
                <height>262</height>
                <font>font12</font>
                <visible>!String.IsEqual(ListItem.StartTime,ListItem.EndTime)</visible>
                <label>$INFO[ListItem.StartTime]</label>
            </control>
            <control type="label">
                <top>24</top>
                <width>430</width>
                <height>262</height>
                <align>right</align>
                <font>font12</font>
                <visible>!String.IsEqual(ListItem.StartTime,ListItem.EndTime)</visible>
                <label>$INFO[ListItem.EndTime]</label>
            </control>
            <control type="label">
                <top>-30</top>
                <width>430</width>
                <height>262</height>
                <textcolor>$VAR[SkinColorVar]</textcolor>
                <font>font24_title</font>
                <scroll>true</scroll>
                <label>$INFO[ListItem.ChannelName]</label>
            </control>
        </control>
        <control type="image">
            <left>-20</left>
            <top>20</top>
            <width>150</width>
            <height>100</height>
            <aspectratio align="center" aligny="center">keep</aspectratio>
            <texture fallback="DefaultTVShows.png">$INFO[ListItem.Icon]</texture>
            <fadetime>200</fadetime>
        </control>
        <control type="label">
            <top>154</top>
            <width>560</width>
            <height>262</height>
            <textcolor>$VAR[SkinColorVar]</textcolor>
            <font>font24_title</font>
            <scroll>true</scroll>
            <label>$INFO[ListItem.EpgEventTitle]</label>
        </control>
        <control type="label">
            <top>210</top>
            <width>560</width>
            <height>262</height>
            <font>font12</font>
            <label>$INFO[ListItem.EpisodeName]</label>
        </control>
        <control type="label">
            <top>254</top>
            <width>560</width>
            <height>262</height>
            <font>font12</font>
            <label>$INFO[ListItem.Genre,$LOCALIZE[515] : [COLOR white],[/COLOR]]</label>
            <textcolor>$VAR[SkinColorVar]</textcolor>
        </control>
        <control type="label">
            <top>660</top>
            <width>500</width>
            <height>262</height>
            <font>font12</font>
            <label>$PARAM[bottom_label1]</label>
            <textcolor>$VAR[SkinColorVar]</textcolor>
        </control>
        <control type="label">
            <top>660</top>
            <width>560</width>
            <height>262</height>
            <align>right</align>
            <font>font12</font>
            <label>$PARAM[bottom_label2]</label>
        </control>
        <control type="textbox">
            <top>298</top>
            <width>560</width>
            <height>330</height>
            <align>left</align>
            <font>font12</font>
            <label>$INFO[ListItem.Plot]</label>
        </control>
        <control type="textbox">
            <top>330</top>
            <width>560</width>
            <height>362</height>
            <align>center</align>
            <font>font24_title</font>
            <label>$LOCALIZE[19055]</label>
            <visible>String.IsEmpty(Listitem.Plot) + String.IsEmpty(Listitem.Genre)</visible>
        </control>
    </include>
</includes>