<?xml version="1.0" encoding="UTF-8"?>
<window>
	<defaultcontrol always="true">3</defaultcontrol>
	<include>Animation_DialogPopupOpenClose</include>
	<depth>DepthOSD</depth>
	<controls>
		<control type="group">
			<centertop>50%</centertop>
			<centerleft>50%</centerleft>
			<height>750</height>
			<width>1220</width>
			<include content="DialogBackgroundCommons">
				<param name="width" value="1220" />
				<param name="height" value="750" />
				<param name="header_label" value="" />
				<param name="header_id" value="1" />
			</include>
			<control type="image">
				<left>0</left>
				<top>80</top>
				<width>920</width>
				<bottom>2</bottom>
				<texture border="40">buttons/dialogbutton-nofo.png</texture>
			</control>
			<control type="image">
				<left>940</left>
				<top>310</top>
				<width>260</width>
				<height>380</height>
				<aspectratio aligny="bottom">keep</aspectratio>
				<bordertexture colordiffuse="border_alpha">colors/black.png</bordertexture>
				<bordersize>4</bordersize>
				<texture border="4" background="true">$INFO[Container(6).ListItem.Icon]</texture>
			</control>
			<control type="list" id="3">
				<left>20</left>
				<top>100</top>
				<width>880</width>
				<bottom>20</bottom>
				<onup>3</onup>
				<ondown>3</ondown>
				<onleft>9001</onleft>
				<onright>61</onright>
				<pagecontrol>61</pagecontrol>
				<scrolltime>200</scrolltime>
				<include content="DefaultSimpleListLayout">
					<param name="width" value="880" />
					<param name="list_id" value="3" />
				</include>
			</control>
			<control type="list" id="6">
				<left>20</left>
				<top>100</top>
				<width>880</width>
				<bottom>20</bottom>
				<onup>6</onup>
				<ondown>6</ondown>
				<onleft>9001</onleft>
				<onright>61</onright>
				<pagecontrol>61</pagecontrol>
				<scrolltime>200</scrolltime>
				<itemlayout height="125" width="880">
					<control type="image">
						<left>12</left>
						<top>7.5</top>
						<width>110</width>
						<height>110</height>
						<texture>$INFO[Listitem.Icon]</texture>
						<aspectratio>keep</aspectratio>
					</control>
					<control type="label">
						<left>135</left>
						<top>0</top>
						<width>730</width>
						<height>125</height>
						<aligny>center</aligny>
						<label>$INFO[ListItem.Label]</label>
						<font>font14</font>
						<visible>String.IsEmpty(ListItem.Label2)</visible>
					</control>
					<control type="label">
						<left>135</left>
						<top>10</top>
						<right>20</right>
						<height>62.5</height>
						<font>font14</font>
						<aligny>center</aligny>
						<label>$INFO[ListItem.Label]</label>
						<visible>!String.IsEmpty(ListItem.Label2)</visible>
					</control>
					<control type="textbox">
						<left>135</left>
						<top>52.5</top>
						<right>20</right>
						<height>62.5</height>
						<font>font12</font>
						<aligny>center</aligny>
						<textcolor>grey</textcolor>
						<label>$INFO[ListItem.Label2]</label>
					</control>
				</itemlayout>
				<focusedlayout height="125" width="880">
					<control type="image">
						<left>0</left>
						<top>0</top>
						<right>0</right>
						<bottom>0</bottom>
						<texture colordiffuse="$VAR[SkinColorVar]">lists/focus.png</texture>
						<visible>Control.HasFocus(6)</visible>
					</control>
					<control type="image">
						<left>12</left>
						<top>7.5</top>
						<width>110</width>
						<height>110</height>
						<texture>$INFO[Listitem.Icon]</texture>
						<aspectratio>keep</aspectratio>
					</control>
					<control type="label">
						<left>135</left>
						<top>0</top>
						<width>730</width>
						<height>125</height>
						<aligny>center</aligny>
						<label>$INFO[ListItem.Label]</label>
						<font>font14</font>
						<visible>String.IsEmpty(ListItem.Label2)</visible>
					</control>
					<control type="label">
						<left>135</left>
						<top>10</top>
						<right>20</right>
						<height>62.5</height>
						<font>font14</font>
						<aligny>center</aligny>
						<label>$INFO[ListItem.Label]</label>
						<visible>!String.IsEmpty(ListItem.Label2)</visible>
					</control>
					<control type="textbox">
						<left>135</left>
						<top>52.5</top>
						<right>20</right>
						<height>62.5</height>
						<font>font12</font>
						<aligny>center</aligny>
						<label>$INFO[ListItem.Label2]</label>
					</control>
				</focusedlayout>
			</control>
			<control type="scrollbar" id="61">
				<left>910</left>
				<top>100</top>
				<width>12</width>
				<bottom>20</bottom>
				<onleft condition="Control.IsVisible(3)">3</onleft>
				<onleft condition="Control.IsVisible(6)">6</onleft>
				<onright>9001</onright>
				<orientation>vertical</orientation>
			</control>
			<control type="label">
				<left>925</left>
				<bottom>10</bottom>
				<width>275</width>
				<height>35</height>
				<font>font12</font>
				<align>right</align>
				<textcolor>grey</textcolor>
				<label>$VAR[SelectLabel]</label>
			</control>
			<control type="grouplist" id="9001">
				<left>920</left>
				<top>80</top>
				<onleft>61</onleft>
				<itemgap>dialogbuttons_itemgap</itemgap>
				<onright>3</onright>
				<include content="DefaultDialogButton">
					<param name="id" value="5" />
					<param name="label" value="" />
				</include>
				<include content="DefaultDialogButton">
					<param name="id" value="7" />
					<param name="label" value="$LOCALIZE[222]" />
				</include>
			</control>
		</control>
	</controls>
</window>
