<?xml version="1.0" encoding="UTF-8"?>
<window>
    <defaultcontrol>8</defaultcontrol>
    <controls>
        <include>DefaultBackground</include>
        <control type="mover" id="8">
            <description>top left mover</description>
            <left>0</left>
            <top>0</top>
            <width>128</width>
            <height>128</height>
            <texturefocus colordiffuse="$VAR[SkinColorVar]">calibrate/cal_tl.png</texturefocus>
            <texturenofocus>calibrate/cal_tl.png</texturenofocus>
        </control>
        <control type="mover" id="9">
            <description>right bottom mover</description>
            <left>700</left>
            <top>500</top>
            <width>128</width>
            <height>128</height>
            <texturefocus colordiffuse="$VAR[SkinColorVar]">calibrate/cal_br.png</texturefocus>
            <texturenofocus>calibrate/cal_br.png</texturenofocus>
        </control>
        <control type="mover" id="10">
            <description>subtitle position mover</description>
            <left>200</left>
            <top>500</top>
            <width>384</width>
            <height>128</height>
            <texturefocus colordiffuse="$VAR[SkinColorVar]">calibrate/cal_sub.png</texturefocus>
            <texturenofocus>calibrate/cal_sub.png</texturenofocus>
        </control>
        <control type="resize" id="11">
            <description>pixel aspect ratio</description>
            <left>0</left>
            <top>390</top>
            <width>500</width>
            <height>500</height>
            <texturefocus colordiffuse="$VAR[SkinColorVar]">calibrate/cal_ratio.png</texturefocus>
            <texturenofocus>calibrate/cal_ratio.png</texturenofocus>
        </control>
        <control type="label" id="2">
            <description>coordinates label</description>
            <left>0</left>
            <top>150</top>
            <width>100%</width>
            <align>center</align>
            <label/>
            <font>font16</font>
            <shadowcolor>FF000000</shadowcolor>
        </control>
        <control type="label" id="3">
            <description>help information</description>
            <left>0</left>
            <top>210</top>
            <width>100%</width>
            <align>center</align>
            <label/>
            <font>font16</font>
            <shadowcolor>FF000000</shadowcolor>
        </control>
    </controls>
</window>