<?xml version="1.0" encoding="UTF-8"?>
<window>
    <defaultcontrol always="true">10</defaultcontrol>
    <backgroundcolor>background</backgroundcolor>
    <views>10</views>
    <menucontrol>9000</menucontrol>
    <controls>
        <include>DefaultBackground</include>
            <include condition="!Skin.HasSetting(enable_horizontalguide)">VerticalGuide</include>
        	<include condition="Skin.HasSetting(enable_horizontalguide)">HorizontalGuide</include>
        	<include>PVRChannelNumberInput</include>
    </controls>
</window>