<?xml version="1.0" encoding="UTF-8"?>
<window>
	<onload condition="System.HasAddon(script.tv.show.next.aired)">RunScript(script.tv.show.next.aired,backend=True)</onload>
	<defaultcontrol always="true">50</defaultcontrol>
	<backgroundcolor>background</backgroundcolor>
	<views>50,51,52,53,54,505,55,500,504,501,502,503,506</views>
	<menucontrol>9000</menucontrol>
	<controls>
		<include>DefaultBackground</include>
		<control type="group">
			<animation effect="fade" start="100" end="0" time="200" tween="sine" condition="$EXP[infodialog_active]">Conditional</animation>
			<include>View_50_List</include>
			<include>View_51_Poster</include>
			<include>View_52_IconWall</include>
			<include>View_53_Shift</include>
			<include>View_54_InfoWall</include>
			<include>View_55_WideList</include>
			<include>View_500_Wall</include>
			<include>View_501_Banner</include>
			<include>View_502_FanArt</include>
			<include condition="!String.IsEqual(Skin.AspectRatio,21:9)">View_503_Gallery</include>
			<include condition="String.IsEqual(Skin.AspectRatio,21:9)">View_503_Gallery_21x9</include>
			<include>View_504_ThumbsWall</include>
			<include>View_505_ThumbsInfoWall</include>
			<include>View_506_Mosaic</include>
			<control type="group">
				<depth>DepthContentPanel</depth>
				<include>OpenClose_Left</include>
				<visible>Control.IsVisible(55)</visible>
				<include>Visible_Left</include>
				<include>ListThumbInfoPanel</include>
			</control>
			<control type="group">
				<depth>DepthContentPanel</depth>
				<include>OpenClose_Left</include>
				<visible>Control.IsVisible(50) | Control.Isvisible(54) | Control.Isvisible(505) | [Control.IsVisible(501) + String.IsEqual(Skin.AspectRatio,21:9)]</visible>
				<include>Visible_Left</include>
				<top>40</top>
				<include content="ContentPanel">
					<param name="width" value="656" />
				</include>
				<control type="group">
					<width>550</width>
					<control type="textbox">
						<top>120</top>
						<left>30</left>
						<width>537</width>
						<aligny>center</aligny>
						<align>center</align>
						<height>110</height>
						<font>font36_title</font>
						<label>$INFO[ListItem.Label]</label>
					</control>
					<control type="textbox">
						<left>30</left>
						<top>240</top>
						<width>537</width>
						<bottom>100</bottom>
						<align>justify</align>
						<visible>!ListItem.IsCollection</visible>
						<label>$VAR[PlotSpoilerVar][CR][CR]</label>
						<textcolor>$VAR[SkinColorVar]</textcolor>
						<autoscroll delay="10000" time="5000" repeat="10000">Skin.HasSetting(autoscroll)</autoscroll>
					</control>
					<control type="textbox">
						<left>30</left>
						<top>360</top>
						<width>535</width>
						<height>413</height>
						<align>center</align>
						<aligny>center</aligny>
						<font>font27</font>
						<textcolor>80FFFFFF</textcolor>
						<label>$LOCALIZE[19055]</label>
						<visible>String.IsEmpty(Listitem.Plot) + String.IsEmpty(Listitem.Tagline) + !ListItem.IsCollection + !ListItem.IsParentFolder</visible>
					</control>
					<control type="group">
						<left>20</left>
						<top>240</top>
						<visible>ListItem.IsCollection</visible>
						<control type="textbox">
							<left>10</left>
							<top>0</top>
							<width>537</width>
							<bottom>300</bottom>
							<align>justify</align>
							<label>[I]$INFO[Window(Home).Property(SkinHelper.ListItem.Count),, $LOCALIZE[36901]][/I][CR][COLOR white]$INFO[Window(Home).Property(SkinHelper.ListItem.Plot)][/COLOR]</label>
							<autoscroll delay="10000" time="3000" repeat="10000">Skin.HasSetting(autoscroll)</autoscroll>
							<textcolor>$VAR[SkinColorVar]</textcolor>
						</control>
						<control type="textbox">
							<left>10</left>
							<top>0</top>
							<width>537</width>
							<bottom>300</bottom>
							<align>center</align>
							<aligny>center</aligny>
							<font>font27</font>
							<textcolor>80FFFFFF</textcolor>
							<label>$LOCALIZE[19055]</label>
							<visible>String.IsEmpty(Window(Home).Property(SkinHelper.ListItem.Plot))</visible>
						</control>
						<control type="list" id="50054">
							<left>20</left>
							<bottom>110</bottom>
							<width>516</width>
							<height>170</height>
							<orientation>horizontal</orientation>
							<autoscroll time="1500">true</autoscroll>
							<itemgap>5</itemgap>
							<animation effect="slide" end="193.5,0" time="0" condition="Integer.IsEqual(Container(50054).NumItems,1)">conditional</animation>
							<animation effect="slide" end="129,0" time="0" condition="Integer.IsEqual(Container(50054).NumItems,2)">conditional</animation>
							<animation effect="slide" end="64.5,0" time="0" condition="Integer.IsEqual(Container(50054).NumItems,3)">conditional</animation>
							<focusedlayout height="170" width="129">
								<control type="image">
									<left>5</left>
									<top>0</top>
									<right>5</right>
									<bottom>0</bottom>
									<aspectratio>stretch</aspectratio>
									<texture background="true" fallback="DefaultVideoCover.png">$INFO[ListItem.Thumb]</texture>
									<bordertexture>colors/white.png</bordertexture>
									<bordersize>1</bordersize>
								</control>
							</focusedlayout>
							<itemlayout height="170" width="129">
								<control type="image">
									<left>5</left>
									<top>0</top>
									<right>5</right>
									<bottom>0</bottom>
									<aspectratio>stretch</aspectratio>
									<texture background="true" fallback="DefaultVideoCover.png">$INFO[ListItem.Thumb]</texture>
									<bordertexture>colors/white.png</bordertexture>
									<bordersize>1</bordersize>
								</control>
							</itemlayout>
							<content sortby="year" sortorder="ascending">$VAR[InfoListPathVar]</content>
						</control>
					</control>
				</control>
			</control>
			<include content="TopBar">
				<param name="breadcrumbs_label" value="$VAR[BreadcrumbsVideoVar]" />
			</include>
			<include content="BottomBar">
				<param name="info_visible" value="true" />
			</include>
			<control type="group">
				<visible>[Control.IsVisible(500) | Control.IsVisible(504) | Control.IsVisible(506)] + ListItem.IsCollection</visible>
				<control type="list" id="50500">
					<right>16</right>
					<bottom>20</bottom>
					<width>780</width>
					<height>90</height>
					<orientation>horizontal</orientation>
					<autoscroll time="1500">true</autoscroll>
					<itemgap>5</itemgap>
					<animation effect="slide" end="702,0" time="0" condition="Integer.IsEqual(Container(50500).NumItems,1)">conditional</animation>
					<animation effect="slide" end="624,0" time="0" condition="Integer.IsEqual(Container(50500).NumItems,2)">conditional</animation>
					<animation effect="slide" end="546,0" time="0" condition="Integer.IsEqual(Container(50500).NumItems,3)">conditional</animation>
					<animation effect="slide" end="468,0" time="0" condition="Integer.IsEqual(Container(50500).NumItems,4)">conditional</animation>
					<animation effect="slide" end="390,0" time="0" condition="Integer.IsEqual(Container(50500).NumItems,5)">conditional</animation>
					<animation effect="slide" end="312,0" time="0" condition="Integer.IsEqual(Container(50500).NumItems,6)">conditional</animation>
					<animation effect="slide" end="234,0" time="0" condition="Integer.IsEqual(Container(50500).NumItems,7)">conditional</animation>
					<animation effect="slide" end="156,0" time="0" condition="Integer.IsEqual(Container(50500).NumItems,8)">conditional</animation>
					<animation effect="slide" end="78,0" time="0" condition="Integer.IsEqual(Container(50500).NumItems,9)">conditional</animation>
					<focusedlayout height="90" width="78">
						<control type="image">
							<left>5</left>
							<top>0</top>
							<right>5</right>
							<bottom>0</bottom>
							<aspectratio>stretch</aspectratio>
							<texture background="true" fallback="DefaultVideoCover.png">$INFO[ListItem.Thumb]</texture>
							<bordertexture>colors/white.png</bordertexture>
							<bordersize>1</bordersize>
						</control>
					</focusedlayout>
					<itemlayout height="90" width="78">
						<control type="image">
							<left>5</left>
							<top>0</top>
							<right>5</right>
							<bottom>0</bottom>
							<aspectratio>stretch</aspectratio>
							<texture background="true" fallback="DefaultVideoCover.png">$INFO[ListItem.Thumb]</texture>
							<bordertexture>colors/white.png</bordertexture>
							<bordersize>1</bordersize>
						</control>
					</itemlayout>
					<content sortby="year" sortorder="ascending">$VAR[InfoListPathVar]</content>
				</control>
			</control>
			<control type="group">
				<visible>Control.IsVisible(503) + ListItem.IsCollection</visible>
				<control type="list" id="500503">
					<right>16</right>
					<bottom>20</bottom>
					<width>1161</width>
					<height>170</height>
					<orientation>horizontal</orientation>
					<autoscroll time="1500">true</autoscroll>
					<itemgap>5</itemgap>
					<animation effect="slide" end="1032,0" time="0" condition="Integer.IsEqual(Container(500503).NumItems,1)">conditional</animation>
					<animation effect="slide" end="903,0" time="0" condition="Integer.IsEqual(Container(500503).NumItems,2)">conditional</animation>
					<animation effect="slide" end="774,0" time="0" condition="Integer.IsEqual(Container(500503).NumItems,3)">conditional</animation>
					<animation effect="slide" end="645,0" time="0" condition="Integer.IsEqual(Container(500503).NumItems,4)">conditional</animation>
					<animation effect="slide" end="516,0" time="0" condition="Integer.IsEqual(Container(500503).NumItems,5)">conditional</animation>
					<animation effect="slide" end="387,0" time="0" condition="Integer.IsEqual(Container(500503).NumItems,6)">conditional</animation>
					<animation effect="slide" end="258,0" time="0" condition="Integer.IsEqual(Container(500503).NumItems,7)">conditional</animation>
					<animation effect="slide" end="129,0" time="0" condition="Integer.IsEqual(Container(500503).NumItems,8)">conditional</animation>
					<focusedlayout height="170" width="129">
						<control type="image">
							<left>5</left>
							<top>0</top>
							<right>5</right>
							<bottom>0</bottom>
							<aspectratio>stretch</aspectratio>
							<texture background="true" fallback="DefaultVideoCover.png">$INFO[ListItem.Thumb]</texture>
							<bordertexture>colors/white.png</bordertexture>
							<bordersize>1</bordersize>
						</control>
					</focusedlayout>
					<itemlayout height="170" width="129">
						<control type="image">
							<left>5</left>
							<top>0</top>
							<right>5</right>
							<bottom>0</bottom>
							<aspectratio>stretch</aspectratio>
							<texture background="true" fallback="DefaultVideoCover.png">$INFO[ListItem.Thumb]</texture>
							<bordertexture>colors/white.png</bordertexture>
							<bordersize>1</bordersize>
						</control>
					</itemlayout>
					<content sortby="year" sortorder="ascending">$VAR[InfoListPathVar]</content>
				</control>
			</control>
			<control type="group">
				<left>0</left>
				<top>0</top>
				<height>100%</height>
				<visible>Control.IsVisible(51) + ListItem.IsCollection</visible>
				<control type="textbox">
					<left>645</left>
					<top>673</top>
					<height>205</height>
					<right>50</right>
					<align>justify</align>
					<autoscroll time="8000" delay="5000" repeat="5000">!System.HasActiveModalDialog + Skin.HasSetting(AutoScroll)</autoscroll>
					<label>[I]$INFO[Window(Home).Property(SkinHelper.ListItem.Count),, $LOCALIZE[36901]][/I][CR][COLOR white]$INFO[Window(Home).Property(SkinHelper.ListItem.Plot)][/COLOR]</label>
					<shadowcolor>text_shadow</shadowcolor>
					<textcolor>$VAR[SkinColorVar]</textcolor>
				</control>
				<control type="textbox">
					<left>645</left>
					<top>673</top>
					<height>205</height>
					<right>50</right>
					<label>$LOCALIZE[19055]</label>
					<textcolor>80FFFFFF</textcolor>
					<visible>String.IsEmpty(Window(Home).Property(SkinHelper.ListItem.Plot))</visible>
				</control>
				<control type="list" id="50051">
					<left>643</left>
					<bottom>20</bottom>
					<width>1161</width>
					<height>170</height>
					<orientation>horizontal</orientation>
					<autoscroll time="1500">true</autoscroll>
					<itemgap>5</itemgap>
					<focusedlayout height="170" width="129">
						<control type="image">
							<left>5</left>
							<top>0</top>
							<right>5</right>
							<bottom>0</bottom>
							<aspectratio>stretch</aspectratio>
							<texture background="true" fallback="DefaultVideoCover.png">$INFO[ListItem.Thumb]</texture>
							<bordertexture>colors/white.png</bordertexture>
							<bordersize>1</bordersize>
						</control>
					</focusedlayout>
					<itemlayout height="170" width="129">
						<control type="image">
							<left>5</left>
							<top>0</top>
							<right>5</right>
							<bottom>0</bottom>
							<aspectratio>stretch</aspectratio>
							<texture background="true" fallback="DefaultVideoCover.png">$INFO[ListItem.Thumb]</texture>
							<bordertexture>colors/white.png</bordertexture>
							<bordersize>1</bordersize>
						</control>
					</itemlayout>
					<content sortby="year" sortorder="ascending">$VAR[InfoListPathVar]</content>
				</control>
			</control>
			<control type="image">
				<top>15</top>
				<width>310</width>
				<height>120</height>
				<centerleft>50%</centerleft>
				<aspectratio align="center" aligny="center">keep</aspectratio>
				<texture>$VAR[LibraryClearLogoVar]</texture>
				<visible>Control.IsVisible(51) | Control.IsVisible(503)</visible>
				<visible>!Skin.HasSetting(enable_LibraryClearLogo)</visible>
				<visible>!Container.Scrolling + !Window.IsVisible(DialogVolumeBar.xml)</visible>
			</control>
			<control type="image">
				<top>15</top>
				<width>274</width>
				<height>105</height>
				<centerleft>50%</centerleft>
				<aspectratio align="center" aligny="center">keep</aspectratio>
				<texture>$VAR[LibraryClearLogoVar]</texture>
				<visible>Control.IsVisible(53) + !Window.IsVisible(MyVideoNav.xml)</visible>
				<visible>!Skin.HasSetting(enable_LibraryClearLogo)</visible>
				<visible>!Container.Scrolling + !Window.IsVisible(DialogVolumeBar.xml)</visible>
			</control>
			<control type="image">
				<top>10</top>
				<width>326</width>
				<height>125</height>
				<centerleft>50%</centerleft>
				<aspectratio align="center" aligny="center">keep</aspectratio>
				<texture>$VAR[ViewClearArtVar]</texture>
				<visible>Control.IsVisible(53) + Window.IsVisible(MyVideoNav.xml)</visible>
				<visible>!Skin.HasSetting(enable_LibraryClearLogo)</visible>
				<visible>!Container.Scrolling + !Window.IsVisible(DialogVolumeBar.xml)</visible>
				<animation effect="slide" end=",-5" time="0" condition="ListItem.IsCollection">Conditional</animation>
			</control>
			<control type="image">
				<top>5</top>
				<width>222</width>
				<height>85</height>
				<centerleft>50%</centerleft>
				<aspectratio align="center" aligny="center">keep</aspectratio>
				<texture>$VAR[LibraryClearLogoVar]</texture>
				<visible>Control.IsVisible(506)</visible>
		  		<visible>!Skin.HasSetting(enable_LibraryClearLogo)</visible>
		  		<visible>!Container.Scrolling + !Window.IsVisible(DialogVolumeBar.xml)</visible>
			</control>
			<control type="group">
				<include>OpenClose_Left</include>
				<visible>!Skin.HasSetting(enable_LibraryClearLogo)</visible>
				<control type="image">
					<top>15</top>
					<width>362</width>
					<height>140</height>
					<left>117</left>
					<aspectratio align="center" aligny="center">keep</aspectratio>
					<texture>$VAR[LibraryClearLogoVar]</texture>
					<visible>Control.IsVisible(54) | Control.IsVisible(505) | Control.IsVisible(50)</visible>
				</control>
				<control type="image">
					<top>15</top>
					<width>284</width>
					<height>110</height>
					<left>155</left>
					<aspectratio align="center" aligny="center">keep</aspectratio>
					<texture>$VAR[LibraryClearLogoVar]</texture>
					<visible>Control.IsVisible(55)</visible>
				</control>
			</control>
			<control type="group">
				<visible>!Skin.HasSetting(enable_LibraryClearLogo)</visible>
				<visible>!Container.Scrolling + !Window.IsVisible(DialogVolumeBar.xml)</visible>
				<visible>Control.IsVisible(500) | Control.IsVisible(504) | Control.IsVisible(501)</visible>
				<control type="image">
					<top>0</top>
					<width>284</width>
					<height>115</height>
					<centerleft>50%</centerleft>
					<texture colordiffuse="4DFFFFFF">dialogs/clearlogo-back.png</texture>
					<visible>![String.IsEmpty(ListItem.Art(tvshow.clearlogo)) + String.IsEmpty(ListItem.Art(clearlogo)) + String.IsEmpty(Window(Home).Property(SkinHelper.ListItem.Art.Clearlogo))]</visible>
				</control>
				<control type="image">
					<top>5</top>
					<width>274</width>
					<height>105</height>
					<centerleft>50%</centerleft>
					<aspectratio align="center" aligny="center">keep</aspectratio>
					<texture>$VAR[LibraryClearLogoVar]</texture>
				</control>
			</control>
			<control type="image">
				<top>15</top>
				<width>220</width>
				<height>85</height>
				<right>484</right>
				<aspectratio align="center" aligny="center">keep</aspectratio>
				<texture>$VAR[LibraryClearLogoVar]</texture>
				<visible>Control.IsVisible(502)</visible>
				<visible>!Skin.HasSetting(enable_LibraryClearLogo)</visible>
			</control>
			<control type="group">
				<depth>DepthBars</depth>
				<bottom>0</bottom>
				<height>70</height>
				<animation effect="fade" start="0" end="100" time="300" delay="300">WindowOpen</animation>
				<animation effect="fade" start="100" end="0" time="200">WindowClose</animation>
				<include condition="!Skin.HasSetting(hide_mediaflags)">MediaFlags</include>
			</control>
			<include>CommonScrollbars</include>
			<include>MediaMenuMouseOverlay</include>
			<control type="group">
				<include>MediaMenuCommon</include>
				<control type="grouplist" id="9000">
					<top>80</top>
					<include>MediaMenuListCommon</include>
					<control type="button" id="10">
						<description>Watched Toggle</description>
						<include>MediaMenuItemsCommon</include>
						<label>$LOCALIZE[20367]</label>
						<label2>[B]$INFO[Container.NumItems][/B]</label2>
						<visible>Container.Content(movies) | Container.Content(sets) | Container.Content(tvshows) | Container.content(seasons) | Container.Content(episodes)</visible>
					</control>
					<control type="radiobutton" id="626">
						<include>MediaMenuItemsCommonRadio</include>
						<label>ExtraFanarts</label>
						<selected>Skin.HasSetting(SkinHelper.EnableExtraFanart)</selected>
						<onclick>Skin.ToggleSetting(SkinHelper.EnableExtraFanart)</onclick>
						<visible>!String.StartsWith(Container.FolderPath,plugin://)</visible>
						<visible>Container.Content(movies) | Container.Content(sets) | Container.Content(tvshows) | Container.content(seasons) | Container.Content(episodes)</visible>
					</control>
					<control type="label" id="203">
						<include>MediaMenuLabelCommon</include>
						<label>$LOCALIZE[31020]</label>
					</control>
					<control type="radiobutton" id="16">
						<description>PartyMode</description>
						<label>$LOCALIZE[589]</label>
						<include>MediaMenuItemsCommonRadio</include>
						<visible>Container.Content(MusicVideos)</visible>
					</control>
					<control type="radiobutton" id="11">
						<description>Unlock Shares</description>
						<include>MediaMenuItemsCommonRadio</include>
						<label>$LOCALIZE[20336]</label>
						<onclick>mastermode</onclick>
						<selected>system.ismaster</selected>
						<visible>system.haslocks</visible>
					</control>
					<control type="togglebutton" id="619">
						<description>Update library</description>
						<include>MediaMenuItemsCommon</include>
						<label>$LOCALIZE[653]</label>
						<onclick>UpdateLibrary(video)</onclick>
						<visible>!Container.Content(addons)+ String.IsEmpty(Container.PluginName)</visible>
						<altlabel>$LOCALIZE[13353]</altlabel>
						<usealttexture>library.isscanningvideo</usealttexture>
					</control>
					<control type="button" id="612">
						<description>Go to playlist</description>
						<include>MediaMenuItemsCommon</include>
						<label>$LOCALIZE[31056]</label>
						<onclick>ActivateWindow(videoplaylist)</onclick>
						<visible>Integer.IsGreater(Playlist.Length(video),0)</visible>
					</control>
					<control type="button" id="621">
						<description>Get more</description>
						<include>MediaMenuItemsCommon</include>
						<label>$LOCALIZE[21452]</label>
						<onclick>ActivateWindow(addonbrowser,addons://more/video/,return)</onclick>
						<visible>Container.Content(addons)</visible>
					</control>
					<control type="button" id="622">
						<include>MediaMenuItemsCommon</include>
						<label>$LOCALIZE[31117]</label>
						<onclick condition="System.HasAddon(plugin.library.node.editor)">ActivateWindow(programs,plugin://plugin.library.node.editor/?ltype=video,return)</onclick>
						<onclick condition="!System.HasAddon(plugin.library.node.editor)">InstallAddon(plugin.library.node.editor)</onclick>
						<visible>Container.Content() + String.IsEmpty(Container.PluginName)</visible>
					</control>
					<control type="button" id="623">
						<include>MediaMenuItemsCommon</include>
						<label>$LOCALIZE[31009]</label>
						<onclick>InstallAddon(resource.images.studios.white)</onclick>
						<visible>Container.Content(studios) + !System.HasAddon(resource.images.studios.white)</visible>
					</control>
					<control type="button" id="624">
						<include>MediaMenuItemsCommon</include>
						<label>$LOCALIZE[10140]</label>
						<onclick>Addon.OpenSettings($INFO[Container.PluginName])</onclick>
						<visible>!String.IsEmpty(Container.PluginName)</visible>
					</control>
					<include>MediaMenuNowPlaying</include>
				</control>
			</control>
		</control>
	</controls>
</window>