<?xml version="1.0" encoding="UTF-8"?>
<includes>
    <include name="View_52_IconWall">
        <include content="UpDownArrows">
            <param name="container_id" value="52" />
            <param name="visible" value="!System.HasModalDialog" />
        </include>
        <control type="group">
            <visible>Control.IsVisible(52)</visible>
            <include>OpenClose_Right</include>
            <include>Visible_Right</include>
            <control type="panel" id="52">
                <left>100</left>
                <top>163</top>
                <width>1760</width>
                <height>744</height>
                <onleft condition="!Skin.HasSetting(KioskMode)">9000</onleft>
                <onright>531</onright>
                <pagecontrol>531</pagecontrol>
                <onup>52</onup>
                <ondown>52</ondown>
                <scrolltime tween="cubic" easing="out">500</scrolltime>
                <visible>Container.Content() | Container.Content(tags) | Container.Content(years) | Container.Content(roles) | Container.Content(genres) | Container.Content(countries) | Container.Content(studios) | Container.Content(playlists) | Container.Content(unknown) | Container.Content(images)</visible>
                <viewtype label="31099">icon</viewtype>
                <itemlayout height="248" width="440" condition="Container.Content() | Container.Content(unknown) | Container.Content(tags) | Container.Content(files) | Container.Content(playlists) | Container.Content(studios)">
                    <control type="group">
                        <top>2</top>
                        <control type="image">
                            <width>400</width>
                            <height>245</height>
                            <texture border="40">buttons/button-nofo.png</texture>
                        </control>
                        <control type="image">
                            <left>140</left>
                            <top>25</top>
                            <width>120</width>
                            <height>120</height>
                            <texture fallback="DefaultStudios.png">$VAR[IconWallThumbVar]</texture>
                            <aspectratio>keep</aspectratio>
                            <align>center</align>
                        </control>
                        <control type="image">
                            <left>21</left>
                            <top>149</top>
                            <width>358</width>
                            <height>75</height>
                            <texture colordiffuse="border_alpha">colors/black.png</texture>
                        </control>
                        <control type="image">
                            <left>329</left>
                            <top>24</top>
                            <width>50</width>
                            <height>50</height>
                            <aspectratio>keep</aspectratio>
                            <texture>$INFO[ListItem.Overlay]</texture>
                            <visible>!String.EndsWith(ListItem.Overlay,watched.png)</visible>
                        </control>
                        <control type="textbox">
                            <left>25</left>
                            <top>146</top>
                            <width>350</width>
                            <height>74</height>
                            <label>$INFO[ListItem.Label]</label>
                            <font>font12</font>
                            <align>center</align>
                            <aligny>center</aligny>
                        </control>
                    </control>
                </itemlayout>
                <focusedlayout height="248" width="440" condition="Container.Content() | Container.Content(unknown) | Container.Content(tags) | Container.Content(files) | Container.Content(playlists) | Container.Content(studios)">
                    <control type="group">
                        <depth>DepthContentPopout</depth>
                        <animation type="Focus" reversible="false" condition="!Skin.HasSetting(no_animations)">
                            <effect type="zoom" center="auto" start="100" end="108" time="250" tween="sine" />
                        </animation>
                        <animation type="UnFocus" reversible="false" condition="!Skin.HasSetting(no_animations)">
                            <effect type="zoom" center="auto" start="108" end="100" time="150" tween="sine" />
                        </animation>
                        <top>2</top>
                        <control type="image">
                            <width>400</width>
                            <height>245</height>
                            <texture border="40">buttons/button-nofo.png</texture>
                            <animation effect="fade" start="0" end="100" time="0">Unfocus</animation>
                            <animation effect="fade" start="100" end="0" time="0">Focus</animation>
                        </control>
                        <control type="image">
                            <width>400</width>
                            <height>245</height>
                            <texture border="40" colordiffuse="$VAR[SkinColorVar]">buttons/button-fo.png</texture>
                            <animation effect="fade" start="100" end="0" time="0">Unfocus</animation>
                        </control>
                        <control type="image">
                            <left>140</left>
                            <top>25</top>
                            <width>120</width>
                            <height>120</height>
                            <texture fallback="DefaultStudios.png">$VAR[IconWallThumbVar]</texture>
                            <aspectratio>keep</aspectratio>
                            <align>center</align>
                        </control>
                        <control type="image">
                            <left>329</left>
                            <top>24</top>
                            <width>50</width>
                            <height>50</height>
                            <aspectratio>keep</aspectratio>
                            <texture>$INFO[ListItem.Overlay]</texture>
                            <visible>!String.EndsWith(ListItem.Overlay,watched.png)</visible>
                        </control>
                        <control type="image">
                            <left>21</left>
                            <top>149</top>
                            <width>358</width>
                            <height>75</height>
                            <texture colordiffuse="border_alpha">colors/black.png</texture>
                        </control>
                        <control type="textbox">
                            <left>25</left>
                            <top>146</top>
                            <width>350</width>
                            <height>74</height>
                            <font>font12</font>
                            <label>$INFO[ListItem.Label]</label>
                            <autoscroll delay="1000" time="1000" repeat="1000">true</autoscroll>
                            <align>center</align>
                            <aligny>center</aligny>
                        </control>
                    </control>
                </focusedlayout>
                <itemlayout height="248" width="440" condition="Container.Content(genres)">
                    <control type="group">
                        <top>2</top>
                        <control type="image">
                            <width>400</width>
                            <height>245</height>
                            <texture border="40">buttons/button-nofo.png</texture>
                        </control>
                        <control type="image">
                            <left>120</left>
                            <top>20</top>
                            <width>160</width>
                            <height>130</height>
                            <texture fallback="DefaultGenre.png">icons/genres/$INFO[ListItem.Label,,.png]</texture>
                            <aspectratio>keep</aspectratio>
                            <align>center</align>
                            <visible>String.StartsWith(Container.FolderPath,videodb://)</visible>
                        </control>
                        <control type="image">
                            <left>120</left>
                            <top>20</top>
                            <width>160</width>
                            <height>130</height>
                            <texture fallback="DefaultMusicGenres.png">icons/genres/$INFO[ListItem.Label,,.png]</texture>
                            <aspectratio>keep</aspectratio>
                            <align>center</align>
                            <visible>String.StartsWith(Container.FolderPath,musicdb://)</visible>
                        </control>
                        <control type="image">
                            <left>21</left>
                            <top>149</top>
                            <width>358</width>
                            <height>75</height>
                            <texture colordiffuse="border_alpha">colors/black.png</texture>
                        </control>
                        <control type="image">
                            <left>329</left>
                            <top>24</top>
                            <width>50</width>
                            <height>50</height>
                            <aspectratio>keep</aspectratio>
                            <texture>$INFO[ListItem.Overlay]</texture>
                            <visible>!String.EndsWith(ListItem.Overlay,watched.png)</visible>
                        </control>
                        <control type="textbox">
                            <left>25</left>
                            <top>146</top>
                            <width>350</width>
                            <height>74</height>
                            <label>$INFO[ListItem.Label]</label>
                            <font>font12</font>
                            <align>center</align>
                            <aligny>center</aligny>
                        </control>
                    </control>
                </itemlayout>
                <focusedlayout height="248" width="440" condition="Container.Content(genres)">
                    <control type="group">
                        <depth>DepthContentPopout</depth>
                        <animation type="Focus" reversible="false" condition="!Skin.HasSetting(no_animations)">
                            <effect type="zoom" center="auto" start="100" end="108" time="250" tween="sine" />
                        </animation>
                        <animation type="UnFocus" reversible="false" condition="!Skin.HasSetting(no_animations)">
                            <effect type="zoom" center="auto" start="108" end="100" time="150" tween="sine" />
                        </animation>
                        <top>2</top>
                        <control type="image">
                            <width>400</width>
                            <height>245</height>
                            <texture border="40">buttons/button-nofo.png</texture>
                        </control>
                        <control type="image">
                            <width>400</width>
                            <height>245</height>
                            <texture border="40" colordiffuse="$VAR[SkinColorVar]">buttons/button-fo.png</texture>
                            <animation effect="fade" start="100" end="0" time="0">Unfocus</animation>
                        </control>
                        <control type="image">
                            <left>120</left>
                            <top>20</top>
                            <width>160</width>
                            <height>130</height>
                            <texture fallback="DefaultGenre.png">icons/genres/$INFO[ListItem.Label,,.png]</texture>
                            <aspectratio>keep</aspectratio>
                            <align>center</align>
                            <visible>String.StartsWith(Container.FolderPath,videodb://)</visible>
                        </control>
                        <control type="image">
                            <left>120</left>
                            <top>20</top>
                            <width>160</width>
                            <height>130</height>
                            <texture fallback="DefaultMusicGenres.png">icons/genres/$INFO[ListItem.Label,,.png]</texture>
                            <aspectratio>keep</aspectratio>
                            <align>center</align>
                            <visible>String.StartsWith(Container.FolderPath,musicdb://)</visible>
                        </control>
                        <control type="image">
                            <left>329</left>
                            <top>24</top>
                            <width>50</width>
                            <height>50</height>
                            <aspectratio>keep</aspectratio>
                            <texture>$INFO[ListItem.Overlay]</texture>
                            <visible>!String.EndsWith(ListItem.Overlay,watched.png)</visible>
                        </control>
                        <control type="image">
                            <left>21</left>
                            <top>149</top>
                            <width>358</width>
                            <height>75</height>
                            <texture colordiffuse="border_alpha">colors/black.png</texture>
                        </control>
                        <control type="textbox">
                            <left>25</left>
                            <top>146</top>
                            <width>350</width>
                            <height>74</height>
                            <font>font12</font>
                            <label>$INFO[ListItem.Label]</label>
                            <align>center</align>
                            <aligny>center</aligny>
                        </control>
                    </control>
                </focusedlayout>
                <itemlayout height="124" width="348" condition="Container.Content(years) | Container.Content(roles) | Container.Content(countries) | [Container.Content(studios) + !System.HasAddon(resource.images.studios.white)]">
                    <control type="group">
                        <control type="image">
                            <width>330</width>
                            <height>124</height>
                            <texture border="40">buttons/button-nofo.png</texture>
                        </control>
                        <control type="textbox">
                            <left>30</left>
                            <top>26</top>
                            <width>270</width>
                            <height>72</height>
                            <label>$INFO[ListItem.Label]</label>
                            <font>font12</font>
                            <align>center</align>
                            <aligny>center</aligny>
                            <textcolor>white</textcolor>
                        </control>
                    </control>
                </itemlayout>
                <focusedlayout height="124" width="348" condition="Container.Content(years) | Container.Content(roles) | Container.Content(countries) | [Container.Content(studios) + !System.HasAddon(resource.images.studios.white)]">
                    <control type="group">
                        <animation type="Focus" reversible="false" condition="!Skin.HasSetting(no_animations)">
                            <effect type="zoom" center="auto" start="100" end="108" time="250" tween="sine" />
                        </animation>
                        <animation type="UnFocus" reversible="false" condition="!Skin.HasSetting(no_animations)">
                            <effect type="zoom" center="auto" start="108" end="100" time="150" tween="sine" />
                        </animation>
                        <control type="image">
                            <width>330</width>
                            <height>124</height>
                            <texture border="40">buttons/button-nofo.png</texture>
                            <animation effect="fade" start="0" end="100" time="0">Unfocus</animation>
                            <animation effect="fade" start="100" end="0" time="0">Focus</animation>
                        </control>
                        <control type="image">
                            <width>330</width>
                            <height>124</height>
                            <texture border="40" colordiffuse="$VAR[SkinColorVar]">buttons/button-fo.png</texture>
                            <animation effect="fade" start="100" end="0" time="0">Unfocus</animation>
                        </control>
                        <control type="textbox">
                            <left>30</left>
                            <top>26</top>
                            <width>270</width>
                            <height>72</height>
                            <label>$INFO[ListItem.Label]</label>
                            <font>font12</font>
                            <align>center</align>
                            <aligny>center</aligny>
                            <autoscroll delay="1000" time="1000" repeat="1000">true</autoscroll>
                        </control>
                    </control>
                </focusedlayout>
                <itemlayout height="372" width="440" condition="Container.Content(images)">
                    <control type="image">
                        <top>-10</top>
                        <width>400</width>
                        <height>380</height>
                        <texture border="40">buttons/button-nofo.png</texture>
                    </control>
                    <control type="image">
                        <left>25</left>
                        <top>18</top>
                        <width>350</width>
                        <height>280</height>
                        <texture border="2" fallback="DefaultFolderSquare.png" background="true">$VAR[ShiftThumbVar]</texture>
                        <aspectratio>keep</aspectratio>
                        <bordertexture colordiffuse="border_alpha">colors/black.png</bordertexture>
                        <bordersize>4</bordersize>
                    </control>
                    <control type="image">
                        <left>20</left>
                        <top>308</top>
                        <width>358</width>
                        <height>40</height>
                        <texture>colors/black.png</texture>
                    </control>
                    <control type="label">
                        <left>20</left>
                        <top>308</top>
                        <width>358</width>
                        <textoffsetx>20</textoffsetx>
                        <height>40</height>
                        <font>font12</font>
                        <aligny>center</aligny>
                        <align>center</align>
                        <label>$INFO[ListItem.Label]</label>
                    </control>
                </itemlayout>
                <focusedlayout height="372" width="440" condition="Container.Content(images)">
                    <control type="group">
                        <animation effect="zoom" start="100" end="105" time="200" tween="sine" easing="inout" center="190,180" condition="!Skin.HasSetting(no_animations)">Focus</animation>
                        <animation effect="zoom" start="105" end="100" time="200" tween="sine" easing="inout" center="190,180" condition="!Skin.HasSetting(no_animations)">UnFocus</animation>
                        <control type="image">
                            <top>-10</top>
                            <width>400</width>
                            <height>380</height>
                            <texture border="40">buttons/button-nofo.png</texture>
                        </control>
                        <control type="image">
                            <left>25</left>
                            <top>18</top>
                            <width>350</width>
                            <height>280</height>
                            <texture border="2" fallback="DefaultFolderSquare.png" background="true">$VAR[ShiftThumbVar]</texture>
                            <aspectratio>keep</aspectratio>
                            <bordertexture colordiffuse="border_alpha">colors/black.png</bordertexture>
                            <bordersize>4</bordersize>
                        </control>
                        <control type="image">
                            <left>20</left>
                            <top>308</top>
                            <width>358</width>
                            <height>40</height>
                            <texture>colors/black.png</texture>
                        </control>
                        <control type="label">
                            <left>20</left>
                            <top>308</top>
                            <width>358</width>
                            <textoffsetx>20</textoffsetx>
                            <height>40</height>
                            <font>font12</font>
                            <align>center</align>
                            <aligny>center</aligny>
                            <scroll>yes</scroll>
                            <label>$INFO[ListItem.Label]</label>
                        </control>
                        <control type="image">
                            <left>15</left>
                            <top>5</top>
                            <width>368</width>
                            <height>348</height>
                            <texture border="8" colordiffuse="$VAR[SkinColorVar]">buttons/thumbnail_focused.png</texture>
                            <animation effect="fade" start="100" end="0" time="200">Unfocus</animation>
                        </control>
                    </control>
                </focusedlayout>
            </control>
        </control>
    </include>
</includes>