<?xml version="1.0" encoding="utf-8"?>
<window type="dialog" id="1131">
	<defaultcontrol always="true">11000</defaultcontrol>
	<include>Animation_DialogPopupOpenClose</include>
	<controls>
		<control type="group">
			<centerleft>50%</centerleft>
			<height>850</height>
			<centertop>50%</centertop>
			<width>1000</width>
			<include content="DialogBackgroundCommons">
				<param name="width" value="1000" />
				<param name="height" value="850" />
				<param name="header_label" value="$LOCALIZE[40106]" />
				<param name="header_id" value="1" />
			</include>
			<control type="group" id="11000">
				<left>0</left>
				<top>80</top>
				<control type="grouplist" id="11100">
					<width>1000</width>
					<height>880</height>
					<itemgap>0</itemgap>
					<onup>11100</onup>
					<ondown>11100</ondown>
					<orientation>vertical</orientation>
					<control type="radiobutton" id="11111">
						<label>$LOCALIZE[40005]</label>
						<include>DefaultSettingButton</include>
						<selected>!Skin.HasSetting(HomeMenuNoMovieButton)</selected>
						<onclick>Skin.ToggleSetting(HomeMenuNoMovieButton)</onclick>
					</control>
					<control type="radiobutton" id="11112">
						<label>$LOCALIZE[40006]</label>
						<include>DefaultSettingButton</include>
						<selected>!Skin.HasSetting(HomeMenuNoTVShowButton)</selected>
						<onclick>Skin.ToggleSetting(HomeMenuNoTVShowButton)</onclick>
					</control>
					<control type="radiobutton" id="11113">
						<label>$LOCALIZE[40007]</label>
						<include>DefaultSettingButton</include>
						<selected>!Skin.HasSetting(HomeMenuNoMusicButton)</selected>
						<onclick>Skin.ToggleSetting(HomeMenuNoMusicButton)</onclick>
					</control>
					<control type="radiobutton" id="11114">
						<label>$LOCALIZE[40008]</label>
						<include>DefaultSettingButton</include>
						<selected>!Skin.HasSetting(HomeMenuNoMusicVideoButton)</selected>
						<onclick>Skin.ToggleSetting(HomeMenuNoMusicVideoButton)</onclick>
					</control>
					<control type="radiobutton" id="11115">
						<label>$LOCALIZE[40009]</label>
						<include>DefaultSettingButton</include>
						<selected>!Skin.HasSetting(HomeMenuNoTVButton)</selected>
						<onclick>Skin.ToggleSetting(HomeMenuNoTVButton)</onclick>
					</control>
					<control type="radiobutton" id="11116">
						<label>$LOCALIZE[40010]</label>
						<include>DefaultSettingButton</include>
						<selected>!Skin.HasSetting(HomeMenuNoRadioButton)</selected>
						<onclick>Skin.ToggleSetting(HomeMenuNoRadioButton)</onclick>
					</control>
					<control type="radiobutton" id="11117">
						<label>$LOCALIZE[40011]</label>
						<include>DefaultSettingButton</include>
						<selected>!Skin.HasSetting(HomeMenuNoProgramsButton)</selected>
						<onclick>Skin.ToggleSetting(HomeMenuNoProgramsButton)</onclick>
					</control>
					<control type="radiobutton" id="11118">
						<label>$LOCALIZE[40012]</label>
						<include>DefaultSettingButton</include>
						<selected>!Skin.HasSetting(HomeMenuNoPicturesButton)</selected>
						<onclick>Skin.ToggleSetting(HomeMenuNoPicturesButton)</onclick>
					</control>
					<control type="radiobutton" id="11119">
						<label>$LOCALIZE[40013]</label>
						<include>DefaultSettingButton</include>
						<selected>!Skin.HasSetting(HomeMenuNoVideosButton)</selected>
						<onclick>Skin.ToggleSetting(HomeMenuNoVideosButton)</onclick>
					</control>
					<control type="radiobutton" id="11120">
						<label>$LOCALIZE[40014]</label>
						<visible>System.GetBool(gamesgeneral.enable)</visible>
						<include>DefaultSettingButton</include>
						<selected>!Skin.HasSetting(HomeMenuNoGamesButton)</selected>
						<onclick>Skin.ToggleSetting(HomeMenuNoGamesButton)</onclick>
					</control>
					<control type="radiobutton" id="11121">
						<label>$LOCALIZE[40015]</label>
						<include>DefaultSettingButton</include>
						<selected>!Skin.HasSetting(HomeMenuNoFavButton)</selected>
						<onclick>Skin.ToggleSetting(HomeMenuNoFavButton)</onclick>
					</control>
					<control type="radiobutton" id="11122">
						<label>$LOCALIZE[40016]</label>
						<include>DefaultSettingButton</include>
						<selected>!Skin.HasSetting(HomeMenuNoWeatherButton)</selected>
						<onclick>Skin.ToggleSetting(HomeMenuNoWeatherButton)</onclick>
					</control>
				</control>
			</control>
		</control>
	</controls>
</window>
