<?xml version="1.0" encoding="utf-8"?>
<window>
	<views>500,50</views>
	<defaultcontrol always="true">500</defaultcontrol>
	<backgroundcolor>background</backgroundcolor>
	<controls>
		<include>DefaultBackground</include>
		<control type="image">
			<depth>DepthBackground</depth>
			<include>FullScreenDimensions</include>
			<texture background="true" colordiffuse="$VAR[Background_Opacity]">$INFO[Container(500).ListItem.Art(fanart)]</texture>
			<aspectratio>scale</aspectratio>
			<fadetime>400</fadetime>
			<animation effect="fade" start="0" end="100" time="400">WindowOpen</animation>
			<animation effect="fade" start="100" end="0" time="300">WindowClose</animation>
			<animation effect="fade" time="400">VisibleChange</animation>
			<visible>Control.HasFocus(500)</visible>
		</control>
		<control type="image">
			<depth>DepthBackground</depth>
			<include>FullScreenDimensions</include>
			<texture background="true" colordiffuse="$VAR[Background_Opacity]">$INFO[Container(50).ListItem.Art(fanart)]</texture>
			<aspectratio>scale</aspectratio>
			<fadetime>400</fadetime>
			<animation effect="fade" start="0" end="100" time="400">WindowOpen</animation>
			<animation effect="fade" start="100" end="0" time="300">WindowClose</animation>
			<animation effect="fade" time="400">VisibleChange</animation>
			<visible>Control.HasFocus(50)</visible>
		</control>
		<control type="group">
			<control type="group">
				<top>80</top>
				<depth>DepthContentPanel</depth>
				<include>OpenClose_Left</include>
				<include>Visible_Left</include>
				<include content="ContentPanel">
					<param name="width" value="656" />
				</include>
				<control type="image">
					<texture fallback="DefaultVideoFanart.png">$INFO[ListItem.Art(fanart_small)]</texture>
					<left>40</left>
					<top>30</top>
					<width>515</width>
					<fadetime>200</fadetime>
					<height>222</height>
					<aspectratio align="center">keep</aspectratio>
				</control>
				<control type="image">
					<width>45</width>
					<height>222</height>
					<top>30</top>
					<left>105</left>
					<aspectratio align="center" aligny="bottom">keep</aspectratio>
					<texture>icons/extendedinfo/database.png</texture>
					<fadetime>200</fadetime>
					<visible>!String.IsEmpty(ListItem.DBID)</visible>
					<visible>!Control.IsVisible(50)</visible>
				</control>
				<control type="textbox">
					<top>270</top>
					<left>40</left>
					<width>515</width>
					<height>110</height>
					<label>$INFO[ListItem.Label]</label>
					<aligny>center</aligny>
					<font>font36_title</font>
					<scroll>true</scroll>
				</control>
				<control type="textbox">
					<top>390</top>
					<left>40</left>
					<width>515</width>
					<height>110</height>
					<label>[B]$INFO[ListItem.Premiered,$LOCALIZE[20416] : [COLOR white],[/COLOR]][CR][COLOR white]$INFO[ListItem.Genre][/COLOR][/B]</label>
					<font>font12</font>
					<textcolor>$VAR[SkinColorVar]</textcolor>
				</control>
				<control type="textbox">
					<top>520</top>
					<left>40</left>
					<width>515</width>
					<height>410</height>
					<align>justify</align>
					<label fallback="416">$INFO[ListItem.Plot,,[CR][CR]  ]</label>
					<autoscroll delay="10000" time="5000" repeat="10000">true</autoscroll>
				</control>
			</control>
			<control type="group">
				<depth>DepthContentPanel</depth>
				<include>OpenClose_Right</include>
				<include>Visible_Right</include>
				<include content="Visible_Right_Delayed">
					<param name="id" value="50"/>
				</include>
				<visible>Control.IsVisible(50)</visible>
				<left>596</left>
				<control type="fixedlist" id="50">
					<left>0</left>
					<top>0</top>
					<bottom>0</bottom>
					<right>594</right>
					<viewtype label="535">list</viewtype>
					<movement>5</movement>
					<focusposition>6</focusposition>
					<pagecontrol>50600</pagecontrol>
					<scrolltime tween="cubic" easing="out">500</scrolltime>
					<onleft condition="!Skin.HasSetting(KioskMode)">9000</onleft>
					<onright>50600</onright>
					<onup>50</onup>
					<ondown>50</ondown>
					<orientation>vertical</orientation>
					<itemlayout height="80">
						<control type="label">
							<left>70</left>
							<right>70</right>
							<top>0</top>
							<bottom>0</bottom>
							<aligny>center</aligny>
							<font>font27</font>
							<label>$INFO[ListItem.Label]</label>
							<shadowcolor>text_shadow</shadowcolor>
						</control>
						<control type="image">
							<left>21</left>
							<centertop>50%</centertop>
							<width>32</width>
							<height>32</height>
							<texture colordiffuse="grey">$VAR[ListWatchedIconVar]</texture>
						</control>
						<control type="image">
							<width>40</width>
							<height>40</height>
							<centertop>50%</centertop>
							<right>20</right>
							<texture>icons/extendedinfo/database.png</texture>
							<visible>!String.IsEmpty(ListItem.DBID)</visible>
						</control>
					</itemlayout>
					<focusedlayout height="80">
						<control type="image">
							<left>0</left>
							<right>0</right>
							<top>0</top>
							<bottom>0</bottom>
							<texture colordiffuse="$VAR[SkinColorVar]">lists/focus.png</texture>
							<visible>Control.HasFocus(50)</visible>
						</control>
						<control type="label">
							<left>70</left>
							<right>70</right>
							<top>0</top>
							<bottom>0</bottom>
							<aligny>center</aligny>
							<scroll>true</scroll>
							<font>font27</font>
							<label>$INFO[ListItem.Label]</label>
							<shadowcolor>text_shadow</shadowcolor>
						</control>
						<control type="image">
							<left>21</left>
							<centertop>50%</centertop>
							<width>32</width>
							<height>32</height>
							<texture>$VAR[ListWatchedIconVar]</texture>
							<animation effect="fade" start="30" end="100" time="300" reversible="false">Focus</animation>
						</control>
						<control type="image">
							<left>21</left>
							<centertop>50%</centertop>
							<width>32</width>
							<height>32</height>
							<texture colordiffuse="$VAR[SkinColorVar]">$VAR[ListWatchedIconVar]</texture>
							<animation effect="fade" start="0" end="100" time="300" reversible="false">Focus</animation>
							<animation effect="fade" time="150">VisibleChange</animation>
							<visible>!Control.HasFocus(50)</visible>
						</control>
						<control type="image">
							<width>40</width>
							<height>40</height>
							<centertop>50%</centertop>
							<right>20</right>
							<texture>icons/extendedinfo/database.png</texture>
							<visible>!String.IsEmpty(ListItem.DBID)</visible>
						</control>
					</focusedlayout>
				</control>
				<control type="group">
					<depth>DepthContentPanel</depth>
					<control type="group">
						<right>-20</right>
						<width>634</width>
						<include content="ContentPanel">
							<param name="left" value="0" />
							<param name="top" value="-20" />
							<param name="width" value="656" />
							<param name="flipx" value="true" />
						</include>
						<control type="scrollbar" id="50600">
							<left>20</left>
							<top>list_y_offset</top>
							<width>12</width>
							<bottom>list_y_offset</bottom>
							<onleft>50</onleft>
							<onright>50</onright>
							<orientation>vertical</orientation>
							<animation effect="zoom" end="50,100" time="300" tween="sine" center="20,0" easing="inout" condition="!Control.HasFocus(50600)">conditional</animation>
							<hitrect x="-30" y="0" w="120" h="100%" />
						</control>
						<control type="image">
							<depth>DepthContentPopout</depth>
							<left>38</left>
							<right>36</right>
							<top>120</top>
							<bottom>124</bottom>
							<fadetime>200</fadetime>
							<aspectratio aligny="center">keep</aspectratio>
							<texture fallback="DefaultVideo.png" background="true">$VAR[InfoWallThumbVar]</texture>
						</control>
						<control type="group">
							<left>310</left>
							<top>936</top>
							<include content="RatingCircle">
								<param name="animation" value="True" />
							</include>
						</control>
					</control>
				</control>
			</control>
			<control type="group">
				<control type="panel" id="500">
					<left>590</left>
					<top>0</top>
					<viewtype label="31101">icon</viewtype>
					<pagecontrol>72</pagecontrol>
					<scrolltime tween="cubic" easing="out">500</scrolltime>
					<onleft condition="!Skin.HasSetting(KioskMode)">9000</onleft>
					<onright>72</onright>
					<onup>500</onup>
					<ondown>500</ondown>
					<orientation>vertical</orientation>
					<preloaditems>2</preloaditems>
					<include>OpenClose_Right</include>
					<include>Visible_Right</include>
					<include content="Visible_Right_Delayed">
						<param name="id" value="500"/>
					</include>
					<itemlayout height="445" width="320">
						<control type="group">
							<left>30</left>
							<top>120</top>
							<include>InfoWallMovieLayout</include>
						</control>
					</itemlayout>
					<focusedlayout height="445" width="320">
						<control type="group">
							<depth>DepthContentPopout</depth>
							<left>30</left>
							<animation effect="zoom" start="100" end="110" time="200" tween="sine" easing="inout" center="185,300" condition="!Skin.HasSetting(no_animations)">Focus</animation>
							<animation effect="zoom" start="110" end="100" time="200" tween="sine" easing="inout" center="185,300" condition="!Skin.HasSetting(no_animations)">UnFocus</animation>
							<top>120</top>
							<include content="InfoWallMovieLayout">
								<param name="focused" value="true" />
							</include>
						</control>
					</focusedlayout>
				</control>
			</control>
		</control>
		<control type="group">
			<depth>DepthBars</depth>
			<control type="image">
				<left>0</left>
				<top>0</top>
				<width>110%</width>
				<height>130</height>
				<texture>frame/InfoBar.png</texture>
				<animation effect="fade" start="100" end="0" time="300" condition="Window.Next(screencalibration)">WindowClose</animation>
			</control>
			<control type="grouplist">
				<left>35</left>
				<description>Left side of top bar</description>
				<width>900</width>
				<top>-7</top>
				<height>100</height>
				<orientation>horizontal</orientation>
				<usecontrolcoords>true</usecontrolcoords>
				<animation effect="fade" start="0" end="100" time="300">WindowOpen</animation>
				<animation effect="fade" start="100" end="0" time="200">WindowClose</animation>
				<control type="label">
					<label>$INFO[Window.Property(Filter_Label)]</label>
					<include>BreadcrumbsLabel</include>
				</control>
			</control>
			<control type="button">
				<top>0</top>
				<width>200</width>
				<height>100</height>
				<label></label>
				<onclick>Action(Back)</onclick>
				<texturefocus />
				<texturenofocus />
			</control>
			<control type="grouplist">
				<top>0</top>
				<align>right</align>
				<right>20</right>
				<height>200</height>
				<orientation>horizontal</orientation>
				<width>900</width>
				<itemgap>10</itemgap>
				<visible>!Window.IsVisible(extendedprogressdialog) + !Window.IsActive(fullscreenvideo)</visible>
				<animation effect="fade" time="150">VisibleChange</animation>
				<control type="group">
					<width>600</width>
					<visible>Player.HasMedia + String.IsEmpty(Window(Videos).Property(PlayingBackgroundMedia))</visible>
					<animation effect="fade" time="200">VisibleChange</animation>
					<control type="grouplist">
						<left>-75</left>
						<orientation>horizontal</orientation>
						<height>38</height>
						<top>14</top>
						<align>right</align>
						<width>660</width>
						<itemgap>5</itemgap>
						<usecontrolcoords>true</usecontrolcoords>
						<control type="image">
							<top>4</top>
							<width>32</width>
							<height>32</height>
							<aspectratio>keep</aspectratio>
							<texture colordiffuse="$VAR[SkinColorVar]">$VAR[NowPlayingIconVar]</texture>
						</control>
						<control type="label">
							<label>$INFO[Player.Title]</label>
							<font>font27</font>
							<shadowcolor>text_shadow</shadowcolor>
							<height>35</height>
							<width min="1" max="602">auto</width>
						</control>
					</control>
					<control type="label" id="7700">
						<label>$VAR[NowPlayingSublabelVar]</label>
						<left>-45</left>
						<top>44</top>
						<font>font12</font>
						<textcolor>grey</textcolor>
						<shadowcolor>text_shadow</shadowcolor>
						<height>25</height>
						<width>630</width>
						<align>right</align>
					</control>
				</control>
				<control type="label">
					<font>font_clock</font>
					<shadowcolor>text_shadow</shadowcolor>
					<height>200</height>
					<width>auto</width>
					<animation effect="fade" start="100" end="0" time="300" condition="Window.Next(screencalibration)">WindowClose</animation>
					<label>[B]$INFO[System.Time][/B]</label>
				</control>
			</control>
			<control type="grouplist">
				<right>10</right>
				<top>70</top>
				<width>800</width>
				<height>100</height>
				<align>right</align>
				<itemgap>5</itemgap>
				<orientation>horizontal</orientation>
				<usecontrolcoords>true</usecontrolcoords>
				<control type="label">
					<height>50</height>
					<width>auto</width>
					<aligny>center</aligny>
					<textoffsetx>-8</textoffsetx>
					<label>$INFO[System.AlarmPos]</label>
					<visible>System.HasAlarm(shutdowntimer)</visible>
				</control>
				<control type="image">
					<top>16</top>
					<width>40</width>
					<height>22</height>
					<fadetime>300</fadetime>
					<aspectratio aligny="center" align="left">keep</aspectratio>
					<texture>icons/power.png</texture>
					<visible>System.HasAlarm(shutdowntimer)</visible>
				</control>
				<control type="label">
					<height>50</height>
					<width>auto</width>
					<aligny>center</aligny>
					<label>$INFO[Window(Weather).Property(Current.Temperature)]$INFO[System.TemperatureUnits]</label>
					<visible>Skin.HasSetting(show_weatherinfo) + Weather.IsFetched + ![String.IsEqual(Weather.FanartCode,na)]</visible>
				</control>
				<control type="image">
					<top>1</top>
					<width>50</width>
					<height>50</height>
					<fadetime>300</fadetime>
					<aspectratio aligny="center" align="left">keep</aspectratio>
					<texture>$INFO[Weather.FanartCode,weather/small/,.png]</texture>
					<visible>Skin.HasSetting(show_weatherinfo) + Weather.IsFetched + ![String.IsEqual(Weather.FanartCode,na)]</visible>
				</control>
				<control type="image">
					<top>8</top>
					<left>-20</left>
					<width>74</width>
					<height>40</height>
					<fadetime>300</fadetime>
					<aspectratio aligny="center" align="center">keep</aspectratio>
					<texture>dialogs/volume/mute.png</texture>
					<visible>Player.Muted</visible>
				</control>
			</control>
			<control type="label" id="23000">
				<top>0</top>
				<left>0</left>
				<label>$INFO[ListItem.SortLetter]</label>
				<font>font_MainMenu</font>
				<width>100%</width>
				<height>80</height>
				<align>center</align>
				<visible>!System.HasActiveModalDialog</visible>
				<visible>Container.Scrolling</visible>
				<visible>!Container.Content(seasons)</visible>
				<visible>String.IsEqual(Container.SortMethod,$LOCALIZE[551]) | String.IsEqual(Container.SortMethod,$LOCALIZE[561]) | String.IsEqual(Container.SortMethod,$LOCALIZE[558]) | String.IsEqual(Container.SortMethod,$LOCALIZE[557]) | String.IsEqual(Container.SortMethod,$LOCALIZE[556]) | String.IsEqual(Container.SortMethod,$LOCALIZE[563])</visible>
				<animation effect="fade" start="0" end="100" time="200" reversible="true">VisibleChange</animation>
				<animation effect="fade" start="100" end="0" time="200">WindowClose</animation>
			</control>
			<include>TouchBackButton</include>
		</control>
		<control type="group">
			<control type="group">
				<depth>DepthBars</depth>
				<bottom>0</bottom>
				<control type="image">
					<left>0</left>
					<bottom>0</bottom>
					<width>110%</width>
					<height>115</height>
					<texture flipy="true">frame/InfoBar.png</texture>
				</control>
				<control type="group">
					<visible>!Skin.HasSetting(touchmode)</visible>
					<animation effect="fade" time="400">VisibleChange</animation>
					<animation effect="fade" start="0" end="100" time="400">WindowOpen</animation>
					<animation effect="fade" start="100" end="0" time="300">WindowClose</animation>
					<control type="button">
						<bottom>20</bottom>
						<left>12</left>
						<width>36</width>
						<height>36</height>
						<texturefocus colordiffuse="$VAR[SkinColorVar]">frame/menu-nofo.png</texturefocus>
						<texturenofocus>frame/menu-nofo.png</texturenofocus>
						<animation effect="fade" time="200">VisibleChange</animation>
						<onclick>SetFocus(9000)</onclick>
						<visible>!Skin.HasSetting(KioskMode)</visible>
					</control>
					<control type="button">
						<bottom>16</bottom>
						<left>64</left>
						<width>300</width>
						<height>44</height>
						<shadowcolor>text_shadow</shadowcolor>
						<label>$LOCALIZE[33063]</label>
						<onclick>SetFocus(9000)</onclick>
						<texturefocus />
						<texturenofocus />
						<visible>!Skin.HasSetting(KioskMode)</visible>
					</control>
				</control>
				<include>TouchButtons</include>
			</control>
		</control>
		<control type="scrollbar" id="72">
			<right>0</right>
			<top>0</top>
			<bottom>0</bottom>
			<width>12</width>
			<orientation>vertical</orientation>
			<texturesliderbackground />
			<animation effect="slide" end="6,0" time="300" tween="sine" easing="inout" condition="!Control.HasFocus(72)">conditional</animation>
			<onleft>500</onleft>
			<onright>500</onright>
			<animation effect="fade" start="0" end="100" time="200" delay="300">Visible</animation>
			<animation effect="fade" start="100" end="0" time="200">Hidden</animation>
			<animation effect="fade" start="0" end="100" delay="300" time="320">WindowOpen</animation>
			<animation effect="fade" start="100" end="0" time="150">WindowClose</animation>
			<hitrect x="0" y="0" w="60" h="100%" />
			<visible>Control.IsVisible(500)</visible>
		</control>
		<include>MediaMenuMouseOverlay</include>
		<control type="group">
			<include>OpenClose_Left</include>
			<depth>DepthSideBlade</depth>
			<left>-520</left>
			<animation type="Conditional" condition="ControlGroup(9000).HasFocus | Control.HasFocus(6000) | Control.HasFocus(6001) | Control.HasFocus(7000)" reversible="true">
				<effect type="slide" start="0" end="520" time="400" tween="cubic" easing="out" />
			</animation>
			<control type="image">
				<width>4000</width>
				<height>100%</height>
				<aspectratio>scale</aspectratio>
				<texture colordiffuse="80FFFFFF">colors/black.png</texture>
				<visible>$EXP[sidebar_focused] + !System.HasActiveModalDialog</visible>
				<animation effect="fade" time="200">VisibleChange</animation>
			</control>
			<control type="image">
				<left>0</left>
				<top>0</top>
				<width>520</width>
				<height>100%</height>
				<texture border="0,0,52,0">lists/panel-mediamenu.png</texture>
			</control>
			<control type="button" id="6131">
				<left>0</left>
				<top>0</top>
				<width>500</width>
				<height>100%</height>
				<label></label>
				<texturefocus />
				<texturenofocus />
			</control>
			<control type="group">
				<top>20</top>
				<left>20</left>
				<control type="image">
					<aspectratio>keep</aspectratio>
					<width>56</width>
					<height>56</height>
					<texture colordiffuse="$VAR[SkinColorVar]">icons/logo.png</texture>
				</control>
				<control type="image">
					<left>40</left>
					<top>10</top>
					<aspectratio>keep</aspectratio>
					<width>192</width>
					<height>36</height>
					<texture>icons/logo-text.png</texture>
				</control>
			</control>
			<control type="radiobutton" id="6000">
				<left>332</left>
				<top>60</top>
				<width>120</width>
				<height>120</height>
				<align>center</align>
				<aligny>center</aligny>
				<font></font>
				<label></label>
				<texturefocus colordiffuse="$VAR[SkinColorVar]">buttons/roundbutton-fo.png</texturefocus>
				<texturenofocus />
				<radioposx>40</radioposx>
				<radioposy>0</radioposy>
				<radiowidth>40</radiowidth>
				<radioheight>40</radioheight>
				<textureradioonfocus>icons/search.png</textureradioonfocus>
				<textureradioonnofocus colordiffuse="grey">icons/search.png</textureradioonnofocus>
				<textureradioofffocus>icons/search.png</textureradioofffocus>
				<textureradiooffnofocus colordiffuse="grey">icons/search.png</textureradiooffnofocus>
				<ondown>SetFocus(7000)</ondown>
				<onright>50</onright>
				<onleft>6001</onleft>
			</control>
			<control type="label">
				<left>0</left>
				<top>90</top>
				<width>330</width>
				<height>55</height>
				<aligny>center</aligny>
				<align>right</align>
				<font>font13</font>
				<label>$LOCALIZE[31001]...</label>
			</control>
			<control type="radiobutton" id="7000">
				<left>0</left>
				<top>165</top>
				<width>470</width>
				<height>140</height>
				<align>left</align>
				<aligny>center</aligny>
				<ondown>9000</ondown>
				<onup>6000</onup>
				<onright>500</onright>
				<onleft>500</onleft>
				<textoffsetx>40</textoffsetx>
				<textoffsety>25</textoffsety>
				<font>font13</font>
				<textwidth>315</textwidth>
				<label></label>
				<focusedcolor>$VAR[SkinColorVar]</focusedcolor>
				<radiowidth>200</radiowidth>
				<radioheight>180</radioheight>
				<radioposx>150</radioposx>
				<textureradioonnofocus>icons/extendedinfo/moviedb.png</textureradioonnofocus>
				<textureradioonfocus>icons/extendedinfo/moviedb.png</textureradioonfocus>
				<textureradiooffnofocus>icons/extendedinfo/moviedb.png</textureradiooffnofocus>
				<textureradioofffocus>icons/extendedinfo/moviedb.png</textureradioofffocus>
				<texturefocus colordiffuse="$VAR[SkinColorVar]">lists/focus.png</texturefocus>
				<texturenofocus border="20">lists/separator.png</texturenofocus>
			</control>
			<control type="grouplist" id="9000">
				<top>310</top>
				<orientation>vertical</orientation>
				<scroll>true</scroll>
				<itemgap>0</itemgap>
				<onup>7000</onup>
				<ondown>9000</ondown>
				<onright>500</onright>
				<onleft>500</onleft>
				<onback>500</onback>
				<control type="button" id="50013">
					<label>$LOCALIZE[31023]</label>
					<include>MediaMenuItemsCommon</include>
					<onclick>Container.NextViewMode</onclick>
				</control>
				<control type="button" id="5007">
					<label>$LOCALIZE[467] :</label>
					<label2>[B]$INFO[Window.Property(Type)][/B]</label2>
					<include>MediaMenuItemsCommon</include>
				</control>
				<control type="button" id="5001">
					<onup>6000</onup>
					<label>$ADDON[script.extendedinfo 32104]</label>
					<label2>[B]$INFO[Window.Property(Sort_Label)][/B]</label2>
					<include>MediaMenuItemsCommon</include>
				</control>
				<control type="button" id="5004">
					<label>$ADDON[script.extendedinfo 32128]</label>
					<label2>[B]$INFO[Window.Property(Order_Label)][/B]</label2>
					<include>MediaMenuItemsCommon</include>
				</control>
				<control type="label" id="5333">
					<include>MediaMenuLabelCommon</include>
					<label>$ADDON[script.extendedinfo 32023]</label>
				</control>
				<control type="button" id="5002">
					<label>$LOCALIZE[515]</label>
					<include>MediaMenuItemsCommon</include>
				</control>
				<control type="button" id="5003">
					<label>$LOCALIZE[172]</label>
					<include>MediaMenuItemsCommon</include>
				</control>
				<control type="button" id="5006">
					<label>$ADDON[script.extendedinfo 32127]</label>
					<include>MediaMenuItemsCommon</include>
				</control>
				<control type="button" id="5008">
					<label>$ADDON[script.extendedinfo 32126]</label>
					<include>MediaMenuItemsCommon</include>
				</control>
				<control type="button" id="5009">
					<label>$ADDON[script.extendedinfo 32114]</label>
					<include>MediaMenuItemsCommon</include>
				</control>
				<control type="button" id="5010">
					<label>$LOCALIZE[572]</label>
					<include>MediaMenuItemsCommon</include>
				</control>
				<control type="button" id="5012">
					<label>$ADDON[script.extendedinfo 32111]</label>
					<include>MediaMenuItemsCommon</include>
				</control>
				<control type="button" id="5005">
					<label>$ADDON[script.extendedinfo 32022]</label>
					<include>MediaMenuItemsCommon</include>
				</control>
			</control>
		</control>
	</controls>
</window>