<?xml version='1.0' encoding='UTF-8'?>
<shortcuts>
    <shortcut>
        <label>359</label>
        <label2>Common Shortcut</label2>
        <icon>special://skin/extras/icons/recentlyadded.png</icon>
        <action>ActivateWindow(Music,musicdb://recentlyaddedalbums/,return)</action>
    </shortcut>
    <shortcut>
        <label>133</label>
        <label2>Common Shortcut</label2>
        <icon>special://skin/extras/icons/artist.png</icon>
        <action>ActivateWindow(Music,musicdb://artists/,return)</action>
    </shortcut>
    <shortcut>
        <label>132</label>
        <label2>Common Shortcut</label2>
        <icon>special://skin/extras/icons/album.png</icon>
        <action>ActivateWindow(Music,musicdb://albums/,return)</action>
    </shortcut>
    <shortcut>
        <label>271</label>
        <label2>Common Shortcut</label2>
        <icon>special://skin/extras/icons/top100.png</icon>
        <action>ActivateWindow(Music,musicdb://top100/,return)</action>
    </shortcut>
    <shortcut>
        <label>744</label>
        <label2>Common Shortcut</label2>
        <icon>special://skin/extras/icons/files.png</icon>
        <action>ActivateWindow(Music,sources://music/,return)</action>
    </shortcut>
    <shortcut>
        <label>136</label>
        <label2>Common Shortcut</label2>
        <icon>special://skin/extras/icons/playlist.png</icon>
        <action>ActivateWindow(Music,special://musicplaylists/,return)</action>
    </shortcut>
    <shortcut>
        <label>10516</label>
        <label2>Common Shortcut</label2>
        <icon>special://skin/extras/icons/media.png</icon>
        <action>ActivateWindow(Music,musicdb://,return)</action>
    </shortcut>
    <shortcut>
        <label>653</label>
        <label2>Common Shortcut</label2>
        <icon>special://skin/extras/icons/update.png</icon>
        <action>UpdateLibrary(music)</action>
    </shortcut>
</shortcuts>
