<?xml version="1.0" encoding="UTF-8"?>
<addon id="skin.estuary.mod.kodi18" version="1.7.13" name="Estuary MOD (KODI 18)" provider-name="Guilouz">
	<requires>
		<import addon="xbmc.gui" version="5.13.0"/>
		<import addon="script.skinshortcuts" version="0.6.0"/>
		<import addon="script.skin.helper.service" version="0.0.1"/>
	</requires>
	<extension point="xbmc.gui.skin" debugging="false">
		<res width="1920" height="1080" aspect="16:9" default="true" folder="1080i" />
		<res width="2560" height="1080" aspect="21:9" default="false" folder="21x9" />
	</extension>
	<extension point="xbmc.addon.metadata">
		<summary lang="en_GB">Estuary MOD skin by Guilouz</summary>
		<summary lang="fr_FR">Thème Estuary MOD par Guilouz</summary>
		<description lang="en_GB">Estuary MOD is a mod from Estuary by Guilouz for Kodi 18. It attempts to be easy for first time Kodi users to understand and use.</description>
		<description lang="fr_FR">Estuary MOD est un mod de Estuary par Guilouz pour Kodi 18. Il est facile à comprendre et à utiliser pour les utilisateurs novices de Kodi.</description>
		<disclaimer lang="en_GB">For better experience, be sure to install all addons required by the theme.</disclaimer>
		<disclaimer lang="fr_FR">Pour une meilleure expérience, assurez-vous d'installer toutes les extensions requises par le thème.</disclaimer>
		<platform>all</platform>
		<license>CC BY-SA 4.0, GNU GENERAL PUBLIC LICENSE Version 2.0</license>
		<forum>http://forum.kodi.tv/showthread.php?tid=267343</forum>
		<source>https://github.com/Guilouz/skin.estuary.mod</source>
		<assets>
 			<icon>resources/icon.png</icon>
 			<fanart>resources/fanart.jpg</fanart>
 			<screenshot>resources/screenshot-01.jpg</screenshot>
 			<screenshot>resources/screenshot-02.jpg</screenshot>
 			<screenshot>resources/screenshot-03.jpg</screenshot>
 			<screenshot>resources/screenshot-04.jpg</screenshot>
 			<screenshot>resources/screenshot-05.jpg</screenshot>
 			<screenshot>resources/screenshot-06.jpg</screenshot>
 			<screenshot>resources/screenshot-07.jpg</screenshot>
 			<screenshot>resources/screenshot-08.jpg</screenshot>
 			<screenshot>resources/screenshot-09.jpg</screenshot>
 			<screenshot>resources/screenshot-10.jpg</screenshot>
 			<screenshot>resources/screenshot-11.jpg</screenshot>
 			<screenshot>resources/screenshot-12.jpg</screenshot>
 			<screenshot>resources/screenshot-13.jpg</screenshot>
 			<screenshot>resources/screenshot-14.jpg</screenshot>
 		</assets>
		<news>[B]1.17.13[/B][CR]• Fix context menu for CU LRC Lyrics addon[CR][CR][B]1.7.12[/B][CR]• Update to use latest Skin Shortcuts addon[CR]• Add support for Videolyrics v2 (thanks to manfeed)[CR][CR][B]1.7.11[/B][CR]• Add polish translation[CR]• Drop support for using hyphen as none value[CR][CR][B]1.7.10[/B][CR]• Add button to switch between all/watched/unwatched recordings[CR]• Fix Youtube call[CR][CR][B]1.7.9[/B][CR]• Fix missing lyrics fonts for Arial[CR]• Minnor fix[CR][CR][B]1.7.8[/B][CR]• Add Videolyrics (credits to manfeed)[CR]• Change widget name on Hub window for pictures[CR][CR][B]1.7.7[/B][CR]• Fix missing justify plots[CR]• Fix italian language[CR]• Minnor fix[CR][CR][B]1.7.6[/B][CR]• Add finish time flag icons for preconfigured widgets[CR]• Add fullscreen window direct channel number input for PVR[CR]• Justify all plots[CR]• Fix build version on settings widget[CR]• Remove TVTunes workaround[CR]• Fix RSS Editor support with new XML[CR][CR][B]1.7.5[/B][CR]• Add changes for new Skin Shortcuts addon[CR]• Workaround for fanarts on video/music info dialog[CR]• Changes on scrollbars[CR]• Fix overlapping rating with TV Shows[CR]• Minnor fix[CR][CR][B]1.7.4[/B][CR]• Add support for postplay screen from Nextup Service Notification addon[CR]• Add pattern to extended info windows[CR]• Bump xbmc.gui to 5.13.0[CR]• Fix missing changes for new Skin Helper Service addons[CR]• Fix clearlogos aspect ratio for TV Shows widgets[CR]• Fix rss on widgets focus[CR]• Minnor fix[CR][CR][B]1.7.3[/B][CR]• Add possibility to choose number of items to display on widgets[CR]• Add possibility to disable pattern[CR]• Add duration flag icon for widgets[CR]• Add first aired date on dialog video info[CR]• Add disc to home menu[CR]• Fix animated posters issue[CR]• Fix duration flag icon[CR]• Minnor fix[CR][CR][B]1.7.2[/B][CR]• Add genre for list view[CR]• Add possibility to show rating of TMDB rather than IMDB[CR]• Add games support[CR]• Add TVDB rating flag icon for TV Shows[CR]• Add possibility to change pattern of background and his color[CR]• Add possibility to show epg guide with a horizontal layout[CR]• Fix context menu for 21:9 screen[CR]• Fix extended info for 21:9 screen[CR]• Fix on favourites window[CR]• Minnor fix[CR][CR][B]1.7.1[/B][CR]• Add changes for Kodi 18[CR]• Fix arrow position[CR][CR][B]1.7.0[/B][CR]• Add support for 21:9 screens[CR]• Add skin setting to use basic vertical menu instead of dynamic vertical menu[CR]• Add DVD and BluRay flag icons[CR]• Add Extrafanarts support on widgets[CR]• Add genres colors for PVR Guide[CR]• Add possibility to disable Kodi screensaver on fullscreen music playback[CR]• Replace window for chapters[CR]• Fix for new Skin Helper Service addons[CR]• Fix personnalize menu focus when item is disabled[CR]• Fix opacity background on Next Aired addon[CR]• Fix videoinfo button[CR]• Fix getting stuck on rss control[CR]• Many others fixes[CR][CR][B]1.6.6[/B][CR]• Add possibility to disable items in personnalize home menu (with button and context menu)[CR]• Add privacy policy support on system info[CR]• Rework on vertical home menu[CR]• Rewrite xmls for script.globalsearch[CR]• Fix power menu[CR]• Minnor fixes[CR][CR][B]1.6.5[/B][CR]• Add possibility to replace backgrounds shortcuts[CR]• Rework on extendedinfo windows[CR]• Allow longer header for dialognumeric[CR]• Adjust gamecontrollerdialog button order[CR]• Fix PVR dialog[CR]• Fix animations[CR]• Fix dialogsubtitles image[CR]• Minnor tweaks[CR][CR][B]1.6.4[/B][CR]• Add status of tv shows from Next Aired addon on video infos[CR]• Add genres icons for thumbnails[CR]• Add bigger font (Thanks to schumi2004)[CR]• Add possibility to pause video when viewing extended info[CR]• Hide videowindow and visualisation of background when slideshow is active[CR]• Minnor fixes[CR][CR][B]1.6.3[/B][CR]• Replace channels numbers by channels icons on PVR Guide[CR]• Replace some Skin Helper widgets had to recent changes of Skin Helper Services[CR]• Fix on smartplaylist editor[CR]• Fix widgets on addons launcher[CR]• New 4K flag icon[CR]• Minnor fixes[CR][CR][B]1.6.2[/B][CR]• Add seeklabel on music OSD[CR]• Add info wall view for episodes[CR]• Add new Icons view[CR]• Add script.module.simplecache in necessary addon[CR]• Use RGB color space for country flags[CR]• Changes in smartplaylist editor[CR]• Misc fixes[CR][CR][B]1.6.1[/B][CR]• Add possibility to hide plots of unwatched episodes to avoid spoilers[CR]• Add possibility to search addons with search function on home menu[CR]• Add new submenu items for addons[CR]• Changes for script.skin.helper.colorpicker[CR]• Misc fixes[CR][CR][B]1.6.0[/B][CR]• Add in progress/watched flag icons for widgets[CR]• Add 'Stop Scanning' option to Submenu[CR]• Add vertical scrollbar to channel list in PVR Guide[CR]• Add fallback labels to some viewtypes[CR]• Add 'Add timer' button in PVR info dialog[CR]• Add script.skin.helper.colorpicker in necessary addon[CR]• Add recordings widget to home screen[CR]• Separate tv/radio widgets for current and next recording[CR]• Fix selection with Picture Widget and Hub Widget when 'Select widget first' is enable[CR]• Fix shortcut issue with Live TV and Radios[CR]• Fix navigation issue with PVR Guide[CR]• Fix missing Options button in the BottomBar in pictures section[CR]• Fix non-scrolling plot for PVR recordings[CR]• Fix on PVR widgets[CR]• Workaround for navigation issue on dialog addon settings[CR]• Drop some PVR viewtypes[CR]• Remove window type, id and zorder defenitions[CR]• Hide 'Update Library' button in Addon section[CR]• Avoid empty variables[CR]• Many other fixes[CR][CR][B]1.5.8[/B][CR]• Add possibility to navigate main menu to widgets rather than main menu to submenus icons[CR]• Fix 'Play recording' button on Recordings Info dialog[CR]• Fix/improve user experience in case of empty recordings list[CR]• Fix/unify PVR window breadcrumbs[CR]• Fix channel icons/thumbnails[CR]• Update some icons[CR]• Remove all use of hyphen as none value[CR][CR][B]1.5.7[/B][CR]• Add buffering progress on video fullscreen[CR]• Add setting to hide notification popup during playback[CR]• Improve esthetic appearance[CR]• Fix missing skin settings icons[CR]• Fix broken addon message[CR]• Other Fixes[CR][CR][B]1.5.6[/B][CR]• Add DTS-HD High Resolution icon[CR]• Add possiblity to hide time and date on top bar[CR]• Fix playspeed label[CR]• Fix poster, clearlogo and fanart when pressing "i" button on widgets[CR]• Fix poster, clearlogo and fanart on video info[CR]• Fix osd not showing with live tv[CR]• Fix 'Show fanart' on music/video info[CR]• Hide notifications on fullscreen[CR]• Allow skip chapters with button on video OSD[CR]• Updated language files from Transifex[CR][CR][B]1.5.5[/B][CR]• Add possiblity to hide CD case on music visualisation screen[CR]• Add language and subtitles language of current video on video OSD[CR]• Add possibility to hide pictures info on some views[CR]• Add new mosaics view for pictures[CR][CR][B]1.5.4[/B][CR]• Fix bad Textures.xbt[CR][CR][B]1.5.3[/B][CR]• Add aired time, season and episode number for next aired widget[CR]• Add fallback music disc (Thanks to mikeSiLVO)[CR]• Add possibility to delete / add more one rule for smartplaylist[CR]• Improve esthetic appearance[CR]• Fix media settings icon[CR]• Krypton : Update DialogGameControllers.xml[CR]• Krypton : Show playspeed on video OSD[CR][CR][B]1.5.2[/B][CR]• Add support for Library Editor addon[CR]• Add year for albums in wall info view[CR]• Move RSS at bottom[CR]• Fix Seekbar color[CR]• Fix Seekbar label[CR]• Improve esthetic appearance[CR]• PVR channel windows now can be used as Kodi start windows[CR][CR][B]1.5.1[/B][CR]• Fix on music visualisation[CR]• Improve esthetic appearance[CR][CR][B]1.5.0[/B][CR]• Add new horizontal advanced home menu[CR]• Changes on Hub Widget[CR]• Fix slider color on PlayerProcessInfo window[CR]• Fix clearlogos on Clearlogos view[CR]• Fix home screen channel widget's start and end time when no epg available[CR]• Fix sort attribute and order for tv and radio channels on home screen[CR]• Improve esthetic appearance[CR]• Many others fixes[CR][CR][B]1.4.2[/B][CR]• Changes on Hub Widget[CR]• Fix slider color on PlayerProcessInfo window[CR]• Fix clearlogos on Clearlogos view[CR]• Improve esthetic appearance[CR][CR][B]1.4.1[/B][CR]• Add possibility to use clearlogos instead of thumbnails for TV Shows Widget and Customizable Widget (thumbs)[CR]• Fix typo in mypics.xml[CR]• Fix Android apps (thanks to maxtherabbit)[CR]• Minnor fixes[CR]• Krypton : Renaming of Library settings to Media settings[CR]• Krypton : Add PlayerProcessInfo window (button 'o')[CR][CR][B]1.4.0[/B][CR]• Add 'Next airing episodes' widget for TV Shows (Requires script.module.thetvdb which is not yet in any repo (BETA stage), get it from github)[CR]• Add possibility to configure up to 6 widgets for Customizable widgets[CR]• Add new changes from original Estuary 0.8.4[CR]• Rearrange type of widgets[CR]• Improve esthetic appearance[CR]• Fix thumbnails for TV Shows Widgets[CR]• Fix submenu with Picture Widget[CR]• Fix Label2 when movie is linked to TV show[CR]• Fix ClearLogos[CR]• Fix access to addons widgets when there is no submenu[CR][CR][B]1.3.12[/B][CR]• Add possibility to disable banners for TV Shows Widget/Custom Widget (Thumbs)[CR]• Add possibility to replace episodes thumbnails by TV shows thumbnails for Custom Widget (Thumbs)[CR]• Fix widgets visibility in Customize home menu (Thanks to BobCratchett)[CR]• Media textures are now packed[CR][CR][B]1.3.11[/B][CR]• Changes in TV Shows Widget/Custom Widget (Thumbs)[CR]• Improve esthetic appearance[CR][CR][B]1.3.10[/B][CR]• Add possibility to change type of widgets for preconfigured widgets[CR]• Add new Hub widget[CR]• Show fallback behind thumb in addoninfo preview list[CR]• Make slideshow window a dialog[CR]• Updated language files from Transifex[CR]• Fix second label with home widgets[CR][CR][B]1.3.9[/B][CR]• Add Movies/TV Shows Hubs and ability to create up to 3[CR]• Add last played on video info[CR]• Fix artist label[CR][CR][B]1.3.8[/B][CR]• Now use extrafanarts for music visualisation (Artist Slideshow addon is no longer necessary)[CR]• Fix background opacity on music visualisation[CR]• Fix PVR icon[CR]• Fix next up popup for PVR[CR]• Fix animated posters on some views[CR]• Fix numeric button[CR]• Replace years by artists for albums[CR]• Other minor fixes[CR][CR][B]1.3.7[/B][CR]• Add new 'Simple wall' view[CR]• Add possibility to hide posters info[CR]• Add Next Up popup for Live TV (Thanks to sualfred)[CR]• Add preview for select dialog[CR]• Add screenshots support on addon info[CR]• Fix seasons posters on some views[CR]• Fix fullscreen button with vertical menu[CR]• Other minor fixes[CR][CR][B]1.3.6[/B][CR]• Fix Sources widget[CR][CR][B]1.3.5[/B][CR]• Add new fully customizable widgets : posters, thumbs and icons[CR]• Add player processing info on video osd[CR]• Allow TVTunes to play themes[CR]• Fix duplicate shortcuts with home menu[CR]• Fix popup notification[CR]• Other minor fixes[CR][CR][B]1.3.4[/B][CR]• Add LibreELEC / OpenELEC settings shortcut on settings panel[CR]• Add LibreELEC / OpenELEC settings shortcut on home menu[CR]• Add a small menu in personnalise home menu to move / add / delete items[CR]• Add possibility to change popup notification position[CR]• Fix on music visualisation[CR]• Fix thumbs on tv shows widgets[CR]• Fix total / watched / unwatched episodes flag with special characters (need to use Arial font)[CR]• Reordering skin settings[CR][CR][B]1.3.3[/B][CR]• Add IMDB Top 250 flag icon[CR]• Add possibility to change background color regardless of main skin color[CR]• Add button for Color Management on video OSD[CR]• Add complete discography on artist info[CR]• Now use Skin Helper Service for artists and albums description[CR]• Fix missing posters and fanarts on some views[CR]• Other minor fixes[CR]• Updated language files from Transifex[CR]• Cleanup code[CR][CR][B]1.3.2[/B][CR]• Add total / watched / unwatched episodes number for tv shows and seasons[CR]• Add possibility to hide info from Rotten Tomatoes and Metacritic[CR]• Add possibility to hide clearlogos on home menu[CR]• Add flag icons on home menu and possibility to hide them[CR]• Minor fixes[CR][CR][B]1.3.1[/B][CR]• Fix widget selection[CR]• Fix extendedinfo button on OSD with music videos[CR][CR][B]1.3.0[/B][CR]• Add 'My TV shows airing today' on default tv shows widget[CR]• Add 'Next episodes to watch' on default tv shows widget[CR]• Add yes/no dialog window when reset skin settings[CR]• Hide hard disk usage on Android system[CR]• Changes in PVR guide[CR]• Changes in personnalise home menu[CR]• Fix widgets with horizontal menu[CR]• Improve esthetic appearance[CR][CR][B]1.2.9[/B][CR]• Add horizontal home menu[CR]• Add Rotten TomatoMeter and Rotten Tomatoes Audience Score for tv shows[CR]• Fix rating flag icon color[CR]• Minnor fix[CR][CR][B]1.2.8[/B][CR]• Now use Skin Helper Service for Music Clearlogos and CDArts[CR]• Add ClearLogos on home screen for widgets[CR]• Add Fanarts on home screen for widgets[CR]• Add new Live TV widget (thanks to im85288)[CR]• Add support for music extrafanarts with Skin Helper Service[CR]• Add Clearlogos on music visualisation[CR]• Add banner on music visualisation[CR]• Add banner on tv shows info[CR]• Add new views for images : Icons wall and List[CR]• Add casting list on video OSD (thanks to im85288)[CR]• Add the file size of add-ons packages[CR]• Changes in functioning of personnalise home menu[CR]• Changes in widgets with labels on top[CR]• Changes for Krypton[CR]• Improve esthetic appearance[CR][CR][B]1.2.7[/B][CR]• Krypton : Replace changelog file with a 'news' section in addon.xml[CR]• Add possibility to change skin color[CR]• Add Clearlogo on video OSD[CR]• Add IMDB flag icon on video OSD[CR]• Add possibility to choose multi images for home menu background[CR]• Replace year by total episodes in list views for tv shows and seasons[CR]• Improve esthetic appearance[CR]• Fix poster on video OSD[CR]• Fix ratings with tv shows[CR]• Fix duration flag icon with music videos[CR]• Fix ratings with tv shows[CR]• Updated language files from Transifex[CR][CR][B]1.2.6[/B][CR]• Add new icons flags : Rotten TomatoMeter, Rotten Tomatoes Audience Score and MetaCritic rating[CR]• Add possibility to show music visualisation screen directly when playing song[CR][CR][B]1.2.5[/B][CR]• Add changes from original Estuary 0.8.0[CR]• Improve icons resolution[CR]• Changes in dialog select[CR]• Fix studios icons[CR]• Fix missing string[CR][CR][B]1.2.4[/B][CR]• Improve esthetic appearance[CR]• Fix recently added episodes widget[CR][CR][B]1.2.3[/B][CR]• Add info on Big Poster view[CR]• Add extrafanarts support for 'Show Fanart' button on video info[CR]• Now use Skin Helper Service for extrafanarts[CR][CR][B]1.2.2[/B][CR]• Add album cover for next track on music OSD[CR]• Add possibility to disable zoom effect on focus[CR]• Add Show Path button on music video info[CR]• Improve volume progress with unit[CR]• Improve clock icon[CR]• Update AudioDSPManager.xml with core changes[CR][CR][B]1.2.1[/B][CR]• Add CU LRC Lyrics addon integration on music OSD[CR]• Add new CD case on music visualisation[CR]• Add button on video OSD to access extended info[CR]• Add a setting in personnalise home menu to replace thumbnails of episodes by fanarts[CR]• Add description for each skin setting[CR]• Improve esthetic appearance[CR]• Fix list on dialog settings[CR]• Fix play/pause button on media menu[CR]• Fix episode label on videos search[CR][CR][B]1.2.0[/B][CR]• Changes in skin settings to be the same as others settings[CR]• Add possibility to reset each skin settings category individually[CR]• Add possibility to show/hide background visualisation effect[CR]• Add possibility to access to music playlist from music OSD[CR]• Add music videos on default menu[CR]• Add default music videos widget[CR]• Add AudioDSP settings and manager to music OSD[CR]• Add arrows for home menu when there is more than 9 items[CR]• Fix fanarts when playing media[CR]• Fix settings widgets[CR]• Fix video info for music videos[CR]• Improve esthetic appearance[CR]• Updated language files from Transifex[CR][CR][B]1.1.9[/B][CR]• Changes in ClearLogos and ClearArts views[CR]• Changes in profile settings to be the same as others settings[CR]• Replace settings widget by system info widget[CR]• Fix channels 4 digits on PVR guide[CR]• Fix missing recently added widget after updating library[CR]• Fix audio DSP if no modes[CR]• Improve esthetic appearance[CR][CR][B]1.1.8[/B][CR]• Add Last/Next Aired episode on some views and on TV Shows info[CR]• Add Extendedinfo video search support[CR]• Add T9 search dialog addon support[CR]• Update for GlobalSearch addon[CR]• Fix visualisation over fading[CR]• Fix header label of picture widget[CR]• Fix widget selection when no submenu is define[CR]• Fix popup notification on startup[CR]• Fix scrollbars and media menu in some case[CR]• Fix posters on some views[CR][CR][B]1.1.7[/B][CR]• Add Big Posters view[CR]• Add Library view[CR]• Add all icons for Skin Shortcuts (latest git is needed)[CR]• Add 'Recent unwatched episodes' and 'Recent unwatched movies' smartplaylists[CR]• Add possibility to hide watched episodes from recently added episodes for default TV Shows widget[CR]• Add possibility to hide watched movies from recently added movies for default Movies widget[CR]• Improve esthetic appearance[CR]• Move scrollbar to the left on left panel in File Manager[CR]• Move scrollbar to the left on select and file browser dialogs[CR]• Updated language files from Transifex[CR]• Updated default slider[CR][CR][B]1.1.6[/B][CR]• Add watched, unwatched and resume indicators on all views[CR]• Add possibility to choose ClearArt position on OSD[CR]• Add ClearLogos view[CR]• Add ClearArts view[CR]• Add Big Fanart view[CR]• Improve esthetic appearance[CR]• Changes on Shift view[CR][CR][B]1.1.5[/B][CR]• Add possibility to hide banner of picture widget[CR]• Add Estuary Mod logo to media menu[CR]• Changes on video OSD and ClearArt[CR]• Changes on TV shows widget[CR]• Fix exception in ContentProvider with extrafanarts and plugins[CR]• Fix playlist scrollbar[CR]• Other fix[CR][CR][B]1.1.4[/B][CR]• Add possibility to replace busy spinner (.gif file, multiimages folder or built-in skin)[CR]• Add possibility to show/hide background video[CR]• Add support for extrafanarts[CR]• Updated language files from Transifex[CR]• Reorganization of shortcuts and widgets[CR]• Fix Eventlog buttons[CR]• Other minor fixes[CR][CR][B]1.1.3[/B][CR]• Add track duration on album infos[CR]• Add widgets for search and bottom menu[CR]• Many fixes in PVR[CR]• Changes in skin settings[CR][CR][B]1.1.2[/B][CR]• Add settings layout changes[CR]• Remove no more needed Audio DSP Manager items[CR]• Fix buttons on Audio DSP Manager[CR]• Changes on LibreELEC Configuration and OpenELEC Configuration[CR]• Bump xbmc.gui to 5.12.0[CR]• Updated language files from Transifex[CR][CR][B]1.1.1[/B][CR]• Add support for LibreELEC Configuration and OpenELEC Configuration addons[CR]• Changes on keyboard[CR]• Fix autoscroll on list view[CR]• Fix syntax[CR][CR][B]1.1.0[/B][CR]• Add Kiosk Mode[CR]• Add possibility to hide information bars all over skin[CR]• Add possibility to change background opacity[CR]• Fix bottom bar and scroll bar[CR]• Fix on media menu[CR][CR][B]1.0.9[/B][CR]• Add possibility to hide information bars on library[CR]• Add support for recordlabels icons[CR]• Add possibility to show video/song path on info screen[CR]• Several changes[CR][CR][B]1.0.8[/B][CR]• Add last changes from original Estuary build[CR]• Add total number of installed addons on addons screen[CR]• Add languages and subtitles languages on video infos[CR]• Fix widgets position to not interfere with submenu[CR][CR][B]1.0.7[/B][CR]• Add song bitrate on osd infos[CR]• Add support for 'Weather Fanart - Multi' addon[CR]• Add default icon for roles node[CR]• Change for returns duration of a video will end if you resume it, instead of playing it from the beginning[CR]• Fix ClearArt[CR]• Fix esthetic appearance[CR][CR][B]1.0.6[/B][CR]• Add changes from original Estuary 0.7.9[CR]• Add possibility to set background in personnalize home menu[CR]• Fix tvshows posters when posters is selected for widget[CR]• Fix description label in select dialog[CR]• Fix english translation[CR]• Display fixes[CR][CR][B]1.0.5[/B][CR]• Add new search function in media menu[CR]• Remove script-globalsearch-contextmenu.xml. Not need with latest build[CR]• Minnor fixes[CR][CR][B]1.0.4[/B][CR]• Add director search support in Global Search[CR]• Add TV Show - Next Aired addon support[CR]• Changes in context menu[CR]• Fix addons icons[CR]• Add latest original build 0.7.8[CR][CR][B]1.0.3[/B][CR]• Fix on PVR[CR]• Fix on skin settings[CR][CR][B]1.0.2[/B][CR]• Add possibility to set media flags of the same color as skin[CR]• Add animated posters support[CR]• Add posters support for video addons[CR]• Replace watched and unwatched icons[CR]• Changes in duration labels and flags icons[CR]• Fix library default icons[CR]• Many others changes[CR][CR][B]1.0.1[/B][CR]• Add duration, finish time and rating flags icons[CR]• Fix OSD infos[CR]• Fix on video infos[CR]• Fix on Global Search[CR]• Fix on RSS Editor[CR]• Update french translation[CR][CR][B]1.0.0[/B][CR]• Initial release (with latest original Estuary 0.7.7)[CR]- Add Skin Shortcuts support to manage home menu and power menu[CR]- Widgets from original Estuary are selectable in personnalize home menu[CR]- Add Artwork Downloader support to download artworks[CR]- Add Artist Slideshow support for music osd[CR]- Add Global Search support to search in local library[CR]- Add Play Album support to play album directly on album infos[CR]- Add Nextup Service Notification support to show popup with next episode[CR]- Add RSS Editor support[CR]- Add ClearLogos support[CR]- Add ClearArts support[CR]- Add Music CDArts support[CR]- Add possibility to choose picture, vidéo or music at startup[CR]- Add possibility to download artworks after library update[CR]- Add possibility to choose a pictures folder with picture widget to show a slideshow[CR]- Add possibility to change weather icons[CR]- Add possibility to backup/restore skin settings[CR]- Add debug infos setting[CR]- Add new genres view with icons[CR]- Rearranging skin settings[CR]- Replace flags icons[CR]- Replace OSD buttons (Thanks Ichabod Fletchman)[CR]- Replace backgrounds without banding (Thanks Ichabod Fletchman)[CR]- Replace duration format with hours and minutes[CR]- Dolby Atmos and DTS-X naming support[CR]- Increase to 25 the number of widgets items[CR]- Bug fixes[CR]</news>
	</extension>
</addon>
