<window id="5533">
    <defaultcontrol always="true">1000</defaultcontrol>
    <backgroundcolor>background</backgroundcolor>
    <controls>
        <include>DefaultBackground</include>
        <control type="group">
            <centerleft>50%</centerleft>
            <width>1920</width>
        <control type="group">
            <left>110</left>
            <top>0</top>
            <control type ="group">
                <include>OpenClose_Right</include>
                <control type="button" id="1097">
                    <left>1046</left>
                    <top>940</top>
                    <width>48</width>
                    <height>24</height>
                    <texturefocus colordiffuse="$VAR[SkinColorVar]">overlays/arrowdown.png</texturefocus>
                    <texturenofocus colordiffuse="$VAR[SkinColorVar]">overlays/arrowdown.png</texturenofocus>
                    <animation effect="zoom" start="100,0" end="100,100" center="auto" time="200" delay="10">VisibleChange</animation>
                    <animation effect="zoom" start="100,0" end="100,100" delay="500" center="auto" time="200">WindowOpen</animation>
                    <animation effect="zoom" start="100,100" end="100,0" center="auto" time="200">WindowClose</animation>
                    <onclick>SetFocus(1100)</onclick>
                    <onclick>PageDown</onclick>
                    <visible>Container(1100).HasNext + Control.IsVisible(1100)</visible>
                    <visible>String.IsEqual(Container(1000).ListItem.Property(listTyp), 1100)</visible>
                </control>
                <control type="button" id="$PARAM[container_id]589">
                    <left>1046</left>
                    <top>105</top>
                    <width>48</width>
                    <height>24</height>
                    <texturefocus colordiffuse="$VAR[SkinColorVar]" flipy="true">overlays/arrowdown.png</texturefocus>
                    <texturenofocus colordiffuse="$VAR[SkinColorVar]" flipy="true">overlays/arrowdown.png</texturenofocus>
                    <animation effect="zoom" start="100,0" end="100,100" center="auto" time="200" delay="10">VisibleChange</animation>
                    <animation effect="zoom" start="100,0" end="100,100" delay="500" center="auto" time="200">WindowOpen</animation>
                    <animation effect="zoom" start="100,100" end="100,0" center="auto" time="200">WindowClose</animation>
                    <onclick>SetFocus(1100)</onclick>
                    <onclick>PageUp</onclick>
                    <visible>Container(1100).HasPrevious + Control.IsVisible(1100)</visible>
                    <visible>String.IsEqual(Container(1000).ListItem.Property(listTyp), 1100)</visible>
                </control>
            </control>
            <control type ="group">
                <include>OpenClose_Right</include>
                <control type="button" id="1098">
                    <left>1046</left>
                    <top>940</top>
                    <width>48</width>
                    <height>24</height>
                    <texturefocus colordiffuse="$VAR[SkinColorVar]">overlays/arrowdown.png</texturefocus>
                    <texturenofocus colordiffuse="$VAR[SkinColorVar]">overlays/arrowdown.png</texturenofocus>
                    <animation effect="zoom" start="100,0" end="100,100" center="auto" time="200" delay="10">VisibleChange</animation>
                    <animation effect="zoom" start="100,0" end="100,100" delay="500" center="auto" time="200">WindowOpen</animation>
                    <animation effect="zoom" start="100,100" end="100,0" center="auto" time="200">WindowClose</animation>
                    <onclick>SetFocus(1200)</onclick>
                    <onclick>PageDown</onclick>
                    <visible>Container(1200).HasNext + Control.IsVisible(1200)</visible>
                    <visible>String.IsEqual(Container(1000).ListItem.Property(listTyp), 1200)</visible>
                </control>
                <control type="button" id="$PARAM[container_id]589">
                    <left>1046</left>
                    <top>105</top>
                    <width>48</width>
                    <height>24</height>
                    <texturefocus colordiffuse="$VAR[SkinColorVar]" flipy="true">overlays/arrowdown.png</texturefocus>
                    <texturenofocus colordiffuse="$VAR[SkinColorVar]" flipy="true">overlays/arrowdown.png</texturenofocus>
                    <animation effect="zoom" start="100,0" end="100,100" center="auto" time="200" delay="10">VisibleChange</animation>
                    <animation effect="zoom" start="100,0" end="100,100" delay="500" center="auto" time="200">WindowOpen</animation>
                    <animation effect="zoom" start="100,100" end="100,0" center="auto" time="200">WindowClose</animation>
                    <onclick>SetFocus(1200)</onclick>
                    <onclick>PageUp</onclick>
                    <visible>Container(1200).HasPrevious + Control.IsVisible(1200)</visible>
                    <visible>String.IsEqual(Container(1000).ListItem.Property(listTyp), 1200)</visible>
                </control>
            </control>
            <control type ="group">
                <include>OpenClose_Right</include>
                <control type="button" id="1099">
                    <left>1046</left>
                    <top>940</top>
                    <width>48</width>
                    <height>24</height>
                    <texturefocus colordiffuse="$VAR[SkinColorVar]">overlays/arrowdown.png</texturefocus>
                    <texturenofocus colordiffuse="$VAR[SkinColorVar]">overlays/arrowdown.png</texturenofocus>
                    <animation effect="zoom" start="100,0" end="100,100" center="auto" time="200" delay="10">VisibleChange</animation>
                    <animation effect="zoom" start="100,0" end="100,100" delay="500" center="auto" time="200">WindowOpen</animation>
                    <animation effect="zoom" start="100,100" end="100,0" center="auto" time="200">WindowClose</animation>
                    <onclick>SetFocus(1300)</onclick>
                    <onclick>PageDown</onclick>
                    <visible>Container(1300).HasNext + Control.IsVisible(1300)</visible>
                    <visible>String.IsEqual(Container(1000).ListItem.Property(listTyp), 1300)</visible>
                </control>
                <control type="button" id="$PARAM[container_id]589">
                    <left>1046</left>
                    <top>105</top>
                    <width>48</width>
                    <height>24</height>
                    <texturefocus colordiffuse="$VAR[SkinColorVar]" flipy="true">overlays/arrowdown.png</texturefocus>
                    <texturenofocus colordiffuse="$VAR[SkinColorVar]" flipy="true">overlays/arrowdown.png</texturenofocus>
                    <animation effect="zoom" start="100,0" end="100,100" center="auto" time="200" delay="10">VisibleChange</animation>
                    <animation effect="zoom" start="100,0" end="100,100" delay="500" center="auto" time="200">WindowOpen</animation>
                    <animation effect="zoom" start="100,100" end="100,0" center="auto" time="200">WindowClose</animation>
                    <onclick>SetFocus(1300)</onclick>
                    <onclick>PageUp</onclick>
                    <visible>Container(1300).HasPrevious + Control.IsVisible(1300)</visible>
                    <visible>String.IsEqual(Container(1000).ListItem.Property(listTyp), 1300)</visible>
                </control>
            </control>
            <control type="group">
                <include>OpenClose_Left</include>
                <control type="image">
                    <description>Menu Panel</description>
                    <left>-20</left>
                    <top>138</top>
                    <width>440</width>
                    <height>792</height>
                    <texture border="22">dialogs/dialog-bg.png</texture>
                </control>
                <!-- Main Menu (left) -->
                <control type="list" id="1000">
                    <left>0</left>
                    <top>160</top>
                    <width>400</width>
                    <height>748</height>
                    <onleft>1500</onleft>
                    <pagecontrol/>
                    <itemlayout height="124.6">
                        <control type="image">
                            <left>0</left>
                            <top>0</top>
                            <width>396</width>
                            <height>124.6</height>
                            <texture border="40">lists/separator.png</texture>
                        </control>
                        <control type="label">
                            <left>0</left>
                            <textoffsetx>20</textoffsetx>
                            <top>0</top>
                            <width>396</width>
                            <height>124.6</height>
                            <align>center</align>
                            <aligny>center</aligny>
                            <textcolor>grey</textcolor>
                            <scroll>true</scroll>
                            <label>$INFO[ListItem.Label]</label>
                        </control>
                    </itemlayout>
                    <focusedlayout height="124.6">
                        <control type="image">
                            <left>0</left>
                            <top>0</top>
                            <width>396</width>
                            <height>124.6</height>
                            <texture border="40">lists/separator.png</texture>
                            <visible>!Control.HasFocus(1000)</visible>
                        </control>
                        <control type="image">
                            <top>0</top>
                            <left>2</left>
                            <width>396</width>
                            <height>124.6</height>
                            <texture colordiffuse="$VAR[SkinColorVar]">lists/focus.png</texture>
                            <visible>Control.HasFocus(1000)</visible>
                        </control>
                        <control type="label">
                            <left>0</left>
                            <textoffsetx>20</textoffsetx>
                            <top>0</top>
                            <width>396</width>
                            <height>124.6</height>
                            <align>center</align>
                            <aligny>center</aligny>
                            <scroll>true</scroll>
                            <label>$INFO[ListItem.Label]</label>
                        </control>
                    </focusedlayout>
                </control>
            </control>
            <!-- Other Content (right)-->
            <control type="group">
                <include>OpenClose_Right</include>
                <control type="image">
                    <left>420</left>
                    <top>138</top>
                    <width>1300</width>
                    <height>792</height>
                    <texture border="22">dialogs/dialog-bg.png</texture>
                </control>
                <control type="image">
                    <left>442</left>
                    <top>802</top>
                    <width>1256</width>
                    <height>3</height>
                    <texture colordiffuse="$VAR[SkinColorVar]" border="2">dialogs/separator.png</texture>
                </control>
                <control type="group" id="1900">
                    <left>470</left>
                    <top>180</top>
                    <width>1256</width>
                    <height>800</height>
                    <visible>String.IsEqual(Container(1000).ListItem.Property(listTyp), 1900)</visible>
                    <control type="image">
                        <left>930</left>
                        <top>-20</top>
                        <width>270</width>
                        <height>135</height>
                        <texture border="1">icons/libreELEC/OpenELEC.png</texture>
                    </control>
                    <control type="label">
                        <left>0</left>
                        <top>10</top>
                        <width>1000</width>
                        <height>16</height>
                        <font>font12</font>
                        <align>left</align>
                        <aligny>center</aligny>
                        <label>$ADDON[service.openelec.settings 606] [COLOR white]$INFO[Window.Property(Distri)] ($INFO[Window.Property(build)])[/COLOR]</label>
                        <textcolor>$VAR[SkinColorVar]</textcolor>
                    </control>
                    <control type="label">
                        <left>0</left>
                        <top>40</top>
                        <width>1000</width>
                        <height>16</height>
                        <font>font12</font>
                        <align>left</align>
                        <aligny>center</aligny>
                        <label>$ADDON[service.openelec.settings 607] [COLOR white]$INFO[Window.Property(Version)][/COLOR]</label>
                        <textcolor>$VAR[SkinColorVar]</textcolor>
                    </control>
                    <control type="label">
                        <left>0</left>
                        <top>70</top>
                        <width>1000</width>
                        <height>16</height>
                        <font>font12</font>
                        <align>left</align>
                        <aligny>center</aligny>
                        <label>$ADDON[service.openelec.settings 608] [COLOR white]$INFO[Window.Property(Arch)][/COLOR]</label>
                        <textcolor>$VAR[SkinColorVar]</textcolor>
                    </control>
                    <control type="textbox">
                        <left>00</left>
                        <top>110</top>
                        <width>1220</width>
                        <height>150</height>
                        <font>font10</font>
                        <textcolor>white</textcolor>
                        <label>$ADDON[service.openelec.settings 609]</label>
                        <autoscroll delay="1000" time="1000" repeat="1000">true</autoscroll>
                    </control>
                    <control type="textbox">
                        <left>0</left>
                        <top>220</top>
                        <width>1220</width>
                        <height>320</height>
                        <font>font10</font>
                        <textcolor>white</textcolor>
                        <label>$ADDON[service.openelec.settings 610]</label>
                        <autoscroll delay="1000" time="1000" repeat="1000">true</autoscroll>
                    </control>
                    <control type="textbox">
                        <left>0</left>
                        <top>530</top>
                        <width>1220</width>
                        <height>80</height>
                        <font>font10</font>
                        <textcolor>white</textcolor>
                        <align>left</align>
                        <label>$ADDON[service.openelec.settings 611]</label>
                        <autoscroll delay="1000" time="1000" repeat="1000">true</autoscroll>
                    </control>
                </control>
                <!-- simple list content -->
                <control type="list" id="1100">
                    <left>442</left>
                    <top>160</top>
                    <width>1256</width>
                    <height>640</height>
                    <onleft>1000</onleft>
                    <onright>1097</onright>
                    <scrolltime>300</scrolltime>
                    <pagecontrol>1097</pagecontrol>
                    <visible>String.IsEqual(Container(1000).ListItem.Property(listTyp), 1100)</visible>
                    <itemlayout height="42">
                        <control type="group">
                            <visible>!String.IsEqual(ListItem.Property(Typ), separator)</visible>
                            <control type="label">
                                <left>28</left>
                                <width>1000</width>
                                <height>42</height>
                                <aligny>center</aligny>
                                <font>fontContextMenu</font>
                                <info>ListItem.Label</info>
                            </control>
                            <control type="label">
                                <align>right</align>
                                <left>528</left>
                                <width>700</width>
                                <height>42</height>
                                <font>fontContextMenu</font>
                                <info>ListItem.Property(value)</info>
                                <aligny>center</aligny>
                                <visible>!String.IsEqual(ListItem.Property(Typ), bool) + !String.IsEqual(ListItem.Property(Typ), button)</visible>
                            </control>
                            <control type="image">
                                <left>0</left>
                                <top>5</top>
                                <width>1258</width>
                                <height>42</height>
                                <texture border="5">lists/separator.png</texture>
                            </control>
                        </control>
                        <control type="group">
                            <visible>String.IsEqual(ListItem.Property(Typ), separator)</visible>
                            <control type="image">
                                <description>separator image</description>
                                <top>0</top>
                                <width>1256</width>
                                <height>3</height>
                                <texture colordiffuse="AAAAAAAA" border="3">dialogs/separator-grey.png</texture>
                            </control>
                            <control type="label">
                                <width>1256</width>
                                <textoffsetx>45</textoffsetx>
                                <top>0</top>
                                <height>50</height>
                                <align>center</align>
                                <aligny>center</aligny>
                                <font>font12_title</font>
                                <textcolor>grey</textcolor>
                                <shadowcolor>black</shadowcolor>
                                <info>ListItem.Label</info>
                                <visible>true</visible>
                            </control>
                        </control>
                        <control type="group">
                            <visible>String.IsEqual(ListItem.Property(Typ), bool)</visible>
                            <control type="image">
                                <left>1153</left>
                                <top>-9</top>
                                <width>100</width>
                                <height>63</height>
                                <aspectratio>keep</aspectratio>
                                <texture>buttons/radio-button-off.png</texture>
                                <visible>String.IsEqual(ListItem.Property(value), 0) | String.IsEqual(ListItem.Property(value), false) | String.IsEmpty(ListItem.Property(value))</visible>
                            </control>
                            <control type="image">
                                <left>1153</left>
                                <top>-9</top>
                                <width>100</width>
                                <height>63</height>
                                <aspectratio>keep</aspectratio>
                                <texture>buttons/radio-button-on.png</texture>
                                <visible>String.IsEqual(ListItem.Property(value), 1) | String.IsEqual(ListItem.Property(value), true)</visible>
                            </control>
                        </control>
                    </itemlayout>
                    <focusedlayout height="42">
                        <control type="image">
                            <left>0</left>
                            <top>0</top>
                            <width>1258</width>
                            <height>42</height>
                            <visible>Control.HasFocus(1100)</visible>
                            <texture colordiffuse="$VAR[SkinColorVar]">lists/focus.png</texture>
                        </control>
                        <control type="group">
                            <visible>!String.IsEqual(ListItem.Property(Typ), separator)</visible>
                            <control type="label">
                                <left>28</left>
                                <width>1000</width>
                                <height>42</height>
                                <font>fontContextMenu</font>
                                <info>ListItem.Label</info>
                                <aligny>center</aligny>
                                <visible>Control.HasFocus(1100)</visible>
                            </control>
                            <control type="label">
                                <align>right</align>
                                <left>528</left>
                                <width>700</width>
                                <height>42</height>
                                <font>fontContextMenu</font>
                                <info>ListItem.Property(value)</info>
                                <aligny>center</aligny>
                                <visible>!String.IsEqual(ListItem.Property(Typ), bool) + !String.IsEqual(ListItem.Property(Typ), button) + Control.HasFocus(1100)</visible>
                            </control>
                            <control type="label">
                                <left>28</left>
                                <width>1000</width>
                                <height>42</height>
                                <font>fontContextMenu</font>
                                <info>ListItem.Label</info>
                                <aligny>center</aligny>
                                <visible>!Control.HasFocus(1100)</visible>
                            </control>
                            <control type="label">
                                <align>right</align>
                                <left>528</left>
                                <width>700</width>
                                <height>42</height>
                                <font>fontContextMenu</font>
                                <info>ListItem.Property(value)</info>
                                <aligny>center</aligny>
                                <visible>!String.IsEqual(ListItem.Property(Typ), bool) + !String.IsEqual(ListItem.Property(Typ), button) + !Control.HasFocus(1100)</visible>
                            </control>
                        </control>
                        <control type="group">
                            <visible>String.IsEqual(ListItem.Property(Typ), separator)</visible>
                            <control type="image">
                                <description>separator image</description>
                                <top>0</top>
                                <width>1256</width>
                                <height>3</height>
                                <texture colordiffuse="AAAAAAAA" border="3">dialogs/separator-grey.png</texture>
                            </control>
                            <control type="label">
                                <width>1256</width>
                                <textoffsetx>45</textoffsetx>
                                <top>0</top>
                                <height>50</height>
                                <align>center</align>
                                <aligny>center</aligny>
                                <font>font12_title</font>
                                <textcolor>grey</textcolor>
                                <shadowcolor>black</shadowcolor>
                                <info>ListItem.Label</info>
                                <visible>true</visible>
                            </control>
                        </control>
                        <control type="group">
                            <visible>String.IsEqual(ListItem.Property(Typ), bool)</visible>
                            <control type="image">
                                <left>1153</left>
                                <top>-9</top>
                                <width>100</width>
                                <height>63</height>
                                <aspectratio>keep</aspectratio>
                                <texture>buttons/radio-button-off.png</texture>
                                <visible>String.IsEqual(ListItem.Property(value), 0) | String.IsEqual(ListItem.Property(value),false) | String.IsEmpty(ListItem.Property(value))</visible>
                            </control>
                            <control type="image">
                                <left>1153</left>
                                <top>-9</top>
                                <width>100</width>
                                <height>63</height>
                                <aspectratio>keep</aspectratio>
                                <texture>buttons/radio-button-on.png</texture>
                                <visible>String.IsEqual(ListItem.Property(value), 1) | String.IsEqual(ListItem.Property(value),true)</visible>
                            </control>
                        </control>
                    </focusedlayout>
                </control>
                <!-- Network Menu Content -->
                <control type="list" id="1200">
                    <left>442</left>
                    <top>160</top>
                    <width>1256</width>
                    <height>640</height>
                    <onleft>1000</onleft>
                    <onright>1098</onright>
                    <pagecontrol>1098</pagecontrol>
                    <scrolltime>300</scrolltime>
                    <visible>String.IsEqual(Container(1000).ListItem.Property(listTyp), 1200)</visible>
                    <itemlayout height="105">
                        <left>0</left>
                        <top>0</top>
                        <control type="image">
                            <left>0</left>
                            <top>0</top>
                            <width>1258</width>
                            <height>105</height>
                            <texture border="90,3,90,3">lists/separator.png</texture>
                        </control>
                        <!-- Icon ethernet -->
                        <control type="image">
                            <left>30</left>
                            <top>20</top>
                            <width>58</width>
                            <height>58</height>
                            <aspectratio>keep</aspectratio>
                            <visible>String.IsEqual(ListItem.Property(netType), ethernet)</visible>
                            <texture>icons/libreELEC/eth.png</texture>
                        </control>
                        <!-- Icon wifi -->
                        <control type="image">
                            <left>30</left>
                            <top>20</top>
                            <width>58</width>
                            <height>58</height>
                            <aspectratio>keep</aspectratio>
                            <visible>String.IsEqual(ListItem.Property(netType), wifi)</visible>
                            <texture>icons/libreELEC/wlan.png</texture>
                        </control>
                        <!-- Connection Name -->
                        <control type="label">
                            <left>100</left>
                            <top>10</top>
                            <width>700</width>
                            <height>30</height>
                            <font>font24_title</font>
                            <textcolor>$VAR[SkinColorVar]</textcolor>
                            <info>ListItem.Label</info>
                            <visible>true</visible>
                        </control>
                        <!-- Interface -->
                        <control type="label">
                            <left>100</left>
                            <top>49</top>
                            <width>240</width>
                            <height>20</height>
                            <font>font12</font>
                            <label>[B]$ADDON[service.openelec.settings 601] : [/B]$INFO[ListItem.Property(Interface)]</label>
                            <visible>!String.IsEmpty(ListItem.Property(Interface))</visible>
                        </control>
                        <!-- Connection Address -->
                        <control type="label">
                            <left>320</left>
                            <top>49</top>
                            <width>300</width>
                            <height>20</height>
                            <font>font12</font>
                            <label>[B]$ADDON[service.openelec.settings 602] : [/B]$INFO[ListItem.Property(Address)]</label>
                            <visible>String.IsEqual(ListItem.Property(State), online) | String.IsEqual(ListItem.Property(State), ready)</visible>
                        </control>
                        <!-- Method -->
                        <control type="label">
                            <left>1000</left>
                            <top>49</top>
                            <width>300</width>
                            <height>20</height>
                            <font>font12</font>
                            <label>[B]$ADDON[service.openelec.settings 603] : [/B]$INFO[ListItem.Property(Method)]</label>
                        </control>
                        <!-- State -->
                        <control type="label">
                            <left>1000</left>
                            <top>20</top>
                            <width>300</width>
                            <height>20</height>
                            <font>font12</font>
                            <label>[B]$ADDON[service.openelec.settings 604] : [/B]$INFO[ListItem.Property(State)]</label>
                        </control>
                        <!-- Signal strength -->
                        <control type="progress">
                            <left>30</left>
                            <top>85</top>
                            <width>1160</width>
                            <height>12</height>
                            <info>ListItem.Property(Strength)</info>
                            <visible>String.IsEqual(ListItem.Property(netType), wifi)</visible>
                        </control>
                        <!-- Signal strength value -->
                        <control type="label">
                            <left>1180</left>
                            <top>73</top>
                            <width>40</width>
                            <height>40</height>
                            <font>font10</font>
                            <align>right</align>
                            <textcolor>white</textcolor>
                            <info>ListItem.Property(Strength)</info>
                            <visible>String.IsEqual(ListItem.Property(netType), wifi)</visible>
                        </control>
                        <!-- Online Symbol (top right) -->
                        <control type="image">
                            <left>800</left>
                            <top>57</top>
                            <width>20</width>
                            <height>20</height>
                            <aspectratio>keep</aspectratio>
                            <visible>String.IsEqual(ListItem.Property(State), online) | String.IsEqual(ListItem.Property(State), ready)</visible>
                            <texture>icons/libreELEC/connected.png</texture>
                        </control>
                        <!-- Favorite Symbol (bottom right) -->
                        <control type="image">
                            <left>770</left>
                            <top>57</top>
                            <width>20</width>
                            <height>20</height>
                            <aspectratio>keep</aspectratio>
                            <visible>String.IsEqual(ListItem.Property(Favorite), 1)</visible>
                            <texture>icons/libreELEC/favorite.png</texture>
                        </control>
                        <!-- Secure Symbol (bottom right) -->
                        <control type="image">
                            <left>740</left>
                            <top>57</top>
                            <width>20</width>
                            <height>20</height>
                            <aspectratio>keep</aspectratio>
                            <visible>Integer.IsGreater(ListItem.Property(Security), 0)</visible>
                            <texture>icons/libreELEC/key.png</texture>
                        </control>
                    </itemlayout>
                    <focusedlayout height="105">
                        <left>0</left>
                        <top>0</top>
                        <control type="image">
                            <left>0</left>
                            <top>0</top>
                            <width>1258</width>
                            <height>105</height>
                            <visible>Control.HasFocus(1200)</visible>
                            <texture colordiffuse="$VAR[SkinColorVar]">lists/focus.png</texture>
                        </control>
                        <!-- Icon ethernet -->
                        <control type="image">
                            <left>30</left>
                            <top>20</top>
                            <width>58</width>
                            <height>58</height>
                            <aspectratio>keep</aspectratio>
                            <visible>String.IsEqual(ListItem.Property(netType), ethernet)</visible>
                            <texture>icons/libreELEC/eth.png</texture>
                        </control>
                        <!-- Icon wifi -->
                        <control type="image">
                            <left>30</left>
                            <top>20</top>
                            <width>58</width>
                            <height>58@@</height>
                            <aspectratio>keep</aspectratio>
                            <visible>String.IsEqual(ListItem.Property(netType), wifi)</visible>
                            <texture>icons/libreELEC/wlan.png</texture>
                        </control>
                        <!-- Connection Name -->
                        <control type="label">
                            <left>100</left>
                            <top>10</top>
                            <width>700</width>
                            <height>30</height>
                            <font>font24_title</font>
                            <info>ListItem.Label</info>
                            <visible>true</visible>
                        </control>
                        <!-- Interface -->
                        <control type="label">
                            <left>100</left>
                            <top>49</top>
                            <width>240</width>
                            <height>20</height>
                            <font>font12</font>
                            <label>[B]$ADDON[service.openelec.settings 601] : [/B]$INFO[ListItem.Property(Interface)]</label>
                            <visible>!String.IsEmpty(ListItem.Property(Interface))</visible>
                        </control>
                        <!-- Connection Address -->
                        <control type="label">
                            <left>320</left>
                            <top>49</top>
                            <width>300</width>
                            <height>20</height>
                            <font>font12</font>
                            <label>[B]$ADDON[service.openelec.settings 602] : [/B]$INFO[ListItem.Property(Address)]</label>
                            <visible>String.IsEqual(ListItem.Property(State), online) | String.IsEqual(ListItem.Property(State), ready)</visible>
                        </control>
                        <!-- Method -->
                        <control type="label">
                            <left>1000</left>
                            <top>49</top>
                            <width>300</width>
                            <height>20</height>
                            <font>font12</font>
                            <label>[B]$ADDON[service.openelec.settings 603] : [/B]$INFO[ListItem.Property(Method)]</label>
                        </control>
                        <!-- State -->
                        <control type="label">
                            <left>1000</left>
                            <top>20</top>
                            <width>300</width>
                            <height>20</height>
                            <font>font12</font>
                            <label>[B]$ADDON[service.openelec.settings 604] : [/B]$INFO[ListItem.Property(State)]</label>
                        </control>
                        <!-- Signal strength -->
                        <control type="progress">
                            <left>30</left>
                            <top>85</top>
                            <width>1160</width>
                            <height>12</height>
                            <midtexture border="3">progress/texturebg_white.png</midtexture>
                            <info>ListItem.Property(Strength)</info>
                            <visible>String.IsEqual(ListItem.Property(netType), wifi)</visible>
                        </control>
                        <!-- Signal strength value -->
                        <control type="label">
                            <left>1180</left>
                            <top>73</top>
                            <width>40</width>
                            <height>40</height>
                            <font>font10</font>
                            <align>right</align>
                            <textcolor>white</textcolor>
                            <info>ListItem.Property(Strength)</info>
                            <visible>String.IsEqual(ListItem.Property(netType), wifi)</visible>
                        </control>
                        <!-- Online Symbol (top right) -->
                        <control type="image">
                            <left>800</left>
                            <top>57</top>
                            <width>20</width>
                            <height>20</height>
                            <aspectratio>keep</aspectratio>
                            <visible>String.IsEqual(ListItem.Property(State), online) | String.IsEqual(ListItem.Property(State), ready)</visible>
                            <texture>icons/libreELEC/connected.png</texture>
                        </control>
                        <!-- Favorite Symbol (bottom right) -->
                        <control type="image">
                            <left>770</left>
                            <top>57</top>
                            <width>20</width>
                            <height>20</height>
                            <aspectratio>keep</aspectratio>
                            <visible>String.IsEqual(ListItem.Property(Favorite), 1)</visible>
                            <texture>icons/libreELEC/favorite.png</texture>
                        </control>
                        <!-- Secure Symbol (bottom right) -->
                        <control type="image">
                            <left>740</left>
                            <top>57</top>
                            <width>20</width>
                            <height>20</height>
                            <aspectratio>keep</aspectratio>
                            <visible>Integer.IsGreater(ListItem.Property(Security), 0)</visible>
                            <texture>icons/libreELEC/key.png</texture>
                        </control>
                    </focusedlayout>
                </control>
                <!-- Bluetooth Menu Content -->
                <control type="label" id="1301">
                    <left>442</left>
                    <top>200</top>
                    <width>1300</width>
                    <height>220</height>
                    <info></info>
                    <align>center</align>
                    <visible>String.IsEqual(Container(1000).ListItem.Property(listTyp), 1300) + String.IsEqual(Container(1300).NumItems, 0)</visible>
                </control>
                <control type="list" id="1300">
                    <left>442</left>
                    <top>160</top>
                    <width>1256</width>
                    <height>640</height>
                    <onleft>1000</onleft>
                    <onright>1099</onright>
                    <pagecontrol>1099</pagecontrol>
                    <scrolltime>300</scrolltime>
                    <visible>String.IsEqual(Container(1000).ListItem.Property(listTyp), 1300)</visible>
                    <itemlayout height="105">
                        <left>0</left>
                        <top>0</top>
                        <control type="image">
                            <left>0</left>
                            <top>0</top>
                            <width>1258</width>
                            <height>105</height>
                            <texture border="90,3,90,3">lists/separator.png</texture>
                        </control>
                        <!-- default -->
                        <control type="image">
                            <left>30</left>
                            <top>20</top>
                            <width>58</width>
                            <height>58</height>
                            <aspectratio>keep</aspectratio>
                            <visible>String.IsEqual(ListItem.Property(Icon), default)</visible>
                            <texture>icons/libreELEC/bt.png</texture>
                        </control>
                        <!-- modem -->
                        <control type="image">
                            <left>30</left>
                            <top>20</top>
                            <width>58</width>
                            <height>58</height>
                            <aspectratio>keep</aspectratio>
                            <visible>String.IsEqual(ListItem.Property(Icon), modem)</visible>
                            <texture>icons/libreELEC/bt-modem.png</texture>
                        </control>
                        <!-- audio -->
                        <control type="image">
                            <left>30</left>
                            <top>20</top>
                            <width>58</width>
                            <height>58</height>
                            <aspectratio>keep</aspectratio>
                            <visible>String.IsEqual(ListItem.Property(Icon), audio-card)</visible>
                            <texture>icons/libreELEC/bt-audio-card.png</texture>
                        </control>
                        <!-- Camera Photo -->
                        <control type="image">
                            <left>30</left>
                            <top>20</top>
                            <width>58</width>
                            <height>58</height>
                            <aspectratio>keep</aspectratio>
                            <visible>String.IsEqual(ListItem.Property(Icon), camera-photo)</visible>
                            <texture>icons/libreELEC/bt-camera-photo.png</texture>
                        </control>
                        <!-- Icon phone -->
                        <control type="image">
                            <left>30</left>
                            <top>20</top>
                            <width>58</width>
                            <height>58</height>
                            <aspectratio>keep</aspectratio>
                            <visible>String.IsEqual(ListItem.Property(Icon), phone)</visible>
                            <texture>icons/libreELEC/bt-phone.png</texture>
                        </control>
                        <!-- camera-video -->
                        <control type="image">
                            <left>30</left>
                            <top>20</top>
                            <width>58</width>
                            <height>58</height>
                            <aspectratio>keep</aspectratio>
                            <visible>String.IsEqual(ListItem.Property(Icon), camera-video)</visible>
                            <texture>icons/libreELEC/bt-camera-video.png</texture>
                        </control>
                        <!-- input-mouse -->
                        <control type="image">
                            <left>30</left>
                            <top>20</top>
                            <width>58</width>
                            <height>58</height>
                            <aspectratio>keep</aspectratio>
                            <visible>String.IsEqual(ListItem.Property(Icon), input-mouse)</visible>
                            <texture>icons/libreELEC/bt-input-mouse.png</texture>
                        </control>
                        <!-- input-gaming -->
                        <control type="image">
                            <left>30</left>
                            <top>20</top>
                            <width>58</width>
                            <height>58</height>
                            <aspectratio>keep</aspectratio>
                            <visible>String.IsEqual(ListItem.Property(Icon), input-gaming)</visible>
                            <texture>icons/libreELEC/bt-input-gaming.png</texture>
                        </control>
                        <!-- input-keyboard -->
                        <control type="image">
                            <left>30</left>
                            <top>20</top>
                            <width>58</width>
                            <height>58</height>
                            <aspectratio>keep</aspectratio>
                            <visible>String.IsEqual(ListItem.Property(Icon), input-keyboard)</visible>
                            <texture>icons/libreELEC/bt-input-keyboard.png</texture>
                        </control>
                        <!-- input-tablet -->
                        <control type="image">
                            <left>30</left>
                            <top>20</top>
                            <width>58</width>
                            <height>58</height>
                            <aspectratio>keep</aspectratio>
                            <visible>String.IsEqual(ListItem.Property(Icon), input-tablet)</visible>
                            <texture>icons/libreELEC/bt-input-tablet.png</texture>
                        </control>
                        <!-- Printer -->
                        <control type="image">
                            <left>30</left>
                            <top>20</top>
                            <width>58</width>
                            <height>58</height>
                            <aspectratio>keep</aspectratio>
                            <visible>String.IsEqual(ListItem.Property(Icon), printer)</visible>
                            <texture>icons/libreELEC/bt-printer.png</texture>
                        </control>
                        <!-- Computer -->
                        <control type="image">
                            <left>30</left>
                            <top>20</top>
                            <width>58</width>
                            <height>58</height>
                            <aspectratio>keep</aspectratio>
                            <visible>String.IsEqual(ListItem.Property(Icon), computer)</visible>
                            <texture>icons/libreELEC/bt-computer.png</texture>
                        </control>
                        <!-- Connection Name -->
                        <control type="label">
                            <left>100</left>
                            <top>10</top>
                            <width>700</width>
                            <height>30</height>
                            <font>font24_title</font>
                            <textcolor>$VAR[SkinColorVar]</textcolor>
                            <info>ListItem.Label</info>
                            <visible>true</visible>
                        </control>
                        <!-- Connection Address -->
                        <control type="label">
                            <left>100</left>
                            <top>49</top>
                            <width>350</width>
                            <height>20</height>
                            <font>font12</font>
                            <label>[B]$ADDON[service.openelec.settings 605] : [/B]$INFO[ListItem.Property(Address)]</label>
                        </control>
                        <!-- Connected State -->
                        <control type="label">
                            <left>1000</left>
                            <top>49</top>
                            <width>350</width>
                            <height>20</height>
                            <font>font12</font>
                            <label>[B]$ADDON[service.openelec.settings 32333][/B]$INFO[ListItem.Property(ConnectedState)]</label>
                        </control>
                        <!-- Paired Symbol (bottom right) -->
                        <control type="image">
                            <left>770</left>
                            <top>57</top>
                            <width>20</width>
                            <height>20</height>
                            <aspectratio>keep</aspectratio>
                            <visible>String.IsEqual(ListItem.Property(Paired), 1)</visible>
                            <texture>icons/libreELEC/favorite.png</texture>
                        </control>
                        <!-- Trusted Symbol (bottom right) -->
                        <control type="image">
                            <left>740</left>
                            <top>57</top>
                            <width>20</width>
                            <height>20</height>
                            <aspectratio>keep</aspectratio>
                            <visible>Integer.IsGreater(ListItem.Property(Trusted), 0)</visible>
                            <texture>icons/libreELEC/key.png</texture>
                        </control>
                    </itemlayout>
                    <focusedlayout height="105">
                        <left>0</left>
                        <top>0</top>
                        <control type="image">
                            <left>0</left>
                            <top>0</top>
                            <width>1258</width>
                            <height>105</height>
                            <visible>Control.HasFocus(1300)</visible>
                            <texture colordiffuse="$VAR[SkinColorVar]">lists/focus.png</texture>
                        </control>
                        <!-- default -->
                        <control type="image">
                            <left>30</left>
                            <top>20</top>
                            <width>58</width>
                            <height>58</height>
                            <aspectratio>keep</aspectratio>
                            <visible>String.IsEqual(ListItem.Property(Icon), default)</visible>
                            <texture>icons/libreELEC/bt.png</texture>
                        </control>
                        <!-- modem -->
                        <control type="image">
                            <left>30</left>
                            <top>20</top>
                            <width>58</width>
                            <height>58</height>
                            <aspectratio>keep</aspectratio>
                            <visible>String.IsEqual(ListItem.Property(Icon), modem)</visible>
                            <texture>icons/libreELEC/bt-modem.png</texture>
                        </control>
                        <!-- audio -->
                        <control type="image">
                            <left>30</left>
                            <top>20</top>
                            <width>58</width>
                            <height>58</height>
                            <aspectratio>keep</aspectratio>
                            <visible>String.IsEqual(ListItem.Property(Icon), audio-card)</visible>
                            <texture>icons/libreELEC/bt-audio-card.png</texture>
                        </control>
                        <!-- Camera Photo -->
                        <control type="image">
                            <left>30</left>
                            <top>20</top>
                            <width>58</width>
                            <height>58</height>
                            <aspectratio>keep</aspectratio>
                            <visible>String.IsEqual(ListItem.Property(Icon), camera-photo)</visible>
                            <texture>icons/libreELEC/bt-camera-photo.png</texture>
                        </control>
                        <!-- Icon phone -->
                        <control type="image">
                            <left>30</left>
                            <top>20</top>
                            <width>58</width>
                            <height>58</height>
                            <aspectratio>keep</aspectratio>
                            <visible>String.IsEqual(ListItem.Property(Icon), phone)</visible>
                            <texture>icons/libreELEC/bt-phone.png</texture>
                        </control>
                        <!-- camera-video -->
                        <control type="image">
                            <left>30</left>
                            <top>20</top>
                            <width>58</width>
                            <height>58</height>
                            <aspectratio>keep</aspectratio>
                            <visible>String.IsEqual(ListItem.Property(Icon), camera-video)</visible>
                            <texture>icons/libreELEC/bt-camera-video.png</texture>
                        </control>
                        <!-- input-mouse -->
                        <control type="image">
                            <left>30</left>
                            <top>20</top>
                            <width>58</width>
                            <height>58</height>
                            <aspectratio>keep</aspectratio>
                            <visible>String.IsEqual(ListItem.Property(Icon), input-mouse)</visible>
                            <texture>icons/libreELEC/bt-input-mouse.png</texture>
                        </control>
                        <!-- input-gaming -->
                        <control type="image">
                            <left>30</left>
                            <top>20</top>
                            <width>58</width>
                            <height>58</height>
                            <aspectratio>keep</aspectratio>
                            <visible>String.IsEqual(ListItem.Property(Icon), input-gaming)</visible>
                            <texture>icons/libreELEC/bt-input-gaming.png</texture>
                        </control>
                        <!-- input-keyboard -->
                        <control type="image">
                            <left>30</left>
                            <top>20</top>
                            <width>58</width>
                            <height>58</height>
                            <aspectratio>keep</aspectratio>
                            <visible>String.IsEqual(ListItem.Property(Icon), input-keyboard)</visible>
                            <texture>icons/libreELEC/bt-input-keyboard.png</texture>
                        </control>
                        <!-- input-tablet -->
                        <control type="image">
                            <left>30</left>
                            <top>20</top>
                            <width>58</width>
                            <height>58</height>
                            <aspectratio>keep</aspectratio>
                            <visible>String.IsEqual(ListItem.Property(Icon), input-tablet)</visible>
                            <texture>icons/libreELEC/bt-input-tablet.png</texture>
                        </control>
                        <!-- Printer -->
                        <control type="image">
                            <left>30</left>
                            <top>20</top>
                            <width>58</width>
                            <height>58</height>
                            <aspectratio>keep</aspectratio>
                            <visible>String.IsEqual(ListItem.Property(Icon), printer)</visible>
                            <texture>icons/libreELEC/bt-printer.png</texture>
                        </control>
                        <!-- Computer -->
                        <control type="image">
                            <left>30</left>
                            <top>20</top>
                            <width>58</width>
                            <height>58</height>
                            <aspectratio>keep</aspectratio>
                            <visible>String.IsEqual(ListItem.Property(Icon), computer)</visible>
                            <texture>icons/libreELEC/bt-computer.png</texture>
                        </control>
                        <!-- Connection Name -->
                        <control type="label">
                            <left>100</left>
                            <top>10</top>
                            <width>390</width>
                            <height>30</height>
                            <font>font24_title</font>
                            <info>ListItem.Label</info>
                            <visible>true</visible>
                        </control>
                        <!-- Connection Address -->
                        <control type="label">
                            <left>100</left>
                            <top>49</top>
                            <width>350</width>
                            <height>20</height>
                            <font>font12</font>
                            <label>[B]$ADDON[service.openelec.settings 605] : [/B]$INFO[ListItem.Property(Address)]</label>
                        </control>
                        <!-- Connected State -->
                        <control type="label">
                            <left>1000</left>
                            <top>49</top>
                            <width>350</width>
                            <height>20</height>
                            <font>font12</font>
                            <label>[B]$ADDON[service.openelec.settings 32333][/B]$INFO[ListItem.Property(ConnectedState)]</label>
                        </control>
                        <!-- Paired Symbol (bottom right) -->
                        <control type="image">
                            <left>770</left>
                            <top>57</top>
                            <width>20</width>
                            <height>20</height>
                            <aspectratio>keep</aspectratio>
                            <visible>String.IsEqual(ListItem.Property(Paired), 1)</visible>
                            <texture>icons/libreELEC/favorite.png</texture>
                        </control>
                        <!-- Trusted Symbol (bottom right) -->
                        <control type="image">
                            <left>740</left>
                            <top>57</top>
                            <width>20</width>
                            <height>20</height>
                            <aspectratio>keep</aspectratio>
                            <visible>Integer.IsGreater(ListItem.Property(Trusted), 0)</visible>
                            <texture>icons/libreELEC/key.png</texture>
                        </control>
                    </focusedlayout>
                </control>
            </control>
            <control type="group">
                <include>OpenClose_Right</include>
                <control type="textbox" id="1400">
                    <description>Appearance Description</description>
                    <left>470</left>
                    <top>810</top>
                    <width>1185</width>
                    <height>95</height>
                    <font>font12</font>
                    <label>$INFO[Window.Property(InfoText)]</label>
                    <align>justify</align>
                    <textcolor>$VAR[SkinColorVar]</textcolor>
                    <autoscroll time="3000" delay="4000" repeat="5000">true</autoscroll>
                </control>
            </control>
            <control type="button" id="1504">
                <left>570</left>
                <top>520</top>
                <width>230</width>
                <height>40</height>
                <visible>true</visible>
                <label></label>
                <align>center</align>
                <onup>1000</onup>
                <ondown>1501</ondown>
                <onleft>1501</onleft>
                <onright>1503</onright>
                <visible>!String.IsEmpty(Control.GetLabel(1504))</visible>
            </control>
            <control type="button" id="1503">
                <left>825</left>
                <top>520</top>
                <width>230</width>
                <height>40</height>
                <visible>true</visible>
                <label></label>
                <align>center</align>
                <onup>1000</onup>
                <ondown>1502</ondown>
                <onleft>1504</onleft>
                <onright>1000</onright>
                <visible>!String.IsEmpty(Control.GetLabel(1503))</visible>
            </control>
            <control type="button" id="1502">
                <left>825</left>
                <top>575</top>
                <width>230</width>
                <height>40</height>
                <visible>true</visible>
                <label></label>
                <align>center</align>
                <onup>1503</onup>
                <ondown>1000</ondown>
                <onleft>1501</onleft>
                <onright>1000</onright>
                <visible>!String.IsEmpty(Control.GetLabel(1502))</visible>
            </control>
            <control type="button" id="1501">
                <left>570</left>
                <top>575</top>
                <width>230</width>
                <height>40</height>
                <visible>true</visible>
                <label></label>
                <align>center</align>
                <onup>1504</onup>
                <ondown>1000</ondown>
                <onleft>1500</onleft>
                <onright>1502</onright>
                <visible>!String.IsEmpty(Control.GetLabel(1501))</visible>
            </control>
            <control type="button" id="1500">
                <left>315</left>
                <top>575</top>
                <width>230</width>
                <height>40</height>
                <visible>true</visible>
                <label></label>
                <align>center</align>
                <onup>1000</onup>
                <ondown>1000</ondown>
                <onleft>1000</onleft>
                <onright>1501</onright>
                <visible>!String.IsEmpty(Control.GetLabel(1500))</visible>
            </control>
        </control>
        </control>
        <include content="TopBar">
            <param name="breadcrumbs_label" value="$ADDON[service.openelec.settings 600]" />
            <param name="breadcrumbs_icon" value="icons/settings/settings.png" />
        </include>
        <include content="BottomBar">
            <param name="info_visible" value="true" />
        </include>
    </controls>
</window>