<?xml version="1.0" encoding="UTF-8"?>
<overrides>

<!-- Icons overrides -->
	<icon image="DefaultShortcut.png">special://skin/extras/icons/addtile.png</icon>
	<icon labelID="livetv">DefaultTVGuide.png</icon>
	<icon labelID="radio">DefaultRadioGuide.png</icon>

<!-- Additionnal Widgets -->
    <widget label="40008" icon="Weather.png">WeatherWidget</widget>
    <widget label="40009" icon="DefaultMovies.png">MoviesWidget</widget>
    <widget label="40010" icon="DefaultTVShows.png">TVShowsWidget</widget>
    <widget label="40115" icon="DefaultMusicVideos.png">MusicVideoWidget</widget>
    <widget label="40011" icon="DefaultMusicSongs.png">MusicWidget</widget>
    <widget label="40012" icon="DefaultAddon.png">AddonsWidget</widget>
    <widget label="40013" icon="DefaultNetwork.png">SourcesWidget</widget>
    <widget label="40014" icon="DefaultTVGuide.png">LiveTVWidget</widget>
    <widget label="40015" icon="DefaultRadioGuide.png">RadioWidget</widget>
    <widget label="40016" icon="DefaultPicture.png">PictureWidget</widget>

<!-- Default Widgets -->    
    <widgetdefault labelID="videos">SourcesWidget</widgetdefault>
    <widgetdefault labelID="movies">MoviesWidget</widgetdefault>
    <widgetdefault labelID="tvshows">TVShowsWidget</widgetdefault>
    <widgetdefault labelID="musicvideo">MusicVideoWidget</widgetdefault>
    <widgetdefault labelID="music">MusicWidget</widgetdefault>
    <widgetdefault labelID="radio">RadioWidget</widgetdefault>
    <widgetdefault labelID="livetv">LiveTVWidget</widgetdefault>
    <widgetdefault labelID="pictures">PictureWidget</widgetdefault>
    <widgetdefault labelID="addons">AddonsWidget</widgetdefault>
    <widgetdefault labelID="weather">WeatherWidget</widgetdefault>

<!-- Default Backgrounds -->        
    <backgrounddefault labelID="videos">special://skin/extras/home-images/videos.jpg</backgrounddefault>
    <backgrounddefault labelID="movies">special://skin/extras/home-images/movies.jpg</backgrounddefault>
    <backgrounddefault labelID="tvshows">special://skin/extras/home-images/tvshows.jpg</backgrounddefault>
    <backgrounddefault labelID="musicvideo">special://skin/extras/home-images/musicvideo.jpg</backgrounddefault>
    <backgrounddefault labelID="music">special://skin/extras/home-images/music.jpg</backgrounddefault>
    <backgrounddefault labelID="radio">special://skin/extras/home-images/radio.jpg</backgrounddefault>
    <backgrounddefault labelID="livetv">special://skin/extras/home-images/livetv.jpg</backgrounddefault>
    <backgrounddefault labelID="pictures">special://skin/extras/home-images/pictures.jpg</backgrounddefault>
    <backgrounddefault labelID="addons">special://skin/extras/home-images/addons.jpg</backgrounddefault>
    <backgrounddefault labelID="weather">special://skin/extras/home-images/weather.jpg</backgrounddefault>
    
<!-- Widget Style -->
    <propertySettings property="WidgetStyle.1" buttonID="3121" title="$LOCALIZE[40017] 1" showNone="False" />
    <property property="WidgetStyle.1">$LOCALIZE[40020]</property>
    <property property="WidgetStyle.1">$LOCALIZE[40021]</property>
    <property property="WidgetStyle.1">$LOCALIZE[40022]</property>
    
    <propertySettings property="WidgetStyle.2" buttonID="3123" title="$LOCALIZE[40017] 2" showNone="False" />
    <property property="WidgetStyle.2">$LOCALIZE[40020]</property>
    <property property="WidgetStyle.2">$LOCALIZE[40021]</property>
    <property property="WidgetStyle.2">$LOCALIZE[40022]</property>
    
    <propertySettings property="WidgetStyle.3" buttonID="3125" title="$LOCALIZE[40017] 3" showNone="False" />
    <property property="WidgetStyle.3">$LOCALIZE[40020]</property>
    <property property="WidgetStyle.3">$LOCALIZE[40021]</property>
    <property property="WidgetStyle.3">$LOCALIZE[40022]</property>
    
    <propertySettings property="WidgetStyle.4" buttonID="3127" title="$LOCALIZE[40017] 4" showNone="False" />
    <property property="WidgetStyle.4">$LOCALIZE[40020]</property>
    <property property="WidgetStyle.4">$LOCALIZE[40021]</property>
    <property property="WidgetStyle.4">$LOCALIZE[40022]</property>

<!-- Widget Settings -->    
    <propertySettings toggle="HideBannerWidget" buttonID="3129" templateonly="True" />
    <propertySettings property="PictureWidget" buttonID="3128" title="Path" showNone="True" imageBrowse="True" />    

<!-- Background -->
    <backgroundBrowse default="Yes">Single</backgroundBrowse>
    
<!-- Icons Directory -->
    <thumbnailBrowseDefault>special://skin/extras/icons/</thumbnailBrowseDefault>    

<!-- Groupings -->    
    <groupings>
		<node label="32029">
			<content>common</content>
			<shortcut label="$ADDON[script.skin.helper.service 32062]" type="32010" icon="DefaultFolder.png" condition="System.HasAddon(script.skin.helper.service)">||BROWSE||script.skin.helper.service/?action=smartshortcuts</shortcut>
		</node>
		<node label="32030">
			<content>video</content>
			<node label="32040">
				<content>playlist-video</content>
			</node>
			<node label="32010">
				<shortcut label="1037" type="32014" icon="DefaultAddonVideo.png">ActivateWindow(Videos,Addons,return)</shortcut>
				<content>addon-video</content>
			</node>
			<node label="32075">
				<content>videosources</content>
				<content>upnp-video</content>
			</node>
		</node>
		<node label="32031">
			<content>music</content>
			<node label="32040">
				<content>playlist-audio</content>
			</node>
			<node label="32011">
				<shortcut label="1038" type="32019" icon="DefaultAddonMusic.png">ActivateWindow(MusicLibrary,Addons,return)</shortcut>
				<content>addon-audio</content>
			</node>
			<node label="32075">
				<content>musicsources</content>
				<content>upnp-music</content>
			</node>
		</node>
		<node label="32017" condition="System.GetBool(pvrmanager.enabled)" version="13">
			<content>pvr</content>
			<node label="19023">
				<content>pvr-tv</content>
			</node>
			<node label="19024">
				<content>pvr-radio</content>
			</node>
		</node>
		<node label="32017" condition="PVR.HasTVChannels">
			<content>pvr</content>
			<node label="19023">
				<content>pvr-tv</content>
			</node>
		</node>
		<node label="32087" condition="PVR.HasRadioChannels">
			<content>radio</content>
			<node label="19024">
				<content>pvr-radio</content>
			</node>
		</node>
		<node label="32020">
			<content>picturesources</content>
		</node>
		<node label="32007">
			<node label="32009">
				<shortcut label="10001" type="32021" icon="DefaultAddonProgram.png">ActivateWindow(Programs,Addons,return)</shortcut>
				<shortcut label="20244" type="32021" icon="DefaultAddonProgram.png" condition="System.Platform.Android">ActivateWindow(Programs,androidapp://sources/apps,return)</shortcut>
				<content>addon-program</content>
			</node>
			<node label="32010">
				<shortcut label="1037" type="32014" icon="DefaultAddonVideo.png">ActivateWindow(Videos,Addons,return)</shortcut>
				<content>addon-video</content>
			</node>
			<node label="32011">
				<shortcut label="1038" type="32019" icon="DefaultAddonMusic.png">ActivateWindow(MusicLibrary,Addons,return)</shortcut>
				<content>addon-audio</content>
			</node>
			<node label="32012">
				<shortcut label="1039" type="32020" icon="DefaultAddonPicture.png">ActivateWindow(Pictures,Addons,return)</shortcut>
				<content>addon-image</content>
			</node>
		</node>
		<node label="32006">
			<content>favourite</content>
		</node>
		<node label="10004">
			<content>settings</content>
		</node>
		<node label="32054">
		        <shortcut label="20183" type="32054" icon="ReloadSkin.png">ReloadSkin()</shortcut>
			<content>commands</content>
		</node>
	</groupings>
	
	<widget-groupings>
        <shortcut label="40085" icon="DefaultFolder.png" condition="System.HasAddon(script.skin.helper.service)">||BROWSE||script.skin.helper.service/?action=widgets&amp;path=skinplaylists,librarydataprovider,scriptwidgets,extendedinfo,smartshortcuts,pvr,smartishwidgets</shortcut>

        <shortcut label="32107" type="32021" icon="DefaultAddon.png" condition="!System.HasAddon(script.skin.helper.service)">::INSTALL::script.skin.helper.service</shortcut>
	
	        <node label="40084">
	                <content>widgets</content>
	        </node> 
		<node label="32030">
			<content>video</content>
			<node label="32040">
				<content>playlist-video</content>
			</node>
			<node label="32010">
				<content>addon-video</content>
			</node>
			<node label="32075">
				<content>videosources</content>
			</node>
		</node>
		<node label="32031">
			<content>music</content>
			<node label="32040">
				<content>playlist-audio</content>
			</node>
			<node label="32011">
				<content>addon-audio</content>
			</node>
			<node label="32075">
				<content>musicsources</content>
			</node>
		</node>
		<node label="32020">
			<content>picturesources</content>
		</node>
		<node label="32007">
			<node label="32009">
				<content>addon-program-plugin</content>
			</node>
			<node label="32010">
				<content>addon-video</content>
			</node>
			<node label="32011">
				<content>addon-audio</content>
			</node>
			<node label="32012">
				<content>addon-image</content>
			</node>
			<shortcut label="10001" type="32021" icon="DefaultAddonProgram.png" widget="addon" widgetType="program" widgetTarget="programs">addons://sources/executable</shortcut>
			<shortcut label="20244" type="32021" icon="DefaultAddonProgram.png" widget="addon" widgetType="program" widgetTarget="programs" condition="System.Platform.Android">androidapp://sources/apps</shortcut>
			<shortcut label="1037" type="32014" icon="DefaultAddonVideo.png" widget="addon" widgetType="video" widgetTarget="video">addons://sources/video</shortcut>
			<shortcut label="1038" type="32019" icon="DefaultAddonMusic.png" widget="addon" widgetType="music" widgetTarget="music">addons://sources/audio</shortcut>
			<shortcut label="1039" type="32020" icon="DefaultAddonPicture.png" widget="addon" widgetType="picture" widgetTarget="pictures">addons://sources/image</shortcut>
		</node>
	</widget-groupings>
            
</overrides>
