<?xml version="1.0" encoding="UTF-8"?>
<window>
    <defaultcontrol always="true">50</defaultcontrol>
    <backgroundcolor>background</backgroundcolor>
    <menucontrol>9000</menucontrol>
    <views>50,52,53,54,55,500,58,59</views>
    <controls>
        <include>DefaultBackground</include>
        <include>ClearLogos</include>
        <control type="group">
            <animation effect="fade" start="100" end="0" time="200" tween="sine" condition="$EXP[infodialog_active]">Conditional</animation>
            <include>CommonScrollbars</include>
            <control type="group">
                <include>OpenClose_Left</include>
                <visible>Control.IsVisible(50) | Control.IsVisible(55)</visible>
                <visible>Container.Content(artists) | Container.Content(albums) | Container.Content(songs) | Container.Content(addons) | Container.Content(files) | Container.Content(directors) | Container.Content()</visible>
                <include>Visible_Left</include>
                <include>ListThumbInfoPanel</include>
            </control>
            <control type="group">
                <centerleft>50%</centerleft>
 				<width>1920</width>
 				<include>View_50_List</include>
            	<include>View_52_IconWall</include>
            	<include>View_53_Shift</include>
            	<include>View_54_InfoWall</include>
            	<include>View_55_WideList</include>
            	<include>View_58_BigFanart</include>
            	<include>View_59_BigPoster</include>
            	<include>View_500_SmallThumb</include>
 				<control type="group">
 					<include>OpenClose_Left</include>
 					<visible>Control.IsVisible(50) | Control.IsVisible(55)</visible>
 					<visible>Container.Content(artists) | Container.Content(albums) | Container.Content(songs) | Container.Content(addons) | Container.Content(files) | Container.Content(directors) | Container.Content()</visible>
 					<include>Visible_Left</include>
 					<include>ListThumbInfoPanel</include>
                </control>
                <control type="group">
 					<include>OpenClose_Right</include>
 					<visible>[Control.IsVisible(50) | Control.Isvisible(54)] + !String.IsEmpty(ListItem.DBID)</visible>
 					<include>Visible_Right</include>
 					<visible>Container.Content(albums) | Container.Content(artists)</visible>
 					<control type="image">
 						<right>90</right>
 						<top>163</top>
 						<width>509</width>
 						<height>737</height>
 						<texture border="22">dialogs/dialog-bg.png</texture>
 					</control>
 					<control type="textbox">
                    	<right>130</right>
                    	<top>194</top>
                    	<width>429</width>
                    	<height>395</height>
                    	<font>font12</font>
                    	<label>$VAR[ShiftRightTextBoxVar][CR]</label>
                    	<autoscroll delay="10000" time="4000" repeat="10000">Skin.HasSetting(autoscroll)</autoscroll>
                	</control>
 					<control type="textbox">
                    	<right>130</right>
                    	<top>360</top>
                    	<width>429</width>
                    	<height>413</height>
                    	<align>center</align>
                    	<font>font24_title</font>
                    	<label>$LOCALIZE[19055]</label>
                    	<visible>String.IsEmpty(Window(Home).Property(SkinHelper.Music.Info)) + String.IsEmpty(Listitem.Property(artist_description)) + String.IsEmpty(Listitem.Property(album_description)) + !ListItem.IsParentFolder</visible>
                	</control>
 					<control type="multiimage">
                    	<right>113</right>
                    	<top>607</top>
                    	<width>463</width>
                    	<height>270</height>
                    	<aspectratio aligny="top">scale</aspectratio>
                    	<fadetime>400</fadetime>
                    	<timeperimage>3000</timeperimage>
                    	<imagepath background="true" fallback="colors/black.png">$VAR[ListInfoBoxImageVar]</imagepath>
                	</control>
                <control type="group">
                    <visible>!String.IsEmpty(ListItem.Year)</visible>
                    <control type="image">
                        <right>113</right>
                        <top>831</top>
                        <width>463</width>
                        <height>46</height>
                        <texture>dialogs/back.png</texture>
                    </control>
                    <control type="group">
                        <top>838</top>
                        <right>212</right>
                        <width>182</width>
                        <align>center</align>
                        <include content="InfoFlag">
                            <param name="visible" value="!String.IsEmpty(ListItem.Year)" />
                            <param name="icon" value="lists/year.png" />
                            <param name="label" value="$INFO[ListItem.Year]" />
                        </include>
                    </control>
                 </control> 
                </control>                   
            </control>
            <include>MediaMenuMouseOverlay</include>
            <control type="group">
                <include>MediaMenuCommon</include>
                <control type="grouplist" id="9000">
                    <top>90</top>
                    <include>MediaMenuListCommon</include>
                    <control type="radiobutton" id="626">
                        <include>MediaMenuItemsCommon</include>
                        <label>Extrafanarts</label>
                        <selected>Skin.HasSetting(SkinHelper.EnableExtraFanart)</selected>
                        <onclick>Skin.ToggleSetting(SkinHelper.EnableExtraFanart)</onclick>
                        <visible>!String.StartsWith(Container.FolderPath,plugin://)</visible>
                        <visible>Container.Content(artists) | Container.Content(albums) | Container.Content(songs)</visible>
                    </control>
                    <control type="label" id="203">
                        <description>Actions</description>
                        <include>MediaMenuLabelCommon</include>
                        <label>$LOCALIZE[31020]</label>
                    </control>
                    <control type="button" id="625">
                        <include>MediaMenuItemsCommon</include>
                        <label>$LOCALIZE[137]...</label>
                        <onclick>RunScript(script.skin.helper.service,action=musicsearch)</onclick>
                        <onclick>Close</onclick>
                    </control>
                    <control type="togglebutton" id="619">
                        <include>MediaMenuItemsCommon</include>
                        <label>$LOCALIZE[653]</label>
                        <onclick>UpdateLibrary(music)</onclick>
                        <visible>!Container.Content(addons) ) + String.IsEmpty(Container.PluginName)</visible>
                        <altlabel>$LOCALIZE[13353]</altlabel>
                        <usealttexture>library.isscanningmusic</usealttexture>
                    </control>
                    <control type="radiobutton" id="16">
                        <label>$LOCALIZE[589]</label>
                        <include>MediaMenuItemsCommon</include>
                    </control>
                    <control type="button" id="612">
                        <include>MediaMenuItemsCommon</include>
                        <label>$LOCALIZE[31056]</label>
                        <onclick>ActivateWindow(musicplaylist)</onclick>
                        <visible>Integer.IsGreater(Playlist.Length(music),0)</visible>
                    </control>
                    <control type="button" id="621">
                        <include>MediaMenuItemsCommon</include>
                        <label>$LOCALIZE[21452]</label>
                        <onclick>ActivateWindow(addonbrowser,addons://more/audio/,return)</onclick>
                        <visible>Container.Content(addons)</visible>
                    </control>
                    <control type="button" id="624">
                        <include>MediaMenuItemsCommon</include>
                        <label>$LOCALIZE[10140]</label>
                        <onclick>Addon.OpenSettings($INFO[Container.PluginName])</onclick>
                        <visible>!String.IsEmpty(Container.PluginName)</visible>
                    </control>
                    <control type="button" id="622">
                        <include>MediaMenuItemsCommon</include>
                        <label>$LOCALIZE[31117]</label>
                        <onclick condition="System.HasAddon(plugin.library.node.editor)">ActivateWindow(programs,plugin://plugin.library.node.editor/?ltype=music,return)</onclick>
                        <onclick condition="!System.HasAddon(plugin.library.node.editor)">InstallAddon(plugin.library.node.editor)</onclick>
                        <visible>String.IsEmpty(Container.FolderPath) + String.IsEmpty(Container.PluginName)</visible>
                    </control>
                    <include>MediaMenuNowPlaying</include>
                </control>
            </control>
            <include content="TopBar">
                <param name="breadcrumbs_label" value="$LOCALIZE[2]" />
                <param name="breadcrumbs_icon" value="icons/settings/music.png" />
            </include>
            <include content="BottomBar">
                <param name="info_visible" value="true" />
            </include>
        </control>
    </controls>
</window>