<?xml version="1.0" encoding="UTF-8"?>
<window>
    <defaultcontrol>90001</defaultcontrol>
    <backgroundcolor>background</backgroundcolor>
    <controls>
        <include>DefaultBackground</include>
        <control type="group">
            <control type="group">
                <left>110</left>
                <top>0</top>
                <control type="group">
                    <include>OpenClose_Left</include>
                    <control type="grouplist" id="700">
                    <orientation>vertical</orientation>
                    <itemgap>-16</itemgap>
                    <left>-113</left>
                    <top>338</top>
                    <onup>700</onup>
                    <ondown>700</ondown>
                    <onright>211</onright>
                    <include content="BottomMainMenuItem">
                        <param name="control_id" value="303" />
                        <param name="icon" value="icons/up.png" />
                    </include>
                    <include content="BottomMainMenuItem">
                        <param name="control_id" value="304" />
                        <param name="icon" value="icons/down.png" />
                    </include>
                    <include content="BottomMainMenuItem">
                        <param name="control_id" value="301" />
                        <param name="icon" value="icons/add.png" />
                    </include>
                    <include content="BottomMainMenuItem">
                        <param name="control_id" value="302" />
                        <param name="icon" value="icons/delete.png" />
                    </include>
                </control>
                    <control type="image">
                        <description>Menu Panel</description>
                        <left>-20</left>
                        <top>178</top>
                        <width>440</width>
                        <height>709</height>
                        <texture border="22">dialogs/dialog-bg.png</texture>
                    </control>
                    <control type="group">
                        <visible>Control.IsVisible(211)</visible>
                        <control type="button">
                            <left>176</left>
                            <top>145</top>
                            <width>48</width>
                            <height>24</height>
                            <texturefocus colordiffuse="$VAR[SkinColorVar]" flipy="true">overlays/arrowdown.png</texturefocus>
                            <texturenofocus colordiffuse="$VAR[SkinColorVar]" flipy="true">overlays/arrowdown.png</texturenofocus>
                            <animation effect="zoom" start="100,0" end="100,100" center="auto" time="200" delay="10">VisibleChange</animation>
                            <animation effect="zoom" start="100,0" end="100,100" delay="500" center="auto" time="200">WindowOpen</animation>
                            <animation effect="zoom" start="100,100" end="100,0" center="auto" time="200">WindowClose</animation>
                            <onclick>SetFocus(211)</onclick>
                            <onclick>PageUp</onclick>
                            <animation effect="fade" time="200">VisibleChange</animation>
                            <visible>Container(211).HasPrevious</visible>
                        </control>
                        <control type="button">
                            <left>176</left>
                            <top>897</top>
                            <width>48</width>
                            <height>24</height>
                            <texturefocus colordiffuse="$VAR[SkinColorVar]">overlays/arrowdown.png</texturefocus>
                            <texturenofocus colordiffuse="$VAR[SkinColorVar]">overlays/arrowdown.png</texturenofocus>
                            <animation effect="zoom" start="100,0" end="100,100" center="auto" time="200" delay="10">VisibleChange</animation>
                            <animation effect="zoom" start="100,0" end="100,100" delay="500" center="auto" time="200">WindowOpen</animation>
                            <animation effect="zoom" start="100,100" end="100,0" center="auto" time="200">WindowClose</animation>
                            <onclick>SetFocus(211)</onclick>
                            <onclick>PageDown</onclick>
                            <animation effect="fade" time="200">VisibleChange</animation>
                            <visible>Container(211).HasNext</visible>
                        </control>
                    </control>
                    <control type="list" id="211">
                        <left>0</left>
                        <top>200</top>
                        <width>400</width>
                        <height>666</height>
                        <onleft>700</onleft>
                        <onright>90001</onright>
                        <onup>211</onup>
                        <ondown>211</ondown>
                        <pagecontrol>61</pagecontrol>
                        <itemlayout height="74">
                            <control type="image">
                                <left>0</left>
                                <top>0</top>
                                <width>390</width>
                                <height>75</height>
                                <texture border="90,3,90,3">lists/separator.png</texture>
                            </control>
                            <control type="image">
                                <left>-3</left>
                                <top>1</top>
                                <width>70</width>
                                <height>70</height>
                                <texture>$INFO[ListItem.Icon]</texture>
                            </control>
                            <control type="label">
                                <left>74</left>
                                <top>0</top>
                                <height>70</height>
                                <width>321</width>
                                <aligny>center</aligny>
                                <font>font14</font>
                                <label>$INFO[ListItem.Label]</label>
                                <shadowcolor>text_shadow</shadowcolor>
                            </control>
                        </itemlayout>
                        <focusedlayout height="74">
                            <control type="image">
                                <left>0</left>
                                <top>0</top>
                                <width>390</width>
                                <height>75</height>
                                <texture border="90,3,90,3">lists/separator.png</texture>
                                <visible>!Control.HasFocus(211) + !Control.HasFocus(90001)</visible>
                            </control>
                            <control type="group">
                                <control type="image">
                                    <left>2</left>
                                    <top>0</top>
                                    <width>396</width>
                                    <height>73</height>
                                    <texture colordiffuse="$VAR[SkinColorVar]">lists/focus.png</texture>
                                    <animation effect="fade" start="100" end="0" time="0" condition="Control.HasFocus(90001)">Conditional</animation>
                                </control>
                                <control type="image">
                                    <left>-3</left>
                                    <top>1</top>
                                    <width>70</width>
                                    <height>70</height>
                                    <texture colordiffuse="$VAR[SkinColorVar]">$INFO[ListItem.Icon]</texture>
                                    <animation effect="fade" start="0" end="100" time="300" reversible="false">Focus</animation>
                                </control>
                                <control type="image">
                                    <left>-5</left>
                                    <top>0</top>
                                    <width>68</width>
                                    <height>74</height>
                                    <texture colordiffuse="51FFFFFF">colors/black.png</texture>
                                    <animation effect="fade" start="100" end="0" time="0" condition="Control.HasFocus(90001)">Conditional</animation>
                                </control>
                            </control>
                            <control type="image">
                                <left>-3</left>
                                <top>1</top>
                                <width>70</width>
                                <height>70</height>
                                <texture>$INFO[ListItem.Icon]</texture>
                            </control>
                            <control type="label">
                                <left>74</left>
                                <top>0</top>
                                <height>70</height>
                                <width>321</width>
                                <aligny>center</aligny>
                                <font>font14</font>
                                <scroll>yes</scroll>
                                <label>$INFO[ListItem.Label]</label>
                                <shadowcolor>text_shadow</shadowcolor>
                            </control>
                        </focusedlayout>
                    </control>
                </control>
            </control>
            <control type="group">
                <include>OpenClose_Right</include>
                <control type="image">
                    <left>530</left>
                    <top>138</top>
                    <width>1300</width>
                    <height>792</height>
                    <texture border="22">dialogs/dialog-bg.png</texture>
                </control>
                <control type="image">
                    <left>552</left>
                    <top>802</top>
                    <width>1256</width>
                    <height>3</height>
                    <texture colordiffuse="$VAR[SkinColorVar]" border="2">dialogs/separator.png</texture>
                </control>
                <include name="UpDownArrows">
                    <param name="container_id" value="90001" />
                    <param name="posx" value="1045" />
                    <param name="up_posy" value="130" />
                    <param name="down_posy" value="910" />
                    <param name="visible" value="!System.HasModalDialog" />
                </include>
                <control type="grouplist" id="90001">
                    <left>552</left>
                    <top>160</top>
                    <width>1256</width>
                    <height>630</height>
                    <onleft>211</onleft>
                    <onright>60</onright>
                    <onup>90001</onup>
                    <ondown>90001</ondown>
                    <pagecontrol>60</pagecontrol>
                    <control type="button" id="401">
                        <description>Choose shortcut</description>
                        <width>1256</width>
                        <include>DefaultSettingButton</include>
                        <label>$ADDON[script.skinshortcuts 32048]</label>
                        <label2>$INFO[Container(211).ListItem.Label]</label2>
                        <visible>!String.IsEqual(Container(211).ListItem.Label,OpenELEC) + !String.IsEqual(Container(211).ListItem.Label,LibreELEC)</visible>
                    </control>
                    <control type="button" id="307">
                        <description>Change action</description>
                        <width>1256</width>
                        <include>DefaultSettingButton</include>
                        <label>$ADDON[script.skinshortcuts 32027]</label>
                        <label2>$INFO[Container(211).ListItem.Property(displaypath)]</label2>
                        <visible>!String.IsEqual(Container(211).ListItem.Label,OpenELEC) + !String.IsEqual(Container(211).ListItem.Label,LibreELEC)</visible>
                    </control>
                    <control type="button" id="305">
                        <description>Change label</description>
                        <width>1256</width>
                        <include>DefaultSettingButton</include>
                        <label>$ADDON[script.skinshortcuts 32025]</label>
                        <label2>$INFO[Container(211).ListItem.Label]</label2>
                        <visible>!String.IsEqual(Container(211).ListItem.Label,OpenELEC) + !String.IsEqual(Container(211).ListItem.Label,LibreELEC)</visible>
                    </control>
                    <control type="button" id="306">
                        <description>Browse for thumbnail</description>
                        <width>1256</width>
                        <include>DefaultSettingButton</include>
                        <label>$ADDON[script.skinshortcuts 32026]</label>
                        <label2>$INFO[Container(211).ListItem.Icon]</label2>
                        <visible>!String.IsEqual(Window.Property(groupname),powermenu)</visible>
                    </control>
                    <control type="button" id="310">
                        <description>Browse for background</description>
                        <width>1256</width>
                        <include>DefaultSettingButton</include>
                        <label>$ADDON[script.skinshortcuts 32045]</label>
                        <label2>$VAR[Label_SkinSetting_Backgrounds]</label2>
                        <visible>!String.IsEqual(Window.Property(groupname),powermenu)</visible>
                        <visible>!String.StartsWith(Window.Property(groupname),x11)</visible>
                    </control>
                    <include content="Shortcuts_SetHub">
                        <param name="hubid" value="1114" />
                        <param name="buttonid1" value="1487" />
                    </include>
                    <include content="Shortcuts_SetHub">
                        <param name="hubid" value="1115" />
                        <param name="buttonid1" value="1488" />
                    </include>
                    <include content="Shortcuts_SetHub">
                        <param name="hubid" value="1116" />
                        <param name="buttonid1" value="1489" />
                    </include>
                    <include content="Shortcuts_SetHub">
                        <param name="hubid" value="1117" />
                        <param name="buttonid1" value="1490" />
                    </include>
                    <include content="Shortcuts_SetHub">
                        <param name="hubid" value="1118" />
                        <param name="buttonid1" value="1491" />
                    </include>          
                    <control type="button" id="405">
                        <description>Edit submenu</description>
                        <width>1256</width>
                        <include>DefaultSettingButton</include>
                        <label>$ADDON[script.skinshortcuts 32072]</label>
                        <visible>String.IsEqual(Window.Property(groupname),mainmenu)</visible>
                        <visible>!String.IsEqual(Container(211).ListItem.Property(widget),WeatherWidget) + ![String.IsEmpty(Container(211).ListItem.Property(HideBannerWidget)) + String.IsEqual(Container(211).ListItem.Property(widget),PictureWidget) + !Skin.HasSetting(horizontal_menu)]</visible>
                        <visible>!String.IsEqual(Container(211).ListItem.Label,OpenELEC) + !String.IsEqual(Container(211).ListItem.Label,LibreELEC)</visible>
                    </control>
                    <control type="button" id="312">
                        <width>1256</width>
                        <include>DefaultSettingButton</include>
                        <label>-</label>
                        <label2>-</label2> 
                        <visible>false</visible>
                    </control>
                    <control type="button" id="1494">
                        <width>1256</width>
                        <include>DefaultSettingButton</include>
                        <label>40214</label>
                        <label2>$VAR[Label_SkinSetting_Widget]</label2>
                        <onclick>SetProperty(WidgetVisibility,True,home)</onclick>
 						<onclick>SendClick(312)</onclick>
                        <visible>String.IsEqual(Window.Property(groupname),mainmenu)</visible>
                        <visible>!String.IsEqual(Container(211).ListItem.Label,OpenELEC) + !String.IsEqual(Container(211).ListItem.Label,LibreELEC)</visible>
                    </control>
                    <control type="button" id="1492" description="Hub Image">
                        <width>100%</width>
                        <label>40221</label>
                        <label2>$VAR[Label_SkinSetting_HubImage]</label2>
                        <include>DefaultSettingButton</include>
                        <visible>String.StartsWith(Window.Property(groupname),x11)</visible>
                    </control>
                    <control type="button" id="1493">
                        <width>1256</width>
                        <include>DefaultSettingButton</include>
                        <label>40227</label>
                        <label2>$VAR[HubWidget1Label2Var]</label2>
                        <onclick>ClearProperty(WidgetVisibility,home)</onclick>
                        <onclick>SetProperty(widgetID, hubwidget)</onclick>
                        <onclick>SendClick(312)</onclick>
                        <visible>String.IsEqual(Window.Property(groupname),mainmenu)</visible>
                        <visible>String.IsEqual(Container(211).ListItem.Property(widget),HubWidget)</visible>
                    </control>
                    <control type="button" id="1475">
                        <width>1256</width>
                        <include>DefaultSettingButton</include>
                        <label>$ADDON[script.skinshortcuts 32044] 1</label>
                        <label2>$VAR[PersonalPosterWidget1Label2Var]</label2>
                        <onclick>ClearProperty(WidgetVisibility,home)</onclick>
                        <onclick>SetProperty(widgetID, personalposter1)</onclick>
                        <onclick>SendClick(312)</onclick>
                        <visible>String.IsEqual(Window.Property(groupname),mainmenu)</visible>
                        <visible>String.IsEqual(Container(211).ListItem.Property(widget),PersonalWidgetPoster)</visible>
                    </control>
                    <control type="button" id="1476">
                        <width>1256</width>
                        <include>DefaultSettingButton</include>
                        <label>$ADDON[script.skinshortcuts 32044] 2</label>
                        <label2>$VAR[PersonalPosterWidget2Label2Var]</label2>
                        <onclick>ClearProperty(WidgetVisibility,home)</onclick>
                        <onclick>SetProperty(widgetID, personalposter2)</onclick>
                        <onclick>SendClick(312)</onclick>
                        <visible>String.IsEqual(Window.Property(groupname),mainmenu)</visible>
                        <visible>String.IsEqual(Container(211).ListItem.Property(widget),PersonalWidgetPoster)</visible>
                    </control>
                    <control type="button" id="1477">
                        <width>1256</width>
                        <include>DefaultSettingButton</include>
                        <label>$ADDON[script.skinshortcuts 32044] 3</label>
                        <label2>$VAR[PersonalPosterWidget3Label2Var]</label2>
                        <onclick>ClearProperty(WidgetVisibility,home)</onclick>
                        <onclick>SetProperty(widgetID, personalposter3)</onclick>
                        <onclick>SendClick(312)</onclick>
                        <visible>String.IsEqual(Window.Property(groupname),mainmenu)</visible>
                        <visible>String.IsEqual(Container(211).ListItem.Property(widget),PersonalWidgetPoster)</visible>
                    </control>
                    <control type="button" id="1478">
                        <width>1256</width>
                        <include>DefaultSettingButton</include>
                        <label>$ADDON[script.skinshortcuts 32044] 4</label>
                        <label2>$VAR[PersonalPosterWidget4Label2Var]</label2>
                        <onclick>ClearProperty(WidgetVisibility,home)</onclick>
                        <onclick>SetProperty(widgetID, personalposter4)</onclick>
                        <onclick>SendClick(312)</onclick>
                        <visible>String.IsEqual(Window.Property(groupname),mainmenu)</visible>
                        <visible>String.IsEqual(Container(211).ListItem.Property(widget),PersonalWidgetPoster)</visible>
                    </control>
                    <control type="button" id="1497">
                        <width>1256</width>
                        <include>DefaultSettingButton</include>
                        <label>$ADDON[script.skinshortcuts 32044] 5</label>
                        <label2>$VAR[PersonalPosterWidget5Label2Var]</label2>
                        <onclick>ClearProperty(WidgetVisibility,home)</onclick>
                        <onclick>SetProperty(widgetID, personalposter5)</onclick>
                        <onclick>SendClick(312)</onclick>
                        <visible>String.IsEqual(Window.Property(groupname),mainmenu)</visible>
                        <visible>String.IsEqual(Container(211).ListItem.Property(widget),PersonalWidgetPoster)</visible>
                    </control>
                    <control type="button" id="1498">
                        <width>1256</width>
                        <include>DefaultSettingButton</include>
                        <label>$ADDON[script.skinshortcuts 32044] 6</label>
                        <label2>$VAR[PersonalPosterWidget6Label2Var]</label2>
                        <onclick>ClearProperty(WidgetVisibility,home)</onclick>
                        <onclick>SetProperty(widgetID, personalposter6)</onclick>
                        <onclick>SendClick(312)</onclick>
                        <visible>String.IsEqual(Window.Property(groupname),mainmenu)</visible>
                        <visible>String.IsEqual(Container(211).ListItem.Property(widget),PersonalWidgetPoster)</visible>
                    </control>
                    <control type="button" id="1479">
                        <width>1256</width>
                        <include>DefaultSettingButton</include>
                        <label>$ADDON[script.skinshortcuts 32044] 1</label>
                        <label2>$VAR[PersonalThumbWidget1Label2Var]</label2>
                        <onclick>ClearProperty(WidgetVisibility,home)</onclick>
                        <onclick>SetProperty(widgetID, personalthumb1)</onclick>
                        <onclick>SendClick(312)</onclick>
                        <visible>String.IsEqual(Window.Property(groupname),mainmenu)</visible>
                        <visible>String.IsEqual(Container(211).ListItem.Property(widget),PersonalWidgetThumb)</visible>
                    </control>
                    <control type="button" id="1480">
                        <width>1256</width>
                        <include>DefaultSettingButton</include>
                        <label>$ADDON[script.skinshortcuts 32044] 2</label>
                        <label2>$VAR[PersonalThumbWidget2Label2Var]</label2>
                        <onclick>ClearProperty(WidgetVisibility,home)</onclick>
                        <onclick>SetProperty(widgetID, personalthumb2)</onclick>
                        <onclick>SendClick(312)</onclick>
                        <visible>String.IsEqual(Window.Property(groupname),mainmenu)</visible>
                        <visible>String.IsEqual(Container(211).ListItem.Property(widget),PersonalWidgetThumb)</visible>
                    </control>
                    <control type="button" id="1481">
                        <width>1256</width>
                        <include>DefaultSettingButton</include>
                        <label>$ADDON[script.skinshortcuts 32044] 3</label>
                        <label2>$VAR[PersonalThumbWidget3Label2Var]</label2>
                        <onclick>ClearProperty(WidgetVisibility,home)</onclick>
                        <onclick>SetProperty(widgetID, personalthumb3)</onclick>
                        <onclick>SendClick(312)</onclick>
                        <visible>String.IsEqual(Window.Property(groupname),mainmenu)</visible>
                        <visible>String.IsEqual(Container(211).ListItem.Property(widget),PersonalWidgetThumb)</visible>
                    </control>
                    <control type="button" id="1482">
                        <width>1256</width>
                        <include>DefaultSettingButton</include>
                        <label>$ADDON[script.skinshortcuts 32044] 4</label>
                        <label2>$VAR[PersonalThumbWidget4Label2Var]</label2>
                        <onclick>ClearProperty(WidgetVisibility,home)</onclick>
                        <onclick>SetProperty(widgetID, personalthumb4)</onclick>
                        <onclick>SendClick(312)</onclick>
                        <visible>String.IsEqual(Window.Property(groupname),mainmenu)</visible>
                        <visible>String.IsEqual(Container(211).ListItem.Property(widget),PersonalWidgetThumb)</visible>
                    </control>
                    <control type="button" id="1499">
                        <width>1256</width>
                        <include>DefaultSettingButton</include>
                        <label>$ADDON[script.skinshortcuts 32044] 5</label>
                        <label2>$VAR[PersonalThumbWidget5Label2Var]</label2>
                        <onclick>ClearProperty(WidgetVisibility,home)</onclick>
                        <onclick>SetProperty(widgetID, personalthumb5)</onclick>
                        <onclick>SendClick(312)</onclick>
                        <visible>String.IsEqual(Window.Property(groupname),mainmenu)</visible>
                        <visible>String.IsEqual(Container(211).ListItem.Property(widget),PersonalWidgetThumb)</visible>
                    </control>
                    <control type="button" id="1500">
                        <width>1256</width>
                        <include>DefaultSettingButton</include>
                        <label>$ADDON[script.skinshortcuts 32044] 6</label>
                        <label2>$VAR[PersonalThumbWidget6Label2Var]</label2>
                        <onclick>ClearProperty(WidgetVisibility,home)</onclick>
                        <onclick>SetProperty(widgetID, personalthumb6)</onclick>
                        <onclick>SendClick(312)</onclick>
                        <visible>String.IsEqual(Window.Property(groupname),mainmenu)</visible>
                        <visible>String.IsEqual(Container(211).ListItem.Property(widget),PersonalWidgetThumb)</visible>
                    </control>
                    <control type="button" id="1483">
                        <width>1256</width>
                        <include>DefaultSettingButton</include>
                        <label>$ADDON[script.skinshortcuts 32044] 1</label>
                        <label2>$VAR[PersonalIconWidget1Label2Var]</label2>
                        <onclick>ClearProperty(WidgetVisibility,home)</onclick>
                        <onclick>SetProperty(widgetID, personalicon1)</onclick>
                        <onclick>SendClick(312)</onclick>
                        <visible>String.IsEqual(Window.Property(groupname),mainmenu)</visible>
                        <visible>String.IsEqual(Container(211).ListItem.Property(widget),PersonalWidgetIcon)</visible>
                    </control>
                    <control type="button" id="1484">
                        <width>1256</width>
                        <include>DefaultSettingButton</include>
                        <label>$ADDON[script.skinshortcuts 32044] 2</label>
                        <label2>$VAR[PersonalIconWidget2Label2Var]</label2>
                        <onclick>ClearProperty(WidgetVisibility,home)</onclick>
                        <onclick>SetProperty(widgetID, personalicon2)</onclick>
                        <onclick>SendClick(312)</onclick>
                        <visible>String.IsEqual(Window.Property(groupname),mainmenu)</visible>
                        <visible>String.IsEqual(Container(211).ListItem.Property(widget),PersonalWidgetIcon)</visible>
                    </control>
                    <control type="button" id="1485">
                        <width>1256</width>
                        <include>DefaultSettingButton</include>
                        <label>$ADDON[script.skinshortcuts 32044] 3</label>
                        <label2>$VAR[PersonalIconWidget3Label2Var]</label2>
                        <onclick>ClearProperty(WidgetVisibility,home)</onclick>
                        <onclick>SetProperty(widgetID, personalicon3)</onclick>
                        <onclick>SendClick(312)</onclick>
                        <visible>String.IsEqual(Window.Property(groupname),mainmenu)</visible>
                        <visible>String.IsEqual(Container(211).ListItem.Property(widget),PersonalWidgetIcon)</visible>
                    </control>
                    <control type="button" id="1486">
                        <width>1256</width>
                        <include>DefaultSettingButton</include>
                        <label>$ADDON[script.skinshortcuts 32044] 4</label>
                        <label2>$VAR[PersonalIconWidget4Label2Var]</label2>
                        <onclick>ClearProperty(WidgetVisibility,home)</onclick>
                        <onclick>SetProperty(widgetID, personalicon4)</onclick>
                        <onclick>SendClick(312)</onclick>
                        <visible>String.IsEqual(Window.Property(groupname),mainmenu)</visible>
                        <visible>String.IsEqual(Container(211).ListItem.Property(widget),PersonalWidgetIcon)</visible>
                    </control> 
                    <control type="button" id="1501">
                        <width>1256</width>
                        <include>DefaultSettingButton</include>
                        <label>$ADDON[script.skinshortcuts 32044] 5</label>
                        <label2>$VAR[PersonalIconWidget5Label2Var]</label2>
                        <onclick>ClearProperty(WidgetVisibility,home)</onclick>
                        <onclick>SetProperty(widgetID, personalicon5)</onclick>
                        <onclick>SendClick(312)</onclick>
                        <visible>String.IsEqual(Window.Property(groupname),mainmenu)</visible>
                        <visible>String.IsEqual(Container(211).ListItem.Property(widget),PersonalWidgetIcon)</visible>
                    </control>          
                    <control type="button" id="1502">
                        <width>1256</width>
                        <include>DefaultSettingButton</include>
                        <label>$ADDON[script.skinshortcuts 32044] 6</label>
                        <label2>$VAR[PersonalIconWidget6Label2Var]</label2>
                        <onclick>ClearProperty(WidgetVisibility,home)</onclick>
                        <onclick>SetProperty(widgetID, personalicon6)</onclick>
                        <onclick>SendClick(312)</onclick>
                        <visible>String.IsEqual(Window.Property(groupname),mainmenu)</visible>
                        <visible>String.IsEqual(Container(211).ListItem.Property(widget),PersonalWidgetIcon)</visible>
                    </control>                         
                    <control type="button" id="1452">
                        <width>1256</width>
                        <include>DefaultSettingButton</include>
                        <label>$ADDON[script.skinshortcuts 32044] 1</label>
                        <label2>$VAR[MoviesWidget1Label2Var]</label2>
                        <onclick>ClearProperty(WidgetVisibility,home)</onclick>
                        <onclick>SetProperty(widgetID, movies1)</onclick>
                        <onclick>SendClick(312)</onclick>
                        <visible>String.IsEqual(Window.Property(groupname),mainmenu)</visible>
                        <visible>String.IsEqual(Container(211).ListItem.Property(widget),MoviesWidget)</visible>
                    </control>
                    <control type="button" id="1453">
                        <width>1256</width>
                        <include>DefaultSettingButton</include>
                        <label>$ADDON[script.skinshortcuts 32044] 2</label>
                        <label2>$VAR[MoviesWidget2Label2Var]</label2>
                        <onclick>ClearProperty(WidgetVisibility,home)</onclick>
                        <onclick>SetProperty(widgetID, movies2)</onclick>
                        <onclick>SendClick(312)</onclick>
                        <visible>String.IsEqual(Window.Property(groupname),mainmenu)</visible>
                        <visible>String.IsEqual(Container(211).ListItem.Property(widget),MoviesWidget)</visible>
                    </control>
                    <control type="button" id="1454">
                        <width>1256</width>
                        <include>DefaultSettingButton</include>
                        <label>$ADDON[script.skinshortcuts 32044] 3</label>
                        <label2>$VAR[MoviesWidget3Label2Var]</label2>
                        <onclick>ClearProperty(WidgetVisibility,home)</onclick>
                        <onclick>SetProperty(widgetID, movies3)</onclick>
                        <onclick>SendClick(312)</onclick>
                        <visible>String.IsEqual(Window.Property(groupname),mainmenu)</visible>
                        <visible>String.IsEqual(Container(211).ListItem.Property(widget),MoviesWidget)</visible>
                    </control>
                    <control type="button" id="1455">
                        <width>1256</width>
                        <include>DefaultSettingButton</include>
                        <label>$ADDON[script.skinshortcuts 32044] 4</label>
                        <label2>$VAR[MoviesWidget4Label2Var]</label2>
                        <onclick>ClearProperty(WidgetVisibility,home)</onclick>
                        <onclick>SetProperty(widgetID, movies4)</onclick>
                        <onclick>SendClick(312)</onclick>
                        <visible>String.IsEqual(Window.Property(groupname),mainmenu)</visible>
                        <visible>String.IsEqual(Container(211).ListItem.Property(widget),MoviesWidget)</visible>
                    </control>
                    <control type="button" id="1456">
                        <width>1256</width>
                        <include>DefaultSettingButton</include>
                        <label>$ADDON[script.skinshortcuts 32044] 1</label>
                        <label2>$VAR[TVShowsWidget1Label2Var]</label2>
                        <onclick>ClearProperty(WidgetVisibility,home)</onclick>
                        <onclick>SetProperty(widgetID, tvshows1)</onclick>
                        <onclick>SendClick(312)</onclick>
                        <visible>String.IsEqual(Window.Property(groupname),mainmenu)</visible>
                        <visible>String.IsEqual(Container(211).ListItem.Property(widget),TVShowsWidget)</visible>
                    </control>
                    <control type="button" id="1457">
                        <width>1256</width>
                        <include>DefaultSettingButton</include>
                        <label>$ADDON[script.skinshortcuts 32044] 2</label>
                        <label2>$VAR[TVShowsWidget2Label2Var]</label2>
                        <onclick>ClearProperty(WidgetVisibility,home)</onclick>
                        <onclick>SetProperty(widgetID, tvshows2)</onclick>
                        <onclick>SendClick(312)</onclick>
                        <visible>String.IsEqual(Window.Property(groupname),mainmenu)</visible>
                        <visible>String.IsEqual(Container(211).ListItem.Property(widget),TVShowsWidget)</visible>
                    </control>
                    <control type="button" id="1458">
                        <width>1256</width>
                        <include>DefaultSettingButton</include>
                        <label>$ADDON[script.skinshortcuts 32044] 3</label>
                        <label2>$VAR[TVShowsWidget3Label2Var]</label2>
                        <onclick>ClearProperty(WidgetVisibility,home)</onclick>
                        <onclick>SetProperty(widgetID, tvshows3)</onclick>
                        <onclick>SendClick(312)</onclick>
                        <visible>String.IsEqual(Window.Property(groupname),mainmenu)</visible>
                        <visible>String.IsEqual(Container(211).ListItem.Property(widget),TVShowsWidget)</visible>
                    </control>
                    <control type="button" id="1473">
                        <width>1256</width>
                        <include>DefaultSettingButton</include>
                        <label>$ADDON[script.skinshortcuts 32044] 4</label>
                        <label2>$VAR[TVShowsWidget4Label2Var]</label2>
                        <onclick>ClearProperty(WidgetVisibility,home)</onclick>
                        <onclick>SetProperty(widgetID, tvshows4)</onclick>
                        <onclick>SendClick(312)</onclick>
                        <visible>String.IsEqual(Window.Property(groupname),mainmenu)</visible>
                        <visible>String.IsEqual(Container(211).ListItem.Property(widget),TVShowsWidget)</visible>
                    </control>
                    <control type="button" id="1474">
                        <width>1256</width>
                        <include>DefaultSettingButton</include>
                        <label>$ADDON[script.skinshortcuts 32044] 5</label>
                        <label2>$VAR[TVShowsWidget5Label2Var]</label2>
                        <onclick>ClearProperty(WidgetVisibility,home)</onclick>
                        <onclick>SetProperty(widgetID, tvshows5)</onclick>
                        <onclick>SendClick(312)</onclick>
                        <visible>String.IsEqual(Window.Property(groupname),mainmenu)</visible>
                        <visible>String.IsEqual(Container(211).ListItem.Property(widget),TVShowsWidget)</visible>
                    </control>
                    <control type="button" id="1496">
                        <width>1256</width>
                        <include>DefaultSettingButton</include>
                        <label>$ADDON[script.skinshortcuts 32044] 6</label>
                        <label2>$VAR[TVShowsWidget6Label2Var]</label2>
                        <onclick>ClearProperty(WidgetVisibility,home)</onclick>
                        <onclick>SetProperty(widgetID, tvshows6)</onclick>
                        <onclick>SendClick(312)</onclick>
                        <visible>String.IsEqual(Window.Property(groupname),mainmenu)</visible>
                        <visible>String.IsEqual(Container(211).ListItem.Property(widget),TVShowsWidget)</visible>
                    </control>
                    <control type="button" id="1460">
                        <width>1256</width>
                        <include>DefaultSettingButton</include>
                        <label>$ADDON[script.skinshortcuts 32044] 1</label>
                        <label2>$VAR[MusicWidget1Label2Var]</label2>
                        <onclick>ClearProperty(WidgetVisibility,home)</onclick>
                        <onclick>SetProperty(widgetID, music1)</onclick>
                        <onclick>SendClick(312)</onclick>
                        <visible>String.IsEqual(Window.Property(groupname),mainmenu)</visible>
                        <visible>String.IsEqual(Container(211).ListItem.Property(widget),MusicWidget)</visible>
                    </control>
                    <control type="button" id="1461">
                        <width>1256</width>
                        <include>DefaultSettingButton</include>
                        <label>$ADDON[script.skinshortcuts 32044] 2</label>
                        <label2>$VAR[MusicWidget2Label2Var]</label2>
                        <onclick>ClearProperty(WidgetVisibility,home)</onclick>
                        <onclick>SetProperty(widgetID, music2)</onclick>
                        <onclick>SendClick(312)</onclick>
                        <visible>String.IsEqual(Window.Property(groupname),mainmenu)</visible>
                        <visible>String.IsEqual(Container(211).ListItem.Property(widget),MusicWidget)</visible>
                    </control>
                    <control type="button" id="1462">
                        <width>1256</width>
                        <include>DefaultSettingButton</include>
                        <label>$ADDON[script.skinshortcuts 32044] 3</label>
                        <label2>$VAR[MusicWidget3Label2Var]</label2>
                        <onclick>ClearProperty(WidgetVisibility,home)</onclick>
                        <onclick>SetProperty(widgetID, music3)</onclick>
                        <onclick>SendClick(312)</onclick>
                        <visible>String.IsEqual(Window.Property(groupname),mainmenu)</visible>
                        <visible>String.IsEqual(Container(211).ListItem.Property(widget),MusicWidget)</visible>
                    </control>
                    <control type="button" id="1463">
                        <width>1256</width>
                        <include>DefaultSettingButton</include>
                        <label>$ADDON[script.skinshortcuts 32044] 4</label>
                        <label2>$VAR[MusicWidget4Label2Var]</label2>
                        <onclick>ClearProperty(WidgetVisibility,home)</onclick>
                        <onclick>SetProperty(widgetID, music4)</onclick>
                        <onclick>SendClick(312)</onclick>
                        <visible>String.IsEqual(Window.Property(groupname),mainmenu)</visible>
                        <visible>String.IsEqual(Container(211).ListItem.Property(widget),MusicWidget)</visible>
                    </control>
                    <control type="button" id="1471">
                        <width>1256</width>
                        <include>DefaultSettingButton</include>
                        <label>$ADDON[script.skinshortcuts 32044] 5</label>
                        <label2>$VAR[MusicWidget5Label2Var]</label2>
                        <onclick>ClearProperty(WidgetVisibility,home)</onclick>
                        <onclick>SetProperty(widgetID, music5)</onclick>
                        <onclick>SendClick(312)</onclick>
                        <visible>String.IsEqual(Window.Property(groupname),mainmenu)</visible>
                        <visible>String.IsEqual(Container(211).ListItem.Property(widget),MusicWidget)</visible>
                    </control>
                    <control type="button" id="1472">
                        <width>1256</width>
                        <include>DefaultSettingButton</include>
                        <label>$ADDON[script.skinshortcuts 32044] 6</label>
                        <label2>$VAR[MusicWidget6Label2Var]</label2>
                        <onclick>ClearProperty(WidgetVisibility,home)</onclick>
                        <onclick>SetProperty(widgetID, music6)</onclick>
                        <onclick>SendClick(312)</onclick>
                        <visible>String.IsEqual(Window.Property(groupname),mainmenu)</visible>
                        <visible>String.IsEqual(Container(211).ListItem.Property(widget),MusicWidget)</visible>
                    </control>
                    <control type="button" id="1464">
                        <width>1256</width>
                        <include>DefaultSettingButton</include>
                        <label>$ADDON[script.skinshortcuts 32044] 1</label>
                        <label2>$VAR[MusicVideoWidget1Label2Var]</label2>
                        <onclick>ClearProperty(WidgetVisibility,home)</onclick>
                        <onclick>SetProperty(widgetID, musicvideo1)</onclick>
                        <onclick>SendClick(312)</onclick>
                        <visible>String.IsEqual(Window.Property(groupname),mainmenu)</visible>
                        <visible>String.IsEqual(Container(211).ListItem.Property(widget),MusicVideoWidget)</visible>
                    </control>
                    <control type="button" id="1465">
                        <width>1256</width>
                        <include>DefaultSettingButton</include>
                        <label>$ADDON[script.skinshortcuts 32044] 2</label>
                        <label2>$VAR[MusicVideoWidget2Label2Var]</label2>
                        <onclick>ClearProperty(WidgetVisibility,home)</onclick>
                        <onclick>SetProperty(widgetID, musicvideo2)</onclick>
                        <onclick>SendClick(312)</onclick>
                        <visible>String.IsEqual(Window.Property(groupname),mainmenu)</visible>
                        <visible>String.IsEqual(Container(211).ListItem.Property(widget),MusicVideoWidget)</visible>
                    </control>
                    <control type="button" id="1466">
                        <width>1256</width>
                        <include>DefaultSettingButton</include>
                        <label>$ADDON[script.skinshortcuts 32044] 3</label>
                        <label2>$VAR[MusicVideoWidget3Label2Var]</label2>
                        <onclick>ClearProperty(WidgetVisibility,home)</onclick>
                        <onclick>SetProperty(widgetID, musicvideo3)</onclick>
                        <onclick>SendClick(312)</onclick>
                        <visible>StringCompare(Window.Property(groupname),mainmenu)</visible>
                        <visible>String.IsEqual(Container(211).ListItem.Property(widget),MusicVideoWidget)</visible>
                    </control>
                    <control type="button" id="1467">
                        <width>1256</width>
                        <include>DefaultSettingButton</include>
                        <label>$ADDON[script.skinshortcuts 32044] 4</label>
                        <label2>$VAR[MusicVideoWidget4Label2Var]</label2>
                        <onclick>ClearProperty(WidgetVisibility,home)</onclick>
                        <onclick>SetProperty(widgetID, musicvideo4)</onclick>
                        <onclick>SendClick(312)</onclick>
                        <visible>String.IsEqual(Window.Property(groupname),mainmenu)</visible>
                        <visible>String.IsEqual(Container(211).ListItem.Property(widget),MusicVideoWidget)</visible>
                    </control>
                    <control type="button" id="1468">
                        <width>1256</width>
                        <include>DefaultSettingButton</include>
                        <label>$ADDON[script.skinshortcuts 32044] 1</label>
                        <label2>$VAR[SourcesWidget1Label2Var]</label2>
                        <onclick>ClearProperty(WidgetVisibility,home)</onclick>
                        <onclick>SetProperty(widgetID, sources1)</onclick>
                        <onclick>SendClick(312)</onclick>
                        <visible>String.IsEqual(Window.Property(groupname),mainmenu)</visible>
                        <visible>String.IsEqual(Container(211).ListItem.Property(widget),SourcesWidget)</visible>
                    </control>
                    <control type="button" id="1469">
                        <width>1256</width>
                        <include>DefaultSettingButton</include>
                        <label>$ADDON[script.skinshortcuts 32044] 2</label>
                        <label2>$VAR[SourcesWidget2Label2Var]</label2>
                        <onclick>ClearProperty(WidgetVisibility,home)</onclick>
                        <onclick>SetProperty(widgetID, sources2)</onclick>
                        <onclick>SendClick(312)</onclick>
                        <visible>String.IsEqual(Window.Property(groupname),mainmenu)</visible>
                        <visible>String.IsEqual(Container(211).ListItem.Property(widget),SourcesWidget)</visible>
                    </control>
                    <control type="button" id="1470">
                        <width>1256</width>
                        <include>DefaultSettingButton</include>
                        <label>$ADDON[script.skinshortcuts 32044] 3</label>
                        <label2>$VAR[SourcesWidget3Label2Var]</label2>
                        <onclick>ClearProperty(WidgetVisibility,home)</onclick>
                        <onclick>SetProperty(widgetID, sources3)</onclick>
                        <onclick>SendClick(312)</onclick>
                        <visible>String.IsEqual(Window.Property(groupname),mainmenu)</visible>
                        <visible>String.IsEqual(Container(211).ListItem.Property(widget),SourcesWidget)</visible>
                    </control>
                    <control type="button" id="3128">
                        <label>40023</label>
                        <label2>$INFO[Container(211).ListItem.Property(PictureWidget)]</label2>
                        <width>1256</width>
                        <include>DefaultSettingButton</include>
                        <visible>String.IsEqual(Container(211).ListItem.Property(widget),PictureWidget)</visible>
                    </control>
                    <control type="radiobutton" id="3129">
                        <label>40086</label>
                        <width>1256</width>
                        <include>DefaultSettingButton</include>
                        <selected>!String.IsEmpty(Container(211).ListItem.Property(HideBannerWidget))</selected>
                        <visible>String.IsEqual(Container(211).ListItem.Property(widget),PictureWidget)</visible>
                    </control>
                    <control type="radiobutton" id="1503">
                        <label>40236</label>
                        <width>1256</width>
                        <include>DefaultSettingButton</include>
                        <selected>!String.IsEmpty(Container(211).ListItem.Property(UseClearLogos))</selected>
                        <visible>String.IsEqual(Container(211).ListItem.Property(widget),TVShowsWidget) | String.IsEqual(Container(211).ListItem.Property(widget),PersonalWidgetThumb)</visible>
                    </control>
                    <control type="radiobutton" id="3132">
                        <label>40126</label>
                        <width>1256</width>
                        <include>DefaultSettingButton</include>
                        <enable>String.IsEmpty(Container(211).ListItem.Property(UseClearLogos))</enable>
                        <selected>!String.IsEmpty(Container(211).ListItem.Property(ReplaceThumbWidget))</selected>
                        <visible>String.IsEqual(Container(211).ListItem.Property(widget),TVShowsWidget)</visible>
                    </control>
                    <control type="radiobutton" id="1495">
                        <label>40231</label>
                        <width>1256</width>
                        <include>DefaultSettingButton</include>
                        <selected>!String.IsEmpty(Container(211).ListItem.Property(HideBannerWidget2))</selected>
                        <visible>String.IsEqual(Container(211).ListItem.Property(widget),TVShowsWidget) | String.IsEqual(Container(211).ListItem.Property(widget),PersonalWidgetThumb)</visible>
                    </control>
                </control>
                <control type="textbox" id="6">
                    <description>description area</description>
                    <left>590</left>
                    <top>810</top>
                    <width>1150</width>
                    <height>83</height>
                    <font>font12</font>
                    <align>justify</align>
                    <textcolor>$VAR[SkinColorVar]</textcolor>
                    <label>$VAR[SkinSettingsHelpTextVar]</label>
                    <autoscroll time="3000" delay="4000" repeat="5000">true</autoscroll>
                </control>
            </control>
        </control>
        <control type="group">
            <include>OpenClose_Right</include>
            <control type="button">
                <left>1141</left>
                <top>105</top>
                <width>48</width>
                <height>24</height>
                <texturefocus colordiffuse="$VAR[SkinColorVar]" flipy="true">overlays/arrowdown.png</texturefocus>
                <texturenofocus colordiffuse="$VAR[SkinColorVar]" flipy="true">overlays/arrowdown.png</texturenofocus>
                <animation effect="zoom" start="100,0" end="100,100" center="auto" time="200" delay="10">VisibleChange</animation>
                <animation effect="zoom" start="100,0" end="100,100" delay="500" center="auto" time="200">WindowOpen</animation>
                <animation effect="zoom" start="100,100" end="100,0" center="auto" time="200">WindowClose</animation>
                <onclick>SetFocus(90001)</onclick>
                <onclick>PageUp</onclick>
                <animation effect="fade" time="200">VisibleChange</animation>
                <visible>Container(90001).HasPrevious</visible>
            </control>
            <control type="button">
                <left>1141</left>
                <top>940</top>
                <width>48</width>
                <height>24</height>
                <texturefocus colordiffuse="$VAR[SkinColorVar]">overlays/arrowdown.png</texturefocus>
                <texturenofocus colordiffuse="$VAR[SkinColorVar]">overlays/arrowdown.png</texturenofocus>
                <animation effect="zoom" start="100,0" end="100,100" center="auto" time="200" delay="10">VisibleChange</animation>
                <animation effect="zoom" start="100,0" end="100,100" delay="500" center="auto" time="200">WindowOpen</animation>
                <animation effect="zoom" start="100,100" end="100,0" center="auto" time="200">WindowClose</animation>
                <onclick>SetFocus(90001)</onclick>
                <onclick>PageDown</onclick>
                <animation effect="fade" time="200">VisibleChange</animation>
                <visible>Container(90001).HasNext</visible>
            </control>
        </control>
        <include content="TopBar">
            <param name="breadcrumbs_label" value="$LOCALIZE[5] / $LOCALIZE[20077]" />
            <param name="breadcrumbs_icon" value="icons/settings/skin.png" />
        </include>
        <include>BottomBar</include>
    </controls>
</window>