<?xml version="1.0" encoding="UTF-8"?>
<window>
	<defaultcontrol>996</defaultcontrol>
	<coordinates>
		<left>0</left>
		<top>0</top>
		<origin x="735" y="400">Window.IsActive(Home)</origin>
	</coordinates>
	<include>Animation_DialogPopupOpenClose</include>
	<controls>
		<control type="image">
			<left>-1920</left>
			<top>-1080</top>
			<width>5760</width>
			<height>3240</height>
			<animation effect="fade" start="0" end="100" time="300">WindowOpen</animation>
			<animation effect="fade" start="100" end="0" time="200">WindowClose</animation>
			<texture colordiffuse="C2FFFFFF">colors/black.png</texture>
		</control>
		<control type="button" id="22001">
 			<left>-1920</left>
 			<top>-1080</top>
 			<width>5760</width>
 			<height>3240</height>
 			<texturefocus></texturefocus>
 			<texturenofocus></texturenofocus>
 			<onclick>Action(close)</onclick>
 		</control>
		<control type="image">
			<left>0</left>
			<top>-70</top>
			<width>450</width>
			<height>70</height>
			<texture colordiffuse="$VAR[SkinColorVar]" border="2">dialogs/dialog-bg-solid.png</texture>
			<animation effect="slide" end="320,0" time="0" condition="Window.IsVisible(Home.xml)">Conditional</animation>
		</control>
		<control type="image">
			<left>0</left>
			<top>-70</top>
			<width>450</width>
			<height>70</height>
			<texture colordiffuse="$VAR[SkinColorVar]" border="2">colors/white70.png</texture>
			<animation effect="slide" end="320,0" time="0" condition="Window.IsVisible(Home.xml)">Conditional</animation>
		</control>
		<control type="label">
			<textoffsetx>30</textoffsetx>
			<left>0</left>
			<top>-70</top>
			<width>390</width>
			<height>70</height>
			<font>font20_title</font>
			<scroll>yes</scroll>			
			<label>40057</label>
			<align>left</align>
			<aligny>center</aligny>
			<shadowcolor>black</shadowcolor>
			<animation effect="slide" end="320,0" time="0" condition="Window.IsVisible(Home.xml)">Conditional</animation>
		</control>
		<control type="radiobutton">
			<left>450</left>
			<top>-59</top>
			<width>48</width>
			<height>48</height>
			<radiowidth>48</radiowidth>
			<radioheight>48</radioheight>
			<texturefocus></texturefocus>
			<texturenofocus></texturenofocus>
			<label></label>
			<animation effect="slide" end="-70,0" time="0" condition="true">Conditional</animation>
			<textureradioofffocus colordiffuse="EEFFFFFF">dialogs/close.png</textureradioofffocus>
			<textureradiooffnofocus colordiffuse="EEFFFFFF">icons/logo.png</textureradiooffnofocus>
			<textureradioonfocus colordiffuse="EEFFFFFF">dialogs/close.png</textureradioonfocus>
			<textureradioonnofocus colordiffuse="EEFFFFFF">icons/logo.png</textureradioonnofocus>
			<onclick>Action(close)</onclick>
			<animation effect="slide" end="320,0" time="0" condition="Window.IsVisible(Home.xml)">Conditional</animation>
		</control>
		<control type="image" id="999">
			<description>background image</description>
			<left>0</left>
			<top>0</top>
			<width>450</width>
			<height>830</height>
			<texture border="2">dialogs/dialog-bg-solid.png</texture>
			<animation effect="slide" end="320,0" time="0" condition="Window.IsVisible(Home.xml)">Conditional</animation>
		</control>
		<control type="grouplist" id="996">
			<description>grouplist for context buttons</description>
			<left>0</left>
			<top>30</top>
			<width>450</width>
			<height max="780">auto</height>
			<usecontrolcoords>true</usecontrolcoords>
			<animation effect="slide" end="320,0" time="0" condition="Window.IsVisible(Home.xml)">Conditional</animation>
		</control>
		<control type="button" id="1000">
			<description>button template</description>
			<left>2</left>
			<top></top>
			<width>446</width>
			<height>60</height>
			<font>fontContextMenu</font>
			<align>center</align>
			<texturefocus colordiffuse="$VAR[SkinColorVar]">lists/focus.png</texturefocus>
			<texturenofocus>lists/separator.png</texturenofocus>
		</control>
		<control type="button" id="996588">
                <left>201</left>
                <top>840</top>
                <width>48</width>
                <height>24</height>
                <texturefocus colordiffuse="$VAR[SkinColorVar]">overlays/arrowdown.png</texturefocus>
                <texturenofocus colordiffuse="$VAR[SkinColorVar]">overlays/arrowdown.png</texturenofocus>
                <animation effect="zoom" start="100,0" end="100,100" center="auto" time="200" delay="10">VisibleChange</animation>
                <animation effect="zoom" start="100,0" end="100,100" delay="500" center="auto" time="200">WindowOpen</animation>
                <animation effect="zoom" start="100,100" end="100,0" center="auto" time="200">WindowClose</animation>
                <onclick>SetFocus(996)</onclick>
                <onclick>PageDown</onclick>
                <visible>Container(996).HasNext + Control.IsVisible(996)</visible>
                <animation effect="slide" end="320,0" time="0" condition="Window.IsVisible(Home.xml)">Conditional</animation>
            </control>
            <control type="button" id="996589">
                <left>201</left>
                <top>-40</top>
                <width>48</width>
                <height>24</height>
                <texturefocus colordiffuse="$VAR[SkinColorVar]" flipy="true">overlays/arrowdown.png</texturefocus>
                <texturenofocus colordiffuse="$VAR[SkinColorVar]" flipy="true">overlays/arrowdown.png</texturenofocus>
                <animation effect="zoom" start="100,0" end="100,100" center="auto" time="200" delay="10">VisibleChange</animation>
                <animation effect="zoom" start="100,0" end="100,100" delay="500" center="auto" time="200">WindowOpen</animation>
                <animation effect="zoom" start="100,100" end="100,0" center="auto" time="200">WindowClose</animation>
                <onclick>SetFocus(996)</onclick>
                <onclick>PageUp</onclick>
                <visible>Container(996).HasPrevious + Control.IsVisible(996)</visible>
                <animation effect="slide" end="320,0" time="0" condition="Window.IsVisible(Home.xml)">Conditional</animation>
            </control>
	</controls>
</window>