<?xml version='1.0' encoding='UTF-8'?>
<shortcuts>
    <shortcut>
        <label2>Common Shortcut</label2>
        <label>13012</label>
        <action>Quit()</action>
        <icon>special://skin/extras/icons/power.png</icon> 
        <visible>System.ShowExitButton</visible>       
    </shortcut>
    <shortcut>
        <label2>Common Shortcut</label2>
        <label>13016</label>
        <action>Powerdown()</action>
        <icon>special://skin/extras/icons/power.png</icon> 
        <visible>System.CanPowerDown</visible>        
    </shortcut>
    <shortcut>
        <label2>Common Shortcut</label2>
        <label>13011</label>
        <action>Suspend()</action>
        <icon>special://skin/extras/icons/power.png</icon> 
        <visible>System.CanSuspend</visible>       
    </shortcut>
    <shortcut>
        <label2>Common Shortcut</label2>
        <label>13010</label>
        <action>Hibernate()</action>
        <icon>special://skin/extras/icons/power.png</icon> 
        <visible>System.CanHibernate</visible>        
    </shortcut>
    <shortcut>
        <label2>Common Shortcut</label2>
        <label>13013</label>
        <action>Reset()</action>
        <icon>special://skin/extras/icons/power.png</icon> 
        <visible>System.CanReboot</visible>        
    </shortcut>
    <shortcut>
        <label2>Common Shortcut</label2>
        <label>20126</label>
        <action>dialog.close(all,true)</action>
        <action>System.LogOff</action>
        <icon>special://skin/extras/icons/power.png</icon> 
        <visible>System.HasLoginScreen | Integer.IsGreater(System.ProfileCount,1)</visible>
        <visible>System.Loggedon</visible>        
    </shortcut>
    <shortcut>
        <label2>Common Shortcut</label2>
        <label>20046</label>
        <altlabel>20045</altlabel>
        <usealttexture>!System.IsMaster</usealttexture>
        <action>mastermode</action>
        <icon>special://skin/extras/icons/power.png</icon> 
        <visible>System.HasLocks</visible>        
    </shortcut>
    <shortcut>
        <label2>Common Shortcut</label2>
        <label>13017</label>
        <action>InhibitIdleShutdown(true)</action>
        <icon>special://skin/extras/icons/power.png</icon> 
        <visible>System.HasShutdown + !System.IsInhibit</visible>     
    </shortcut>
    <shortcut>
        <label2>Common Shortcut</label2>
        <label>13018</label>
        <action>InhibitIdleShutdown(false)</action>
        <icon>special://skin/extras/icons/power.png</icon> 
        <visible>System.HasShutdown + System.IsInhibit</visible>       
    </shortcut>
    <shortcut>
        <label2>Common Shortcut</label2>
        <label>20150</label>
        <action>AlarmClock(shutdowntimer,Shutdown())</action>
        <icon>special://skin/extras/icons/power.png</icon> 
        <visible>!System.HasAlarm(shutdowntimer)</visible>
        <visible>System.CanPowerDown | System.CanSuspend | System.CanHibernate</visible>       
    </shortcut>
    <shortcut>
        <label2>Common Shortcut</label2>
        <label>$LOCALIZE[20151] $INFO[System.AlarmPos,(,)]</label>
        <action>CancelAlarm(shutdowntimer)</action>
        <icon>special://skin/extras/icons/power.png</icon> 
        <visible>System.HasAlarm(shutdowntimer)</visible>        
    </shortcut>
        <shortcut>
        <label2>Common Shortcut</label2>
        <label>20183</label>
        <action>ReloadSkin()</action>
        <icon>special://skin/extras/icons/power.png</icon>        
    </shortcut>
</shortcuts>
