<?xml version="1.0" encoding="utf-8"?>
<includes>
	<include name="HorizontalGuide">
        <control type="group">
            <animation effect="fade" start="100" end="0" time="200" tween="sine" condition="$EXP[infodialog_active]">Conditional</animation>
            <control type="group">
                <description>Guide Timeline</description>
                <visible>Control.IsVisible(50)</visible>
                <include>OpenClose_Right</include>
                <include>Visible_Right</include>
                <control type="group">
					<top>140</top>
					<depth>DepthContentPanel</depth>
					<control type="image">
						<left>0</left>
						<top>-10</top>
						<width>100%</width>
						<bottom>336</bottom>
						<texture colordiffuse="E6FFFFFF">dialogs/dialog-bg-nobo.png</texture>
					</control>
                <control type="epggrid" id="50">
                    <left>0</left>
                    <top>0</top>
                    <right>15</right>
					<bottom>340</bottom>
                    <orientation>horizontal</orientation>
                    <pagecontrol>60</pagecontrol>
                    <scrolltime tween="quadratic" easing="out">300</scrolltime>
                    <timeblocks>34</timeblocks>
                    <rulerunit>6</rulerunit>
                    <onleft>9000</onleft>
                    <onright>60</onright>
                    <onup>50</onup>
                    <ondown>50</ondown>
                    <viewtype label="19032">list</viewtype>
                    <progresstexture border="5,10,5,10" colordiffuse="$VAR[SkinColorVar]">windows/pvr/epg_progress_horizontal.png</progresstexture>
      				<rulerdatelayout height="45" width="1920">
                        <control type="label">
                        		<top>-4</top>
                            	<left>10</left>
                            	<right>0</right>
 								<height>45</height>
 								<font>font12</font>
 								<label>$INFO[ListItem.Label]</label>
 								<textcolor>$VAR[SkinColorVar]</textcolor>
 								<align>left</align>
 								<aligny>center</aligny>
 							</control>
 						</rulerdatelayout>
 						<rulerlayout height="70" width="90">
 							<control type="label">
 							<width>90</width>
                            <height>70</height>
                            <font>font12</font>
                            <label>$INFO[ListItem.Label]</label>
                            <textoffsetx>10</textoffsetx>
                            <textcolor>$VAR[SkinColorVar]</textcolor>
                        </control>
                    </rulerlayout>
                    <channellayout height="58" width="363">
                        <control type="image" id="121212">
                            <left>2</left>
                            <top>3</top>
                            <width>85</width>
                            <height>50</height>
                            <texture fallback="fallback.png">$INFO[ListItem.Icon]</texture>
                            <aspectratio align="center" aligny="center">keep</aspectratio>
                        </control>
                        <control type="label">
                            <left>2</left>
                            <top>-2</top>
                            <width>85</width>
                            <height>60</height>
                            <font>font24_title</font>
                            <label>$INFO[ListItem.ChannelNumber]</label>
                            <align>center</align>
                            <aligny>center</aligny>
                            <visible>String.IsEqual(Control.GetLabel(121212),fallback.png)</visible>
                        </control>
                        <control type="label" id="1">
                            <left>90</left>
                            <top>-2</top>
                            <width>271</width>
                            <height>60</height>
                            <font>font12</font>
                            <label>$INFO[ListItem.ChannelName]</label>
                            <aligny>center</aligny>
                            <textoffsetx>10</textoffsetx>
                        </control>
                    </channellayout>
                    <focusedchannellayout height="58" width="363">
                        <control type="image" id="121213">
                            <left>2</left>
                            <top>3</top>
                            <width>85</width>
                            <height>50</height>
                            <texture fallback="fallback.png">$INFO[ListItem.Icon]</texture>
                            <aspectratio align="center" aligny="center">keep</aspectratio>
                        </control>
                        <control type="label">
                            <left>2</left>
                            <top>-2</top>
                            <width>85</width>
                            <height>60</height>
                            <font>font24_title</font>
                            <label>$INFO[ListItem.ChannelNumber]</label>
                            <textcolor>$VAR[SkinColorVar]</textcolor>
                            <align>center</align>
                            <aligny>center</aligny>
                            <visible>String.IsEqual(Control.GetLabel(121213),fallback.png)</visible>
                        </control>
                        <control type="label" id="1">
                            <left>90</left>
                            <top>-2</top>
                            <width>271</width>
                            <height>60</height>
                            <font>font12</font>
                            <label>$INFO[ListItem.ChannelName]</label>
                            <scroll>true</scroll>
                            <textcolor>$VAR[SkinColorVar]</textcolor>
                            <aligny>center</aligny>
                            <textoffsetx>10</textoffsetx>
                        </control>
                    </focusedchannellayout>
                    <itemlayout height="58" width="60">
                        <control type="image" id="2">
                            <width>58</width>
                            <height>58</height>
                            <texture border="3" fallback="windows/pvr/epg-genres/0.png">$INFO[ListItem.Genre,special://skin/extras/epg-genres/,.png]</texture>
                        </control>
                        <control type="label" id="1">
                            <left>6</left>
                            <top>0</top>
                            <width>50</width>
                            <height>36</height>
                            <aligny>center</aligny>
                            <font>font12</font>
                            <label>$INFO[ListItem.Label]</label>
                        </control>
                        <control type="image">
                            <left>6</left>
                            <top>32</top>
                            <width>20</width>
                            <height>20</height>
                            <texture>$VAR[PVRTimerIcon]</texture>
                        </control>
                    </itemlayout>
                    <focusedlayout height="58" width="60">
                        <control type="image" id="2">
                            <top>2</top>
                            <left>2</left>
                            <width>54</width>
                            <height>54</height>
                            <texture colordiffuse="$VAR[SkinColorVar]">lists/focus.png</texture>
                            <visible>Control.HasFocus(50)</visible>
                        </control>
                        <control type="image" id="2">
                            <width>58</width>
                            <height>58</height>
                            <texture border="8" colordiffuse="$VAR[SkinColorVar]">buttons/thumbnail_focused.png</texture>
                        </control>
                        <control type="image" id="2">
                            <width>58</width>
                            <height>58</height>
                            <top>0</top>
                            <texture border="3" fallback="windows/pvr/epg-genres/0.png">$INFO[ListItem.Genre,special://skin/extras/epg-genres/,.png]</texture>
                            <visible>!Control.HasFocus(50)</visible>
                        </control>
                        <control type="label" id="1">
                            <left>6</left>
                            <top>0</top>
                            <width>50</width>
                            <height>36</height>
                            <aligny>center</aligny>
                            <font>font12</font>
                            <label>$INFO[ListItem.Label]</label>
                            <scroll>true</scroll>
                        </control>
                        <control type="image">
                            <left>6</left>
                            <top>32</top>
                            <width>20</width>
                            <height>20</height>
                            <texture>$VAR[PVRTimerIcon]</texture>
                        </control>
                    </focusedlayout>
                </control>
                <control type="scrollbar" id="60">
						<right>0</right>
						<top>103</top>
						<width>12</width>
						<bottom>336</bottom>
						<onleft>50</onleft>
						<onright>50</onright>
						<orientation>vertical</orientation>
						<texturesliderbackground colordiffuse="22FFFFFF">colors/white.png</texturesliderbackground>
						<animation effect="fade" start="100" end="40" time="0" condition="!system.getbool(input.enablemouse)">Conditional</animation>
					</control>
				</control>
				<control type="group">
					<bottom>0</bottom>
					<height>300</height>
					<control type="videowindow">
                        <left>30</left>
						<width>242</width>
						<height>202</height>
                        <visible>Player.HasVideo</visible>
                    </control>
					<control type="image">
						<left>10</left>
						<width>240</width>
						<height>200</height>
						<aspectratio align="right">keep</aspectratio>
						<fadetime>400</fadetime>
						<texture>$INFO[ListItem.Icon]</texture>
						<visible>!Player.HasVideo</visible>
					</control>
					<control type="label">
						<top>-9</top>
						<left>300</left>
						<right>540</right>
						<height>30</height>
						<textcolor>$VAR[SkinColorVar]</textcolor>
						<label>$INFO[ListItem.StartTime,, - ]$INFO[ListItem.EndTime][B]$INFO[ListItem.EpgEventTitle,  [COLOR white],[/COLOR]]$INFO[ListItem.EpisodeName, [COLOR white](,)[/COLOR]][/B]</label>
						<scroll>true</scroll>
					</control>
					<control type="label">
						<top>-9</top>
						<width>500</width>
						<right>30</right>
						<height>30</height>
						<align>right</align>
						<textcolor>$VAR[SkinColorVar]</textcolor>
						<label>$INFO[ListItem.Genre, $LOCALIZE[515] : [COLOR white],[/COLOR]]</label>
						<scroll>true</scroll>
					</control>
					<control type="textbox">
						<left>300</left>
						<top>38</top>
						<right>30</right>
						<height>173</height>
						<align>justify</align>
						<label>$INFO[ListItem.Plot]</label>
						<autoscroll delay="10000" time="3000" repeat="10000">Skin.HasSetting(AutoScroll)</autoscroll>
					</control>
				</control>
			</control>
			<include>PVRChannelNumberInput</include>
			<include content="TopBar">
				<param name="breadcrumbs_label" value="$VAR[BreadcrumbsPVRGuideVar]" />
				<param name="sublabel" value="" />
			</include>
			<include content="BottomBar">
				<param name="info_visible" value="true" />
			</include>
			<control type="group">
				<include>MediaMenuCommon</include>
				<include content="PVRSideBar">
					<param name="group_label2" value="$INFO[Control.GetLabel(30)]" />
				</include>
			</control>
		</control>
		<control type="label" id="29">
			<font></font>
			<include>HiddenObject</include>
		</control>
		<control type="label" id="30">
			<font></font>
			<include>HiddenObject</include>
		</control>
    </include>
    <include name="VerticalGuide">
		<control type="group">
			<animation effect="fade" start="100" end="0" time="200" tween="sine" condition="$EXP[infodialog_active]">Conditional</animation>
			<control type="group">
				<description>Guide Timeline</description>
				<visible>Control.IsVisible(50)</visible>
				<include>OpenClose_Right</include>
				<include>Visible_Right</include>
				<control type="group">
					<top>140</top>
					<depth>DepthContentPanel</depth>
					<control type="image">
						<left>0</left>
						<top>-10</top>
						<width>100%</width>
						<bottom>336</bottom>
						<texture colordiffuse="E6FFFFFF">dialogs/dialog-bg-nobo.png</texture>
					</control>
					<control type="epggrid" id="50">
						<left>0</left>
						<top>0</top>
						<right>20</right>
						<bottom>340</bottom>
						<pagecontrol>60</pagecontrol>
						<scrolltime tween="quadratic" easing="out">300</scrolltime>
						<timeblocks>34</timeblocks>
						<rulerunit>6</rulerunit>
						<onleft>9000</onleft>
						<onright>60</onright>
						<onup>50</onup>
						<ondown>50</ondown>
						<viewtype label="19032">list</viewtype>
						<progresstexture border="0,60,18,14" colordiffuse="$VAR[SkinColorVar]">windows/pvr/epg_progress.png</progresstexture>
						<rulerlayout height="45" width="1400">
							<control type="label">
								<width>365</width>
								<height>45</height>
								<font>font12</font>
								<label>$INFO[ListItem.Label]</label>
								<textoffsetx>10</textoffsetx>
								<textcolor>$VAR[SkinColorVar]</textcolor>
							</control>
						</rulerlayout>
						<channellayout height="62" width="350">
							<control type="label">
								<left>2</left>
								<top>-2</top>
								<width>75</width>
								<height>60</height>
								<font>font32_title</font>
								<label>$INFO[ListItem.ChannelNumberLabel]</label>
								<align>center</align>
								<aligny>center</aligny>
								<visible>String.IsEqual(Control.GetLabel(45678),fallback.png)</visible>
							</control>
							<control type="image" id="45678">
								<left>2</left>
								<top>3</top>
								<width>75</width>
								<height>56</height>
								<texture fallback="fallback.png">$INFO[ListItem.Icon]</texture>
								<aspectratio align="center" aligny="center">keep</aspectratio>
							</control>
							<control type="label" id="1">
								<left>68</left>
								<top>-2</top>
								<width>350</width>
								<height>60</height>
								<font>font12</font>
								<label>$INFO[ListItem.ChannelName]</label>
								<aligny>center</aligny>
								<textoffsetx>10</textoffsetx>
							</control>
						</channellayout>
						<focusedchannellayout height="62" width="350">
							<control type="label">
								<left>2</left>
								<top>-2</top>
								<width>75</width>
								<height>60</height>
								<font>font32_title</font>
								<label>$INFO[ListItem.ChannelNumberLabel]</label>
								<textcolor>$VAR[SkinColorVar]</textcolor>
								<align>center</align>
								<aligny>center</aligny>
								<visible>String.IsEqual(Control.GetLabel(45678),fallback.png)</visible>
							</control>
							<control type="image" id="45678">
								<left>2</left>
								<top>3</top>
								<width>75</width>
								<height>56</height>
								<texture fallback="fallback.png">$INFO[ListItem.Icon]</texture>
								<aspectratio align="center" aligny="center">keep</aspectratio>
							</control>
							<control type="label" id="1">
								<left>68</left>
								<top>-2</top>
								<width>350</width>
								<height>60</height>
								<font>font12</font>
								<label>$INFO[ListItem.ChannelName]</label>
								<textcolor>$VAR[SkinColorVar]</textcolor>
								<aligny>center</aligny>
								<textoffsetx>10</textoffsetx>
							</control>
						</focusedchannellayout>
						<itemlayout height="62" width="60">
							<control type="image" id="2">
								<width>58</width>
								<height>58</height>
								<texture border="3" fallback="windows/pvr/epg-genres/0.png">$INFO[ListItem.Genre,special://skin/extras/epg-genres/,.png]</texture>
							</control>
							<control type="label" id="1">
								<left>6</left>
								<top>0</top>
								<width>50</width>
								<height>36</height>
								<aligny>center</aligny>
								<font>font12</font>
								<label>$INFO[ListItem.Label]</label>
							</control>
							<control type="image">
								<left>6</left>
								<top>35</top>
								<width>20</width>
								<height>20</height>
								<texture>$VAR[PVRTimerIcon]</texture>
							</control>
						</itemlayout>
						<focusedlayout height="62" width="60">
							<control type="image" id="2">
								<top>2</top>
								<left>2</left>
								<width>54</width>
								<height>54</height>
								<texture colordiffuse="$VAR[SkinColorVar]">lists/focus.png</texture>
								<visible>Control.HasFocus(50)</visible>
							</control>
							<control type="image" id="2">
								<width>58</width>
								<height>58</height>
								<texture border="8" colordiffuse="$VAR[SkinColorVar]">buttons/thumbnail_focused.png</texture>
							</control>
							<control type="image" id="2">
								<width>58</width>
								<height>58</height>
								<top>0</top>
								<texture border="3" fallback="windows/pvr/epg-genres/0.png">$INFO[ListItem.Genre,special://skin/extras/epg-genres/,.png]</texture>
								<visible>!Control.HasFocus(50)</visible>
							</control>
							<control type="label" id="1">
								<left>6</left>
								<top>0</top>
								<width>50</width>
								<height>36</height>
								<aligny>center</aligny>
								<font>font12</font>
								<label>$INFO[ListItem.Label]</label>
								<scroll>true</scroll>
							</control>
							<control type="image">
								<left>6</left>
								<top>35</top>
								<width>20</width>
								<height>20</height>
								<texture>$VAR[PVRTimerIcon]</texture>
							</control>
						</focusedlayout>
					</control>
					<control type="scrollbar" id="60">
						<right>0</right>
						<top>47</top>
						<width>12</width>
						<bottom>340</bottom>
						<onleft>10</onleft>
						<onright>10</onright>
						<orientation>vertical</orientation>
						<texturesliderbackground colordiffuse="22FFFFFF">colors/white.png</texturesliderbackground>
						<animation effect="fade" start="100" end="40" time="0" condition="!system.getbool(input.enablemouse)">Conditional</animation>
					</control>
				</control>
				<control type="group">
					<bottom>0</bottom>
					<height>300</height>
					<control type="videowindow">
                        <left>30</left>
						<width>242</width>
						<height>202</height>
                        <visible>Player.HasVideo</visible>
                    </control>
					<control type="image">
						<left>10</left>
						<width>240</width>
						<height>200</height>
						<aspectratio align="right">keep</aspectratio>
						<fadetime>400</fadetime>
						<texture>$INFO[ListItem.Icon]</texture>
						<visible>!Player.HasVideo</visible>
					</control>
					<control type="label">
						<top>-9</top>
						<left>300</left>
						<right>540</right>
						<height>30</height>
						<textcolor>$VAR[SkinColorVar]</textcolor>
						<label>$INFO[ListItem.StartTime,, - ]$INFO[ListItem.EndTime][B]$INFO[ListItem.EpgEventTitle,  [COLOR white],[/COLOR]]$INFO[ListItem.EpisodeName, [COLOR white](,)[/COLOR]][/B]</label>
						<scroll>true</scroll>
					</control>
					<control type="label">
						<top>-9</top>
						<width>500</width>
						<right>30</right>
						<height>30</height>
						<align>right</align>
						<textcolor>$VAR[SkinColorVar]</textcolor>
						<label>$INFO[ListItem.Genre, $LOCALIZE[515] : [COLOR white],[/COLOR]]</label>
						<scroll>true</scroll>
					</control>
					<control type="textbox">
						<left>300</left>
						<top>38</top>
						<right>30</right>
						<height>173</height>
						<align>justify</align>
						<label>$INFO[ListItem.Plot]</label>
						<autoscroll delay="10000" time="3000" repeat="10000">Skin.HasSetting(AutoScroll)</autoscroll>
					</control>
				</control>
			</control>
			<include>PVRChannelNumberInput</include>
			<include content="TopBar">
				<param name="breadcrumbs_label" value="$VAR[BreadcrumbsPVRGuideVar]" />
				<param name="sublabel" value="" />
			</include>
			<include content="BottomBar">
				<param name="info_visible" value="true" />
			</include>
			<control type="group">
				<include>MediaMenuCommon</include>
				<include content="PVRSideBar">
					<param name="group_label2" value="$INFO[Control.GetLabel(30)]" />
				</include>
			</control>
		</control>
		<control type="label" id="29">
			<font></font>
			<include>HiddenObject</include>
		</control>
		<control type="label" id="30">
			<font></font>
			<include>HiddenObject</include>
		</control>
	</include>
    <include name="ChannelManagerList">
		<control type="grouplist">
			<orientation>horizontal</orientation>
			<left>0</left>
			<align>center</align>
			<width>510</width>
			<control type="label" id="$PARAM[header_id]">
				<width>auto</width>
				<height>70</height>
				<align>center</align>
				<aligny>center</aligny>
				<textcolor>button_focus</textcolor>
			</control>
			<control type="label">
				<width>auto</width>
				<height>70</height>
				<align>center</align>
				<aligny>center</aligny>
				<textcolor>button_focus</textcolor>
				<label>: [COLOR white]$INFO[Container($PARAM[list_id]).Numitems][/COLOR]</label>
			</control>
		</control>
		<control type="image">
			<left>0</left>
			<top>55</top>
			<width>510</width>
			<height>740</height>
			<texture border="40">buttons/dialogbutton-nofo.png</texture>
		</control>
		<control type="list" id="$PARAM[list_id]">
			<left>20</left>
			<top>75</top>
			<width>470</width>
			<height>700</height>
			<onup>$PARAM[list_id]</onup>
			<ondown>$PARAM[list_id]</ondown>
			<onleft>$PARAM[onleft]</onleft>
			<onright>$PARAM[scrollbar_id]</onright>
			<pagecontrol>$PARAM[scrollbar_id]</pagecontrol>
			<scrolltime>200</scrolltime>
			<itemlayout height="70" width="470">
				<control type="image">
					<width>60</width>
					<height>60</height>
					<right>5</right>
					<top>5</top>
					<texture>$INFO[ListItem.ActualIcon]</texture>
					<bordertexture colordiffuse="border_alpha">colors/black.png</bordertexture>
					<bordersize>2</bordersize>
					<aspectratio>keep</aspectratio>
				</control>
				<control type="label">
					<left>20</left>
					<right>70</right>
					<height>70</height>
					<aligny>center</aligny>
					<font>font27</font>
					<textcolor>grey</textcolor>
					<label>$INFO[ListItem.ChannelNumberLabel,[B],[/B] - ]$INFO[ListItem.ChannelName]</label>
				</control>
			</itemlayout>
			<focusedlayout height="70" width="470">
				<control type="image">
					<left>0</left>
					<right>0</right>
					<bottom>0</bottom>
					<texture colordiffuse="button_focus">lists/focus.png</texture>
					<visible>Control.HasFocus($PARAM[list_id])</visible>
				</control>
				<control type="image">
					<width>60</width>
					<height>60</height>
					<right>5</right>
					<top>5</top>
					<texture>$INFO[ListItem.ActualIcon]</texture>
					<bordertexture colordiffuse="border_alpha">colors/black.png</bordertexture>
					<bordersize>2</bordersize>
					<aspectratio>keep</aspectratio>
				</control>
				<control type="label">
					<left>20</left>
					<right>70</right>
					<height>70</height>
					<font>font27</font>
					<aligny>center</aligny>
					<label>$INFO[ListItem.ChannelNumberLabel,[B],[/B] - ]$INFO[ListItem.ChannelName]</label>
				</control>
			</focusedlayout>
		</control>
		<control type="scrollbar" id="$PARAM[scrollbar_id]">
			<left>495</left>
			<top>75</top>
			<width>12</width>
			<height>700</height>
			<onleft>$PARAM[list_id]</onleft>
			<onright>$PARAM[onright]</onright>
			<ondown>$PARAM[scrollbar_id]</ondown>
			<onup>$PARAM[scrollbar_id]</onup>
			<orientation>vertical</orientation>
		</control>
	</include>
	<include name="PVRInfoPanel">
		<control type="label">
			<top>120</top>
			<width>540</width>
			<height>262</height>
			<font>font45</font>
			<label>$INFO[ListItem.ChannelName]</label>
		</control>
		<control type="image">
			<left>520</left>
			<top>120</top>
			<width>270</width>
			<height>220</height>
			<aspectratio align="right">keep</aspectratio>
			<texture fallback="DefaultTVShows.png">$INFO[Listitem.Icon]</texture>
			<fadetime>200</fadetime>
		</control>
		<control type="label">
			<top>240</top>
			<width>540</width>
			<height>262</height>
			<textcolor>grey</textcolor>
			<font>font36_title</font>
			<label>$INFO[ListItem.EpgEventTitle]</label>
		</control>
		<control type="textbox">
			<top>380</top>
			<width>820</width>
			<bottom>75</bottom>
			<label>[B]$INFO[ListItem.EpisodeName,,[CR]][/B]$INFO[ListItem.Plot]</label>
		</control>
		<control type="textbox">
			<top>510</top>
			<width>790</width>
			<height>362</height>
			<align>center</align>
			<font>font27</font>
			<textcolor>80FFFFFF</textcolor>
			<label>$LOCALIZE[19055]</label>
			<visible>String.IsEmpty(Listitem.Plot) + String.IsEmpty(Listitem.Genre)</visible>
		</control>
	</include>
	<include name="PVRChannelNumberInput">
		<control type="label">
			<left>0</left>
			<top>0</top>
			<width>100%</width>
			<height>100%</height>
			<label>$INFO[PVR.ChannelNumberInput]</label>
			<shadowcolor>black</shadowcolor>
			<align>center</align>
			<font>WeatherTemp</font>
			<aligny>center</aligny>
			<visible>!String.IsEmpty(PVR.ChannelNumberInput)</visible>
		</control>
	</include>
</includes>