<?xml version="1.0" encoding="UTF-8"?>
<window>
	<visible>Player.Seeking | Player.DisplayAfterSeek | [Player.Paused + !Player.Caching] | Player.Forwarding | Player.Rewinding | Player.ShowInfo | Window.IsActive(videoosd) | Window.IsActive(musicosd) | Window.IsActive(playerprocessinfo) | !String.IsEmpty(Player.SeekNumeric)</visible>
	<visible>!Window.IsActive(sliderdialog)</visible>
	<visible>Window.IsActive(fullscreenvideo) | Window.IsActive(visualisation)</visible>
	<include>Animation_BottomSlide</include>
	<depth>DepthOSD</depth>
	<zorder>0</zorder>
	<controls>
		<control type="group">
			<bottom>0</bottom>
			<height>190</height>
			<control type="image">
				<left>-40</left>
				<width>120%</width>
				<height>200</height>
				<texture flipy="true">frame/osdfade.png</texture>
			</control>
			<control type="group">
				<visible>!Window.IsVisible(videoosd) + !Window.IsVisible(musicosd)</visible>
				<animation effect="fade" time="200">VisibleChange</animation>
				<control type="image">
					<left>30</left>
					<top>114</top>
					<width>130</width>
					<height>50</height>
					<texture>$INFO[MusicPlayer.Codec,flags/audiocodec/,.png]</texture>
					<aspectratio>keep</aspectratio>
					<visible>!Player.ChannelPreviewActive</visible>
				</control>
				<control type="image">
					<left>165</left>
					<top>114</top>
					<width>130</width>
					<height>50</height>
					<texture>$INFO[MusicPlayer.Channels,flags/audiochannel/,.png]</texture>
					<aspectratio>keep</aspectratio>
					<visible>!Player.ChannelPreviewActive</visible>
				</control>
				<control type="group">
					<width>171</width>
					<height>50</height>
					<left>300</left>
					<top>114</top>
					<control type="image">
						<width>171</width>
						<height>50</height>
						<texture>flags/cadre.png</texture>
						<aspectratio>keep</aspectratio>
						<visible>!String.IsEmpty(MusicPlayer.Bitrate)</visible>
					</control>
					<control type="label">
						<width>171</width>
						<height>50</height>
						<align>center</align>
						<top>-3</top>
						<label>$INFO[MusicPlayer.BitRate] kbps</label>
						<font>Font-Flag</font>
						<visible>!String.IsEmpty(MusicPlayer.Bitrate)</visible>
					</control>
				</control>
				<control type="image">
					<left>476</left>
					<top>114</top>
					<width>204</width>
					<height>50</height>
					<texture>$INFO[MusicPlayer.UserRating,flags/starrating/,.png]</texture>
					<aspectratio>keep</aspectratio>
				</control>
				<control type="label">
					<top>110</top>
					<left>20</left>
					<width>400</width>
					<height>50</height>
					<aligny>center</aligny>
					<font>font30</font>
					<wrapmultiline>true</wrapmultiline>
					<label>$LOCALIZE[21396] :[CR][COLOR white]$INFO[player.chapter]$INFO[player.chaptercount, / ][/COLOR]</label>
					<visible>player.chaptercount</visible>
					<textcolor>$VAR[SkinColorVar]</textcolor>
				</control>
				<control type="group">
					<visible>Player.Recording + !PVR.ChannelPreviewActive</visible>
					<control type="image">
						<top>100</top>
						<left>20</left>
						<width>74</width>
						<height>74</height>
						<texture>osd/fullscreen/buttons/record.png</texture>
					</control>
					<control type="label">
						<top>110</top>
						<left>90</left>
						<width>400</width>
						<height>50</height>
						<aligny>center</aligny>
						<font>font25_title</font>
						<label>$LOCALIZE[19158]</label>
					</control>
				</control>
				<control type="label">
					<top>110</top>
					<right>20</right>
					<width>400</width>
					<height>50</height>
					<align>right</align>
					<aligny>center</aligny>
					<font>font30</font>
					<wrapmultiline>true</wrapmultiline>
					<animation effect="fade" time="200">VisibleChange</animation>
					<label>$INFO[Player.TimeRemaining,$LOCALIZE[31134] :[CR][COLOR white],[/COLOR]]</label>
					<visible>!Player.ShowInfo</visible>
					<textcolor>$VAR[SkinColorVar]</textcolor>
				</control>
			</control>
			<control type="label">
				<centerleft>50%</centerleft>
				<top>110</top>
				<width>50%</width>
				<height>75</height>
				<align>center</align>
				<aligny>bottom</aligny>
				<animation delay="0" effect="slide" time="120" start="0,0" end="0,-20" tween="sine" easing="inout" condition="!String.IsEmpty(Control.GetLabel(40000))">Conditional</animation>
				<label>$VAR[SeekTimeLabelVar]</label>
				<font>font45</font>
				<shadowcolor>black</shadowcolor>
				<visible>!Player.ChannelPreviewActive</visible>
				<animation effect="fade" start="0" end="100" time="200" delay="1000">Visible</animation>
			</control>
			<control type="label" id="40000">
				<centerleft>50%</centerleft>
				<top>134</top>
				<width>50%</width>
				<height>60</height>
				<align>center</align>
				<aligny>center</aligny>
				<label>$VAR[SeekLabel]</label>
				<textcolor>$VAR[SkinColorVar]</textcolor>
				<shadowcolor>black</shadowcolor>
			</control>
			<control type="group" id="6000">
				<top>-5</top>
				<visible>PVR.IsTimeShift + !Player.ChannelPreviewActive</visible>
				<animation effect="fade" time="300">VisibleChange</animation>
				<control type="label">
					<top>0</top>
					<right>20</right>
					<width>400</width>
					<height>50</height>
					<align>right</align>
					<aligny>center</aligny>
					<font>font30</font>
					<label>$INFO[PVR.TimeShiftEnd]</label>
				</control>
				<control type="label">
					<top>0</top>
					<left>20</left>
					<width>400</width>
					<height>50</height>
					<align>left</align>
					<aligny>center</aligny>
					<font>font30</font>
					<label>$INFO[PVR.TimeShiftStart]</label>
				</control>
				<control type="label">
					<top>0</top>
					<left>20</left>
					<right>20</right>
					<height>50</height>
					<align>center</align>
					<aligny>center</aligny>
					<font>font30</font>
					<label>[B]$LOCALIZE[31026][/B] $INFO[PVR.timeshiftcur]</label>
				</control>
				<control type="progress">
					<left>0</left>
					<top>50</top>
					<width>100%</width>
					<height>15</height>
					<info>PVR.timeshiftprogress</info>
					<texturebg border="3" colordiffuse="60FFFFFF">colors/white50.png</texturebg>
					<midtexture>colors/white50.png</midtexture>
				</control>
			</control>
			<control type="progress">
				<left>0</left>
				<top>70</top>
				<width>100%</width>
				<height>15</height>
				<info>Player.ProgressCache</info>
				<texturebg border="3" colordiffuse="60FFFFFF">colors/white50.png</texturebg>
				<midtexture>colors/white50.png</midtexture>
				<visible>!Player.ChannelPreviewActive</visible>
			</control>
			<control type="progress">
				<left>0</left>
				<top>70</top>
				<width>100%</width>
				<height>15</height>
				<info>Player.Progress</info>
				<texturebg border="3" colordiffuse="60FFFFFF">colors/white50.png</texturebg>
				<midtexture colordiffuse="$VAR[SkinColorVar]">colors/white.png</midtexture>
			</control>
			<control type="slider" id="401">
				<left>5</left>
				<top>65</top>
				<width>100%</width>
				<height>25</height>
				<texturesliderbar colordiffuse="00FFFFFF">osd/progress/nub_bar.png</texturesliderbar>
				<textureslidernib colordiffuse="$VAR[SkinColorVar]">osd/progress/nub_bar.png</textureslidernib>
				<textureslidernibfocus colordiffuse="$VAR[SkinColorVar]">colors/white.png</textureslidernibfocus>
				<visible>!VideoPlayer.Content(livetv)</visible>
			</control>
		</control>
		<control type="group">
			<visible>Player.ShowInfo + VideoPlayer.Content(LiveTV) + Window.IsActive(fullscreenvideo)</visible>
			<animation effect="fade" time="400">VisibleChange</animation>
			<animation effect="slide" end="0,-80" time="150" condition="Control.IsVisible(6000)">conditional</animation>
			<bottom>0</bottom>
			<height>380</height>
			<control type="image">
				<left>0</left>
				<width>100%</width>
				<height>240</height>
				<texture>dialogs/dialog-bg-nobo.png</texture>
			</control>
			<control type="image">
				<left>30</left>
				<top>20</top>
				<width>200</width>
				<height>200</height>
				<aspectratio aligny="center">keep</aspectratio>
				<texture>$INFO[Player.Art(thumb)]</texture>
			</control>
			<control type="label">
				<left>20</left>
				<width>220</width>
				<top>-80</top>
				<height>25</height>
				<label>$INFO[VideoPlayer.ChannelNumberLabel]</label>
				<shadowcolor>black</shadowcolor>
				<align>center</align>
				<font>WeatherTemp</font>
				<aligny>center</aligny>
			</control>
			<control type="label">
				<right>20</right>
				<width>800</width>
				<top>190</top>
				<height>25</height>
				<label>$INFO[VideoPlayer.NextTitle,$LOCALIZE[19031] : [COLOR white], - ][COLOR white]$INFO[VideoPlayer.NextStartTime]$INFO[VideoPlayer.NextEndTime : ][/COLOR]</label>
				<align>right</align>
				<aligny>center</aligny>
				<visible>VideoPlayer.HasEpg</visible>
				<textcolor>$VAR[SkinColorVar]</textcolor>
			</control>
			<control type="label">
				<left>260</left>
				<right>50</right>
				<top>20</top>
				<height>25</height>
				<label>$INFO[VideoPlayer.Title]$INFO[VideoPlayer.EpisodeName, (,)]</label>
				<align>left</align>
				<font>font36_title</font>
				<aligny>center</aligny>
			</control>
			<control type="textbox">
				<left>260</left>
				<top>55</top>
				<right>50</right>
				<height>120</height>
				<label fallback="416">$INFO[VideoPlayer.Plot]</label>
				<align>justify</align>
				<autoscroll delay="5000" repeat="7500" time="5000"></autoscroll>
			</control>
			<control type="grouplist">
				<left>260</left>
				<top>175</top>
				<width>600</width>
				<height>100</height>
				<align>left</align>
				<orientation>horizontal</orientation>
				<itemgap>5</itemgap>
				<visible>!Player.ChannelPreviewActive</visible>
				<animation effect="fade" start="0" end="100" time="200" delay="1000">Visible</animation>
				<include content="MediaFlag">
					<param name="texture" value="$VAR[VideoPlayerResolutionFlagVar]" />
					<param name="width" value="73" />
				</include>
				<include content="MediaFlag">
					<param name="texture" value="$INFO[VideoPlayer.VideoCodec,flags/videocodec/,.png]" />
					<param name="visible" value="!String.IsEmpty(VideoPlayer.VideoCodec)" />
				</include>
				<include content="MediaFlag">
					<param name="texture" value="$INFO[VideoPlayer.VideoAspect,flags/aspectratio/,.png]" />
					<param name="visible" value="!String.IsEmpty(VideoPlayer.VideoAspect)" />
					<param name="width" value="108" />
				</include>
				<include content="MediaFlag">
					<param name="texture" value="$INFO[VideoPlayer.AudioCodec,flags/audiocodec/,.png]" />
					<param name="visible" value="!String.IsEmpty(VideoPlayer.AudioCodec)" />
				</include>
				<include content="MediaFlag">
					<param name="texture" value="$INFO[VideoPlayer.AudioChannels,flags/audiochannel/,.png]" />
					<param name="visible" value="!String.IsEmpty(VideoPlayer.AudioChannels)" />
				</include>	
			</control>
		</control>
		<control type="group">
			<bottom>0</bottom>
			<height>230</height>
			<visible>!Window.IsVisible(playerprocessinfo)</visible>
			<visible>Player.ShowInfo + !VideoPlayer.Content(LiveTV) + Window.IsActive(fullscreenvideo)</visible>
			<animation effect="fade" time="200">VisibleChange</animation>
			<control type="group">
				<animation effect="slide" end="0,-80" time="150" condition="PVR.IsTimeShift">conditional</animation>
				<control type="image">
					<left>50</left>
					<top>-460</top>
					<width>360</width>
					<height>360</height>
					<aligny>top</aligny>
					<aspectratio align="left">keep</aspectratio>
					<fadetime>300</fadetime>
					<animation effect="slide" start="0" end="-320" time="300" tween="cubic" easing="out">WindowClose</animation>
					<animation effect="slide" end="0,-200" time="300" delay="500" reverisble="false">WindowOpen</animation>
					<animation effect="slide" end="0,200" time="300" reverisble="true" condition="!Player.Playing">Conditional</animation>
					<animation effect="rotate" end="-360" center="auto" time="4800" loop="true" reversible="false" condition="!Skin.HasSetting(show_discart)">Conditional</animation>
					<texture background="true">$INFO[Player.Art(discart)]</texture>
					<visible>!Skin.HasSetting(show_discart)</visible>
					<include>OpenClose_Left</include>
				</control>
				<control type="image">
					<depth>DepthOSD+</depth>
					<left>10</left>
					<top>-500</top>
					<width>440</width>
					<height>610</height>
					<aspectratio aligny="bottom">stretch</aspectratio>
					<texture fallback="DefaultVideo.png" background="true">$VAR[NowPlayingPosterVar]</texture>
					<bordertexture border="21">overlays/shadow.png</bordertexture>
					<bordersize>20</bordersize>
					<include>OpenClose_Left</include>
				</control>
				<control type="group">
					<include>OpenClose_Right</include>
					<control type="image">
            			<right>30</right>
            			<bottom>450</bottom>
            			<width>500</width>
            			<height>281</height>
            			<texture>$VAR[PlayerInfoClearArtVar]</texture>
            			<aspectratio align="center" aligny="bottom">keep</aspectratio>
            			<visible>!Skin.HasSetting(enable_playerclearart)</visible>
        			</control>
					<control type="image">
						<left>440</left>
						<top>-240</top>
						<right>10</right>
						<height>350</height>
						<texture>dialogs/dialog-bg-nobo.png</texture>
						<bordertexture border="21">overlays/shadow.png</bordertexture>
						<bordersize>20</bordersize>
					</control>
					<control type="textbox">
						<left>483</left>
						<top>-207</top>
						<right>54</right>
						<height>290</height>
						<label fallback="416">$INFO[VideoPlayer.Tagline,[B],[/B][CR]]$INFO[VideoPlayer.Plot]</label>
						<align>justify</align>
						<autoscroll delay="5000" repeat="7500" time="5000"></autoscroll>
					</control>
				</control>
			</control>
			<control type="grouplist">
				<right>20</right>
				<top>155</top>
				<width>1000</width>
				<height>100</height>
				<align>right</align>
				<include>Animation_BottomSlide</include>
				<orientation>horizontal</orientation>
				<itemgap>5</itemgap>
				<visible>!Window.IsVisible(videoosd) + !Player.ChannelPreviewActive</visible>
				<include content="MediaFlag">
					<param name="texture" value="$VAR[VideoPlayerResolutionFlagVar]" />
					<param name="width" value="73" />
				</include>
				<include content="MediaFlag">
					<param name="texture" value="$INFO[VideoPlayer.VideoCodec,flags/videocodec/,.png]" />
				</include>
				<include content="MediaFlag">
					<param name="texture" value="$INFO[VideoPlayer.VideoAspect,flags/aspectratio/,.png]" />
					<param name="width" value="108" />
				</include>
				<include content="MediaFlag">
					<param name="texture" value="$VAR[VideoPlayerAudioCodecFlagVar]" />
				</include>
				<include content="MediaFlag">
					<param name="texture" value="$INFO[VideoPlayer.AudioChannels,flags/audiochannel/,.png]" />
				</include>
				<include content="MediaFlag">
					<param name="texture" value="flags/webdl.png" />
					<param name="width" value="73" />
					<param name="visible" value="String.Contains(Player.Filenameandpath,WEB-DL) | String.Contains(Player.Filenameandpath,WEBDL) | String.Contains(Player.Filenameandpath,WEB) | String.Contains(Player.Filenameandpath,web-dl) | String.Contains(Player.Filenameandpath,webdl) | String.Contains(Player.Filenameandpath,web)" />
				</include>
				<include content="MediaFlag">
					<param name="texture" value="flags/dvd.png" />
					<param name="width" value="73" />
					<param name="visible" value="String.Contains(Player.Filenameandpath,DVD) | String.Contains(Player.Filenameandpath,dvd)" />
				</include>
				<include content="MediaFlag">
					<param name="texture" value="flags/bluray.png" />
					<param name="width" value="73" />
					<param name="visible" value="String.Contains(Player.Filenameandpath,bluray) | String.Contains(Player.Filenameandpath,blu-ray) | String.Contains(Player.Filenameandpath,bdrip) | String.Contains(Player.Filenameandpath,BLURAY) | String.Contains(Player.Filenameandpath,BLU-RAY) | String.Contains(Player.Filenameandpath,BDRIP)" />
				</include>
			</control>
		</control>

	</controls>
</window>
