<?xml version="1.0" encoding="UTF-8"?>
<includes>
    <variable name="LabelCategoriesSmallVar">
		<value condition="Control.HasFocus(59001) | Control.HasFocus(69001) | Control.HasFocus(79001) | Control.HasFocus(89001) | Control.HasFocus(119001) | Control.HasFocus(129001) | Control.HasFocus(139001) | Control.HasFocus(169001)">$INFO[Container($PARAM[list_id]).ListItem.Label]</value>
		<value>$LOCALIZE[31148]</value>
	</variable>
    <variable name="VideoLibraryScanLabelVar">
		<value condition="Library.IsScanningVideo">$LOCALIZE[13353]</value>
		<value>$LOCALIZE[40009]</value>
	</variable>
	<variable name="MusicLibraryScanLabelVar">
		<value condition="Library.IsScanningMusic">$LOCALIZE[13353]</value>
		<value>$LOCALIZE[40010]</value>
	</variable>
    <variable name="Label_SkinSetting_HomeMenuItem1Var">
 		<value condition="String.IsEqual(Skin.String(homemenu_item1),0)">$LOCALIZE[40064]</value>
 		<value condition="String.IsEqual(Skin.String(homemenu_item1),1)">$LOCALIZE[342]</value>
 		<value condition="String.IsEqual(Skin.String(homemenu_item1),2)">$LOCALIZE[20343]</value>	
 		<value condition="String.IsEqual(Skin.String(homemenu_item1),3)">$LOCALIZE[2]</value>
 		<value condition="String.IsEqual(Skin.String(homemenu_item1),4)">$LOCALIZE[20389]</value>
 		<value condition="String.IsEqual(Skin.String(homemenu_item1),5)">$LOCALIZE[19020]</value>
 		<value condition="String.IsEqual(Skin.String(homemenu_item1),6)">$LOCALIZE[19021]</value>
 		<value condition="String.IsEqual(Skin.String(homemenu_item1),7)">$LOCALIZE[15016]</value>
 		<value condition="String.IsEqual(Skin.String(homemenu_item1),8)">$LOCALIZE[24001]</value>
 		<value condition="String.IsEqual(Skin.String(homemenu_item1),9)">$LOCALIZE[1]</value>
 		<value condition="String.IsEqual(Skin.String(homemenu_item1),10)">$LOCALIZE[3]</value>
 		<value condition="String.IsEqual(Skin.String(homemenu_item1),11)">$LOCALIZE[10134]</value>
 		<value condition="String.IsEqual(Skin.String(homemenu_item1),12)">$LOCALIZE[8]</value>
 	</variable>
 	<variable name="Label_SkinSetting_HomeMenuItem2Var">
 		<value condition="String.IsEqual(Skin.String(homemenu_item2),0)">$LOCALIZE[40064]</value>
 		<value condition="String.IsEqual(Skin.String(homemenu_item2),1)">$LOCALIZE[342]</value>
 		<value condition="String.IsEqual(Skin.String(homemenu_item2),2)">$LOCALIZE[20343]</value>	
 		<value condition="String.IsEqual(Skin.String(homemenu_item2),3)">$LOCALIZE[2]</value>
 		<value condition="String.IsEqual(Skin.String(homemenu_item2),4)">$LOCALIZE[20389]</value>
 		<value condition="String.IsEqual(Skin.String(homemenu_item2),5)">$LOCALIZE[19020]</value>
 		<value condition="String.IsEqual(Skin.String(homemenu_item2),6)">$LOCALIZE[19021]</value>
 		<value condition="String.IsEqual(Skin.String(homemenu_item2),7)">$LOCALIZE[15016]</value>
 		<value condition="String.IsEqual(Skin.String(homemenu_item2),8)">$LOCALIZE[24001]</value>
 		<value condition="String.IsEqual(Skin.String(homemenu_item2),9)">$LOCALIZE[1]</value>
 		<value condition="String.IsEqual(Skin.String(homemenu_item2),10)">$LOCALIZE[3]</value>
 		<value condition="String.IsEqual(Skin.String(homemenu_item2),11)">$LOCALIZE[10134]</value>
 		<value condition="String.IsEqual(Skin.String(homemenu_item2),12)">$LOCALIZE[8]</value>
 	</variable>
 	<variable name="Label_SkinSetting_HomeMenuItem3Var">
 		<value condition="String.IsEqual(Skin.String(homemenu_item3),0)">$LOCALIZE[40064]</value>
 		<value condition="String.IsEqual(Skin.String(homemenu_item3),1)">$LOCALIZE[342]</value>
 		<value condition="String.IsEqual(Skin.String(homemenu_item3),2)">$LOCALIZE[20343]</value>	
 		<value condition="String.IsEqual(Skin.String(homemenu_item3),3)">$LOCALIZE[2]</value>
 		<value condition="String.IsEqual(Skin.String(homemenu_item3),4)">$LOCALIZE[20389]</value>
 		<value condition="String.IsEqual(Skin.String(homemenu_item3),5)">$LOCALIZE[19020]</value>
 		<value condition="String.IsEqual(Skin.String(homemenu_item3),6)">$LOCALIZE[19021]</value>
 		<value condition="String.IsEqual(Skin.String(homemenu_item3),7)">$LOCALIZE[15016]</value>
 		<value condition="String.IsEqual(Skin.String(homemenu_item3),8)">$LOCALIZE[24001]</value>
 		<value condition="String.IsEqual(Skin.String(homemenu_item3),9)">$LOCALIZE[1]</value>
 		<value condition="String.IsEqual(Skin.String(homemenu_item3),10)">$LOCALIZE[3]</value>
 		<value condition="String.IsEqual(Skin.String(homemenu_item3),11)">$LOCALIZE[10134]</value>
 		<value condition="String.IsEqual(Skin.String(homemenu_item3),12)">$LOCALIZE[8]</value>
 	</variable>
 	<variable name="Label_SkinSetting_HomeMenuItem4Var">
 		<value condition="String.IsEqual(Skin.String(homemenu_item4),0)">$LOCALIZE[40064]</value>
 		<value condition="String.IsEqual(Skin.String(homemenu_item4),1)">$LOCALIZE[342]</value>
 		<value condition="String.IsEqual(Skin.String(homemenu_item4),2)">$LOCALIZE[20343]</value>	
 		<value condition="String.IsEqual(Skin.String(homemenu_item4),3)">$LOCALIZE[2]</value>
 		<value condition="String.IsEqual(Skin.String(homemenu_item4),4)">$LOCALIZE[20389]</value>
 		<value condition="String.IsEqual(Skin.String(homemenu_item4),5)">$LOCALIZE[19020]</value>
 		<value condition="String.IsEqual(Skin.String(homemenu_item4),6)">$LOCALIZE[19021]</value>
 		<value condition="String.IsEqual(Skin.String(homemenu_item4),7)">$LOCALIZE[15016]</value>
 		<value condition="String.IsEqual(Skin.String(homemenu_item4),8)">$LOCALIZE[24001]</value>
 		<value condition="String.IsEqual(Skin.String(homemenu_item4),9)">$LOCALIZE[1]</value>
 		<value condition="String.IsEqual(Skin.String(homemenu_item4),10)">$LOCALIZE[3]</value>
 		<value condition="String.IsEqual(Skin.String(homemenu_item4),11)">$LOCALIZE[10134]</value>
 		<value condition="String.IsEqual(Skin.String(homemenu_item4),12)">$LOCALIZE[8]</value>
 	</variable>
 	<variable name="Label_SkinSetting_HomeMenuItem5Var">
 		<value condition="String.IsEqual(Skin.String(homemenu_item5),0)">$LOCALIZE[40064]</value>
 		<value condition="String.IsEqual(Skin.String(homemenu_item5),1)">$LOCALIZE[342]</value>
 		<value condition="String.IsEqual(Skin.String(homemenu_item5),2)">$LOCALIZE[20343]</value>	
 		<value condition="String.IsEqual(Skin.String(homemenu_item5),3)">$LOCALIZE[2]</value>
 		<value condition="String.IsEqual(Skin.String(homemenu_item5),4)">$LOCALIZE[20389]</value>
 		<value condition="String.IsEqual(Skin.String(homemenu_item5),5)">$LOCALIZE[19020]</value>
 		<value condition="String.IsEqual(Skin.String(homemenu_item5),6)">$LOCALIZE[19021]</value>
 		<value condition="String.IsEqual(Skin.String(homemenu_item5),7)">$LOCALIZE[15016]</value>
 		<value condition="String.IsEqual(Skin.String(homemenu_item5),8)">$LOCALIZE[24001]</value>
 		<value condition="String.IsEqual(Skin.String(homemenu_item5),9)">$LOCALIZE[1]</value>
 		<value condition="String.IsEqual(Skin.String(homemenu_item5),10)">$LOCALIZE[3]</value>
 		<value condition="String.IsEqual(Skin.String(homemenu_item5),11)">$LOCALIZE[10134]</value>
 		<value condition="String.IsEqual(Skin.String(homemenu_item5),12)">$LOCALIZE[8]</value>
 	</variable>
 	<variable name="Label_SkinSetting_HomeMenuItem6Var">
 		<value condition="String.IsEqual(Skin.String(homemenu_item6),0)">$LOCALIZE[40064]</value>
 		<value condition="String.IsEqual(Skin.String(homemenu_item6),1)">$LOCALIZE[342]</value>
 		<value condition="String.IsEqual(Skin.String(homemenu_item6),2)">$LOCALIZE[20343]</value>	
 		<value condition="String.IsEqual(Skin.String(homemenu_item6),3)">$LOCALIZE[2]</value>
 		<value condition="String.IsEqual(Skin.String(homemenu_item6),4)">$LOCALIZE[20389]</value>
 		<value condition="String.IsEqual(Skin.String(homemenu_item6),5)">$LOCALIZE[19020]</value>
 		<value condition="String.IsEqual(Skin.String(homemenu_item6),6)">$LOCALIZE[19021]</value>
 		<value condition="String.IsEqual(Skin.String(homemenu_item6),7)">$LOCALIZE[15016]</value>
 		<value condition="String.IsEqual(Skin.String(homemenu_item6),8)">$LOCALIZE[24001]</value>
 		<value condition="String.IsEqual(Skin.String(homemenu_item6),9)">$LOCALIZE[1]</value>
 		<value condition="String.IsEqual(Skin.String(homemenu_item6),10)">$LOCALIZE[3]</value>
 		<value condition="String.IsEqual(Skin.String(homemenu_item6),11)">$LOCALIZE[10134]</value>
 		<value condition="String.IsEqual(Skin.String(homemenu_item6),12)">$LOCALIZE[8]</value>
 	</variable>
 	<variable name="Label_SkinSetting_HomeMenuItem7Var">
 		<value condition="String.IsEqual(Skin.String(homemenu_item7),0)">$LOCALIZE[40064]</value>
 		<value condition="String.IsEqual(Skin.String(homemenu_item7),1)">$LOCALIZE[342]</value>
 		<value condition="String.IsEqual(Skin.String(homemenu_item7),2)">$LOCALIZE[20343]</value>	
 		<value condition="String.IsEqual(Skin.String(homemenu_item7),3)">$LOCALIZE[2]</value>
 		<value condition="String.IsEqual(Skin.String(homemenu_item7),4)">$LOCALIZE[20389]</value>
 		<value condition="String.IsEqual(Skin.String(homemenu_item7),5)">$LOCALIZE[19020]</value>
 		<value condition="String.IsEqual(Skin.String(homemenu_item7),6)">$LOCALIZE[19021]</value>
 		<value condition="String.IsEqual(Skin.String(homemenu_item7),7)">$LOCALIZE[15016]</value>
 		<value condition="String.IsEqual(Skin.String(homemenu_item7),8)">$LOCALIZE[24001]</value>
 		<value condition="String.IsEqual(Skin.String(homemenu_item7),9)">$LOCALIZE[1]</value>
 		<value condition="String.IsEqual(Skin.String(homemenu_item7),10)">$LOCALIZE[3]</value>
 		<value condition="String.IsEqual(Skin.String(homemenu_item7),11)">$LOCALIZE[10134]</value>
 		<value condition="String.IsEqual(Skin.String(homemenu_item7),12)">$LOCALIZE[8]</value>
 	</variable>
 	<variable name="Label_SkinSetting_HomeMenuItem8Var">
 		<value condition="String.IsEqual(Skin.String(homemenu_item8),0)">$LOCALIZE[40064]</value>
 		<value condition="String.IsEqual(Skin.String(homemenu_item8),1)">$LOCALIZE[342]</value>
 		<value condition="String.IsEqual(Skin.String(homemenu_item8),2)">$LOCALIZE[20343]</value>	
 		<value condition="String.IsEqual(Skin.String(homemenu_item8),3)">$LOCALIZE[2]</value>
 		<value condition="String.IsEqual(Skin.String(homemenu_item8),4)">$LOCALIZE[20389]</value>
 		<value condition="String.IsEqual(Skin.String(homemenu_item8),5)">$LOCALIZE[19020]</value>
 		<value condition="String.IsEqual(Skin.String(homemenu_item8),6)">$LOCALIZE[19021]</value>
 		<value condition="String.IsEqual(Skin.String(homemenu_item8),7)">$LOCALIZE[15016]</value>
 		<value condition="String.IsEqual(Skin.String(homemenu_item8),8)">$LOCALIZE[24001]</value>
 		<value condition="String.IsEqual(Skin.String(homemenu_item8),9)">$LOCALIZE[1]</value>
 		<value condition="String.IsEqual(Skin.String(homemenu_item8),10)">$LOCALIZE[3]</value>
 		<value condition="String.IsEqual(Skin.String(homemenu_item8),11)">$LOCALIZE[10134]</value>
 		<value condition="String.IsEqual(Skin.String(homemenu_item8),12)">$LOCALIZE[8]</value>
 	</variable>
 	<variable name="Label_SkinSetting_HomeMenuItem9Var">
 		<value condition="String.IsEqual(Skin.String(homemenu_item9),0)">$LOCALIZE[40064]</value>
 		<value condition="String.IsEqual(Skin.String(homemenu_item9),1)">$LOCALIZE[342]</value>
 		<value condition="String.IsEqual(Skin.String(homemenu_item9),2)">$LOCALIZE[20343]</value>	
 		<value condition="String.IsEqual(Skin.String(homemenu_item9),3)">$LOCALIZE[2]</value>
 		<value condition="String.IsEqual(Skin.String(homemenu_item9),4)">$LOCALIZE[20389]</value>
 		<value condition="String.IsEqual(Skin.String(homemenu_item9),5)">$LOCALIZE[19020]</value>
 		<value condition="String.IsEqual(Skin.String(homemenu_item9),6)">$LOCALIZE[19021]</value>
 		<value condition="String.IsEqual(Skin.String(homemenu_item9),7)">$LOCALIZE[15016]</value>
 		<value condition="String.IsEqual(Skin.String(homemenu_item9),8)">$LOCALIZE[24001]</value>
 		<value condition="String.IsEqual(Skin.String(homemenu_item9),9)">$LOCALIZE[1]</value>
 		<value condition="String.IsEqual(Skin.String(homemenu_item9),10)">$LOCALIZE[3]</value>
 		<value condition="String.IsEqual(Skin.String(homemenu_item9),11)">$LOCALIZE[10134]</value>
 		<value condition="String.IsEqual(Skin.String(homemenu_item9),12)">$LOCALIZE[8]</value>
 	</variable>
 	<variable name="Label_SkinSetting_HomeMenuItem10Var">
 		<value condition="String.IsEqual(Skin.String(homemenu_item10),0)">$LOCALIZE[40064]</value>
 		<value condition="String.IsEqual(Skin.String(homemenu_item10),1)">$LOCALIZE[342]</value>
 		<value condition="String.IsEqual(Skin.String(homemenu_item10),2)">$LOCALIZE[20343]</value>	
 		<value condition="String.IsEqual(Skin.String(homemenu_item10),3)">$LOCALIZE[2]</value>
 		<value condition="String.IsEqual(Skin.String(homemenu_item10),4)">$LOCALIZE[20389]</value>
 		<value condition="String.IsEqual(Skin.String(homemenu_item10),5)">$LOCALIZE[19020]</value>
 		<value condition="String.IsEqual(Skin.String(homemenu_item10),6)">$LOCALIZE[19021]</value>
 		<value condition="String.IsEqual(Skin.String(homemenu_item10),7)">$LOCALIZE[15016]</value>
 		<value condition="String.IsEqual(Skin.String(homemenu_item10),8)">$LOCALIZE[24001]</value>
 		<value condition="String.IsEqual(Skin.String(homemenu_item10),9)">$LOCALIZE[1]</value>
 		<value condition="String.IsEqual(Skin.String(homemenu_item10),10)">$LOCALIZE[3]</value>
 		<value condition="String.IsEqual(Skin.String(homemenu_item10),11)">$LOCALIZE[10134]</value>
 		<value condition="String.IsEqual(Skin.String(homemenu_item10),12)">$LOCALIZE[8]</value>
 	</variable>
 	<variable name="Label_SkinSetting_HomeMenuItem11Var">
 		<value condition="String.IsEqual(Skin.String(homemenu_item11),0)">$LOCALIZE[40064]</value>
 		<value condition="String.IsEqual(Skin.String(homemenu_item11),1)">$LOCALIZE[342]</value>
 		<value condition="String.IsEqual(Skin.String(homemenu_item11),2)">$LOCALIZE[20343]</value>	
 		<value condition="String.IsEqual(Skin.String(homemenu_item11),3)">$LOCALIZE[2]</value>
 		<value condition="String.IsEqual(Skin.String(homemenu_item11),4)">$LOCALIZE[20389]</value>
 		<value condition="String.IsEqual(Skin.String(homemenu_item11),5)">$LOCALIZE[19020]</value>
 		<value condition="String.IsEqual(Skin.String(homemenu_item11),6)">$LOCALIZE[19021]</value>
 		<value condition="String.IsEqual(Skin.String(homemenu_item11),7)">$LOCALIZE[15016]</value>
 		<value condition="String.IsEqual(Skin.String(homemenu_item11),8)">$LOCALIZE[24001]</value>
 		<value condition="String.IsEqual(Skin.String(homemenu_item11),9)">$LOCALIZE[1]</value>
 		<value condition="String.IsEqual(Skin.String(homemenu_item11),10)">$LOCALIZE[3]</value>
 		<value condition="String.IsEqual(Skin.String(homemenu_item11),11)">$LOCALIZE[10134]</value>
 		<value condition="String.IsEqual(Skin.String(homemenu_item11),12)">$LOCALIZE[8]</value>
 	</variable>
 	<variable name="Label_SkinSetting_HomeMenuItem12Var">
 		<value condition="String.IsEqual(Skin.String(homemenu_item12),0)">$LOCALIZE[40064]</value>
 		<value condition="String.IsEqual(Skin.String(homemenu_item12),1)">$LOCALIZE[342]</value>
 		<value condition="String.IsEqual(Skin.String(homemenu_item12),2)">$LOCALIZE[20343]</value>	
 		<value condition="String.IsEqual(Skin.String(homemenu_item12),3)">$LOCALIZE[2]</value>
 		<value condition="String.IsEqual(Skin.String(homemenu_item12),4)">$LOCALIZE[20389]</value>
 		<value condition="String.IsEqual(Skin.String(homemenu_item12),5)">$LOCALIZE[19020]</value>
 		<value condition="String.IsEqual(Skin.String(homemenu_item12),6)">$LOCALIZE[19021]</value>
 		<value condition="String.IsEqual(Skin.String(homemenu_item12),7)">$LOCALIZE[15016]</value>
 		<value condition="String.IsEqual(Skin.String(homemenu_item12),8)">$LOCALIZE[24001]</value>
 		<value condition="String.IsEqual(Skin.String(homemenu_item12),9)">$LOCALIZE[1]</value>
 		<value condition="String.IsEqual(Skin.String(homemenu_item12),10)">$LOCALIZE[3]</value>
 		<value condition="String.IsEqual(Skin.String(homemenu_item12),11)">$LOCALIZE[10134]</value>
 		<value condition="String.IsEqual(Skin.String(homemenu_item12),12)">$LOCALIZE[8]</value>
 	</variable>
    <variable name="Label_SkinSetting_StudioLogos">
        <value condition="!String.IsEmpty(Skin.String(studiologos.name))">$INFO[Skin.String(studiologos.name)]</value>
        <value>$LOCALIZE[40064]</value>
    </variable>
    <variable name="Label_SkinSetting_RecordLabels">
        <value condition="!String.IsEmpty(Skin.String(recordlabels.name))">$INFO[Skin.String(recordlabels.name)]</value>
        <value>$LOCALIZE[40064]</value>
    </variable>
    <variable name="InfoWidgetThumbVar">
		<value condition="!String.IsEmpty(Listitem.Art(landscape))">$INFO[Listitem.Art(landscape)]</value>
		<value>$INFO[Listitem.Art(fanart)]</value>
	</variable>
    <variable name="OSDCastVar">
        <value condition="!String.IsEmpty(Window(home).Property(NextUpNotification.NowPlaying.Type)) + String.IsEqual(Window(home).Property(NextUpNotification.NowPlaying.Type),movie) + Integer.IsGreater(Window(home).Property(NextUpNotification.NowPlaying.DBID),-1)">plugin://script.skin.helper.service/?action=getcast&amp;movie=$INFO[Window(home).Property(NextUpNotification.NowPlaying.DBID)]</value>
        <value condition="!String.IsEmpty(Window(home).Property(NextUpNotification.NowPlaying.Type)) + String.IsEqual(Window(home).Property(NextUpNotification.NowPlaying.Type),episode) + Integer.IsGreater(Window(home).Property(NextUpNotification.NowPlaying.DBID),-1)">plugin://script.skin.helper.service/?action=getcast&amp;tvshow=$INFO[Window(home).Property(NextUpNotification.NowPlaying.DBID)]</value>
        <value condition="VideoPlayer.Content(movies)">plugin://script.skin.helper.service/?action=getcast&amp;movie=$INFO[VideoPlayer.Title]</value>
        <value condition="VideoPlayer.Content(episodes)">plugin://script.skin.helper.service/?action=getcast&amp;tvshow=$INFO[VideoPlayer.TvShowTitle]</value>
        <value condition="VideoPlayer.Content(livetv)">plugin://script.skin.helper.service/?action=getcast&amp;movie=$INFO[VideoPlayer.Title]</value>
    </variable>
    <variable name="MediaFlagsColorVar">
        <value condition="Skin.HasSetting(enable_mediaflagscolor)">$VAR[SkinColorVar]</value>
        <value>FFFFFFFF</value>
    </variable>
    <variable name="MusicPlayerDiscTitleVar">
        <value condition="!String.IsEmpty(MusicPlayer.Artist)">$INFO[MusicPlayer.Artist]</value>
        <value>$INFO[Player.Title]</value>
    </variable>
    <variable name="PlayerFanartVar">
        <value condition="Skin.HasSetting(enable_artistslideshow) + !String.IsEmpty(Window(Home).Property(SkinHelper.Player.Art.ExtraFanArt))">$INFO[Window(Home).Property(SkinHelper.Player.Art.ExtraFanArt)]</value>
        <value condition="Skin.HasSetting(enable_artistslideshow) + String.IsEmpty(Window(Home).Property(SkinHelper.Player.Art.ExtraFanArt))">$INFO[Player.Art(fanart)]</value>
        <value condition="!Skin.HasSetting(enable_artistslideshow)">$INFO[Player.Art(fanart)]</value>
    </variable>
    <variable name="PlayerInfoClearArtVar">
        <value condition="!String.IsEmpty(Player.Art(tvshow.clearart))">$INFO[Player.Art(tvshow.clearart)]</value>
        <value>$INFO[Player.Art(clearart)]</value>
    </variable>
    <variable name="PlayerClearArtVar">
        <value condition="!String.IsEmpty(Player.Art(tvshow.clearart))">$INFO[Player.Art(tvshow.clearart)]</value>
        <value condition="!String.IsEmpty(Player.Art(clearart))">$INFO[Player.Art(clearart)]</value>
        <value condition="!String.IsEmpty(Player.Art(tvshow.clearlogo))">$INFO[Player.Art(tvshow.clearlogo)]</value>
        <value condition="!String.IsEmpty(Player.Art(clearlogo))">$INFO[Player.Art(clearlogo)]</value>
    </variable>
    <variable name="LibraryClearLogoVar">
        <value condition="!String.IsEmpty(ListItem.Art(tvshow.clearlogo))">$INFO[ListItem.Art(tvshow.clearlogo)]</value>
        <value condition="!String.IsEmpty(ListItem.Art(clearlogo))">$INFO[ListItem.Art(clearlogo)]</value>
        <value condition="!String.IsEmpty(Window(Home).Property(SkinHelper.ListItem.Art.Clearlogo))">$INFO[Window(Home).Property(SkinHelper.ListItem.Art.Clearlogo)]</value>
    </variable>
    <variable name="HomeClearLogoVar">
        <value condition="!String.IsEmpty(Container().ListItem.Art(tvshow.clearlogo))">$INFO[Container().ListItem.Art(tvshow.clearlogo)]</value>
        <value condition="!String.IsEmpty(Container().ListItem.Art(clearlogo))">$INFO[Container().ListItem.Art(clearlogo)]</value>
        <value condition="!String.IsEmpty(Window(Home).Property(SkinHelper.ListItem.Art.Clearlogo))">$INFO[Window(Home).Property(SkinHelper.ListItem.Art.Clearlogo)]</value>
    </variable>
    <variable name="Label_SkinSetting_WidgetNumber">
        <value condition="!String.IsEmpty(Skin.String(widgetnumber))">$INFO[Skin.String(widgetnumber)]</value>
        <value>25</value>
    </variable>
    <variable name="Label_SkinSetting_Startup">
        <value condition="!String.IsEmpty(Skin.String(SplashScreen))">$INFO[Skin.String(SplashScreen)]</value>
        <value condition="String.IsEmpty(Skin.String(SplashScreen))">$LOCALIZE[40064]</value>
    </variable>
    <variable name="Label_SkinSetting_HomeFanart">
        <value condition="!String.IsEmpty(Skin.String(HomeFanart.name))">$INFO[Skin.String(HomeFanart.name)]</value>
        <value>$LOCALIZE[40064]</value>
    </variable>
    <variable name="Label_SkinSetting_MovieGenreFanart">
        <value condition="!String.IsEmpty(Skin.String(MovieGenreFanart.name))">$INFO[Skin.String(MovieGenreFanart.name)]</value>
        <value>$LOCALIZE[40064]</value>
    </variable>
    <variable name="Label_SkinSetting_MovieGenreIcons">
        <value condition="!String.IsEmpty(Skin.String(moviegenreicons.name))">$INFO[Skin.String(moviegenreicons.name)]</value>
        <value>$LOCALIZE[40064]</value>
    </variable>
    <variable name="Label_SkinSetting_WeatherFanart">
        <value condition="!String.IsEmpty(Skin.String(WeatherFanart.name))">$INFO[Skin.String(WeatherFanart.name)]</value>
        <value>$LOCALIZE[40064]</value>
    </variable>
    <variable name="Label_SkinSetting_WeatherIcons">
        <value condition="!String.IsEmpty(Skin.String(WeatherIcons.name))">$INFO[Skin.String(WeatherIcons.name)]</value>
        <value>$LOCALIZE[15109]</value>
    </variable>
	<variable name="BackgroundInfoVar">
        <value condition="Skin.HasSetting(SkinHelper.EnableExtraFanart) + !String.IsEmpty(Window(Home).Property(SkinHelper.ListItem.Art.ExtraFanArt))">$VAR[MediaFanartVar]</value>
        <value condition="Skin.HasSetting(SkinHelper.EnableExtraFanart) + String.IsEmpty(Window(Home).Property(SkinHelper.ListItem.Art.ExtraFanArt))">$INFO[Window(home).Property(fanart)]</value>
        <value condition="!Skin.HasSetting(SkinHelper.EnableExtraFanart)">$INFO[Window(home).Property(fanart)]</value>
    </variable>
	<variable name="PlotSpoilerVar">
        <value condition="[Skin.HasSetting(hide_plotforspoiler) + String.IsEqual(ListItem.DBType,episode)] + Integer.IsLess(ListItem.Playcount,1) + !String.StartsWith(Container.FolderPath,plugin://)">[COLOR white]$LOCALIZE[40030][/COLOR]</value>
        <value>$INFO[ListItem.Tagline,[B],[/B][CR]]$INFO[ListItem.Plot,[COLOR white],[/COLOR]]</value>
    </variable>
	<variable name="ClearLogoVar">
        <value condition="!String.IsEmpty(ListItem.Art(tvshow.clearlogo))">$INFO[ListItem.Art(tvshow.clearlogo)]</value>
        <value condition="!String.IsEmpty(ListItem.Art(clearlogo))">$INFO[ListItem.Art(clearlogo)]</value>
        <value condition="!String.IsEmpty(Window(Home).Property(SkinHelper.ListItem.Art.Clearlogo))">$INFO[Window(Home).Property(SkinHelper.ListItem.Art.Clearlogo)]</value>
    </variable>
	<variable name="MPAALabelVar">
        <value condition="String.Contains(ListItem.mpaa,10) + String.Contains(System.Language,French)">Interdit au moins de 10 ans</value>
        <value condition="String.Contains(ListItem.mpaa,12) + String.Contains(System.Language,French)">Interdit au moins de 12 ans</value>
        <value condition="String.Contains(ListItem.mpaa,16) + String.Contains(System.Language,French)">Interdit au moins de 16 ans</value>
        <value condition="String.Contains(ListItem.mpaa,18) + String.Contains(System.Language,French)">Interdit au moins de 18 ans</value>
        <value condition="String.Contains(ListItem.mpaa,U) + String.Contains(System.Language,French)">Tout public</value>
        <value condition="String.Contains(ListItem.mpaa,Rated) + String.Contains(System.Language,French)">Inconnue</value>
        <value>$INFO[ListItem.mpaa]</value>
    </variable>
    <variable name="MPAAIconVar">
        <value condition="String.Contains(Window.Property(mpaa),10) + String.Contains(System.Language,French)">icons/extendedinfo/rating/csa10.png</value>
        <value condition="String.Contains(Window.Property(mpaa),12) + String.Contains(System.Language,French)">icons/extendedinfo/rating/csa12.png</value>
        <value condition="String.Contains(Window.Property(mpaa),16) + String.Contains(System.Language,French)">icons/extendedinfo/rating/csa16.png</value>
        <value condition="String.Contains(Window.Property(mpaa),18) + String.Contains(System.Language,French)">icons/extendedinfo/rating/csa18.png</value>
        <value condition="String.Contains(Window.Property(mpaa),U) + String.Contains(System.Language,French)">icons/extendedinfo/rating/csau.png</value>
        <value condition="String.Contains(Window.Property(mpaa),Rated) + String.Contains(System.Language,French)">icons/extendedinfo/rating/rated.png</value>
        <value>$INFO[Window.Property(mpaa),icons/extendedinfo/rating/,.png]</value>
    </variable>
    <variable name="OpacitySettingLabel2Var">
		<value condition="Skin.HasSetting(opacity_0)">0%</value>
		<value condition="Skin.HasSetting(opacity_5)">5%</value>
		<value condition="Skin.HasSetting(opacity_10)">10%</value>
		<value condition="Skin.HasSetting(opacity_15)">15%</value>
		<value condition="Skin.HasSetting(opacity_20)">20%</value>
		<value condition="Skin.HasSetting(opacity_25)">25%</value>
		<value condition="Skin.HasSetting(opacity_30)">30%</value>
		<value condition="Skin.HasSetting(opacity_35)">35%</value>
		<value condition="Skin.HasSetting(opacity_40)">40%</value>
		<value condition="Skin.HasSetting(opacity_45)">45%</value>
		<value condition="Skin.HasSetting(opacity_50)">50%</value>
		<value condition="Skin.HasSetting(opacity_55)">55%</value>
		<value condition="Skin.HasSetting(opacity_60)">60%</value>
		<value condition="Skin.HasSetting(opacity_65)">65%</value>
		<value condition="Skin.HasSetting(opacity_70)">70%</value>
		<value condition="Skin.HasSetting(opacity_75)">75%</value>
		<value condition="Skin.HasSetting(opacity_80)">80%</value>
		<value condition="Skin.HasSetting(opacity_85)">85%</value>
		<value condition="Skin.HasSetting(opacity_90)">90%</value>
		<value condition="Skin.HasSetting(opacity_95)">95%</value>
		<value condition="Skin.HasSetting(opacity_100)">100%</value>
		<value>$LOCALIZE[15109]</value>
	</variable>
	<variable name="OpacityBarsSettingLabel2Var">
		<value condition="Skin.HasSetting(opacitybars_0)">0%</value>
		<value condition="Skin.HasSetting(opacitybars_5)">5%</value>
		<value condition="Skin.HasSetting(opacitybars_10)">10%</value>
		<value condition="Skin.HasSetting(opacitybars_15)">15%</value>
		<value condition="Skin.HasSetting(opacitybars_20)">20%</value>
		<value condition="Skin.HasSetting(opacitybars_25)">25%</value>
		<value condition="Skin.HasSetting(opacitybars_30)">30%</value>
		<value condition="Skin.HasSetting(opacitybars_35)">35%</value>
		<value condition="Skin.HasSetting(opacitybars_40)">40%</value>
		<value condition="Skin.HasSetting(opacitybars_45)">45%</value>
		<value condition="Skin.HasSetting(opacitybars_50)">50%</value>
		<value condition="Skin.HasSetting(opacitybars_55)">55%</value>
		<value condition="Skin.HasSetting(opacitybars_60)">60%</value>
		<value condition="Skin.HasSetting(opacitybars_65)">65%</value>
		<value condition="Skin.HasSetting(opacitybars_70)">70%</value>
		<value condition="Skin.HasSetting(opacitybars_75)">75%</value>
		<value condition="Skin.HasSetting(opacitybars_80)">80%</value>
		<value condition="Skin.HasSetting(opacitybars_85)">85%</value>
		<value condition="Skin.HasSetting(opacitybars_90)">90%</value>
		<value condition="Skin.HasSetting(opacitybars_95)">95%</value>
		<value condition="Skin.HasSetting(opacitybars_100)">100%</value>
		<value>$LOCALIZE[15109]</value>
	</variable>
	<variable name="Label_SkinSetting_SkinColor">
        <value condition="!String.IsEmpty(Skin.String(SkinColor))">$INFO[Skin.String(SkinColor)]</value>
        <value>$LOCALIZE[15109]</value>
    </variable>
    <variable name="Label_SkinSetting_BackgroundColor">
        <value condition="!String.IsEmpty(Skin.String(BackgroundColor))">$INFO[Skin.String(BackgroundColor)]</value>
        <value>$LOCALIZE[15109]</value>
    </variable>
    <variable name="Label_SkinSetting_PatternColor">
        <value condition="!String.IsEmpty(Skin.String(PatternColor))">$INFO[Skin.String(PatternColor)]</value>
        <value>$LOCALIZE[15109]</value>
    </variable>
    <variable name="SkinColorVar">
        <value condition="!String.IsEmpty(Skin.String(SkinColor))">$INFO[Skin.String(SkinColor)]</value>
        <value>button_focus</value>
    </variable>
    <variable name="BackgroundColorVar">
        <value condition="!String.IsEmpty(Skin.String(BackgroundColor))">$INFO[Skin.String(BackgroundColor)]</value>
        <value>primary_background</value>
    </variable>
    <variable name="PatternColorVar">
        <value condition="!String.IsEmpty(Skin.String(PatternColor))">$INFO[Skin.String(PatternColor)]</value>
        <value>00000000</value>
    </variable>
    <variable name="Background_Opacity">
        <value condition="Skin.HasSetting(opacity_0)">00FFFFFF</value>
        <value condition="Skin.HasSetting(opacity_5)">0DFFFFFF</value>
        <value condition="Skin.HasSetting(opacity_10)">1AFFFFFF</value>
        <value condition="Skin.HasSetting(opacity_15)">26FFFFFF</value>
        <value condition="Skin.HasSetting(opacity_20">33FFFFFF</value>
        <value condition="Skin.HasSetting(opacity_25">40FFFFFF</value>
        <value condition="Skin.HasSetting(opacity_30">4DFFFFFF</value>
        <value condition="Skin.HasSetting(opacity_35">59FFFFFF</value>
        <value condition="Skin.HasSetting(opacity_40">66FFFFFF</value>
        <value condition="Skin.HasSetting(opacity_45)">73FFFFFF</value>
        <value condition="Skin.HasSetting(opacity_50)">80FFFFFF</value>
        <value condition="Skin.HasSetting(opacity_55)">8CFFFFFF</value>
        <value condition="Skin.HasSetting(opacity_60)">99FFFFFF</value>
        <value condition="Skin.HasSetting(opacity_65)">A6FFFFFF</value>
        <value condition="Skin.HasSetting(opacity_70)">B3FFFFFF</value>
        <value condition="Skin.HasSetting(opacity_75)">BFFFFFFF</value>
        <value condition="Skin.HasSetting(opacity_80)">CCFFFFFF</value>
        <value condition="Skin.HasSetting(opacity_85)">D9FFFFFF</value>
        <value condition="Skin.HasSetting(opacity_90)">E6FFFFFF</value>
        <value condition="Skin.HasSetting(opacity_95)">F2FFFFFF</value>
        <value condition="Skin.HasSetting(opacity_100)">FFFFFFFF</value>
        <value>37FFFFFF</value>
    </variable>
    <variable name="Bars_Opacity">
        <value condition="Skin.HasSetting(opacitybars_0)">00FFFFFF</value>
        <value condition="Skin.HasSetting(opacitybars_5)">0DFFFFFF</value>
        <value condition="Skin.HasSetting(opacitybars_10)">1AFFFFFF</value>
        <value condition="Skin.HasSetting(opacitybars_15)">26FFFFFF</value>
        <value condition="Skin.HasSetting(opacitybars_20">33FFFFFF</value>
        <value condition="Skin.HasSetting(opacitybars_25">40FFFFFF</value>
        <value condition="Skin.HasSetting(opacitybars_30">4DFFFFFF</value>
        <value condition="Skin.HasSetting(opacitybars_35">59FFFFFF</value>
        <value condition="Skin.HasSetting(opacitybars_40">66FFFFFF</value>
        <value condition="Skin.HasSetting(opacitybars_45)">73FFFFFF</value>
        <value condition="Skin.HasSetting(opacitybars_50)">80FFFFFF</value>
        <value condition="Skin.HasSetting(opacitybars_55)">8CFFFFFF</value>
        <value condition="Skin.HasSetting(opacitybars_60)">99FFFFFF</value>
        <value condition="Skin.HasSetting(opacitybars_65)">A6FFFFFF</value>
        <value condition="Skin.HasSetting(opacitybars_70)">B3FFFFFF</value>
        <value condition="Skin.HasSetting(opacitybars_75)">BFFFFFFF</value>
        <value condition="Skin.HasSetting(opacitybars_80)">CCFFFFFF</value>
        <value condition="Skin.HasSetting(opacitybars_85)">D9FFFFFF</value>
        <value condition="Skin.HasSetting(opacitybars_90)">E6FFFFFF</value>
        <value condition="Skin.HasSetting(opacitybars_95)">F2FFFFFF</value>
        <value condition="Skin.HasSetting(opacitybars_100)">FFFFFFFF</value>
        <value>FFFFFFFF</value>
    </variable>
	<variable name="HideWatchedMoviesFromRecentlyVar">
		<value condition="Skin.HasSetting(HideWatchedMoviesFromRecently)">special://skin/playlists/recent_unwatched_movies.xsp</value>
		<value>special://skin/playlists/recent_movies.xsp</value>
	</variable>
	<variable name="HideWatchedEpisodesFromRecentlyVar">
		<value condition="Skin.HasSetting(HideWatchedEpisodesFromRecently)">special://skin/playlists/recent_unwatched_episodes.xsp</value>
		<value>special://skin/playlists/recent_episodes.xsp</value>
	</variable>
	<variable name="PVRStatusImageVar">
		<value condition="ListItem.IsRecording">windows/pvr/record.png</value>
		<value condition="ListItem.HasTimer | ListItem.HasTimerSchedule">windows/pvr/timer.png</value>
	</variable>
	<variable name="AutoCompletionContentVar">
		<value condition="System.HasAddon(plugin.program.autocompletion) + !System.HasHiddenInput">plugin://plugin.program.autocompletion?info=autocomplete&amp;&amp;id=$INFO[Control.GetLabel(312).index(1)]&amp;&amp;limit=9</value>
	</variable>
	<variable name="PlaylistLabelVar">
		<value condition="String.IsEqual(ListItem.DbType,episode)">$INFO[ListItem.TVShowtitle,,: ]$INFO[ListItem.Season,,x]$INFO[ListItem.Episode,,. ]$INFO[ListItem.Title]</value>
		<value condition="String.IsEqual(ListItem.DbType,musicvideo)">$INFO[ListItem.Artist,, - ]$INFO[ListItem.Title]</value>
		<value>$INFO[ListItem.Label]</value>
	</variable>
	<variable name="PlaylistLabel2Var">
		<value condition="Window.IsActive(musicplaylist)">$INFO[ListItem.Duration]</value>
		<value>$INFO[ListItem.Duration,, $LOCALIZE[12391]]</value>
	</variable>
	<variable name="InfoListPathVar">
		<value condition="String.IsEmpty(Container.PluginName)">$INFO[ListItem.FolderPath]</value>
		<value></value>
	</variable>
	<variable name="AddonCountLabel">
		<value condition="Integer.IsGreater(Container(8000).NumItems,10)">&gt;9</value>
		<value condition="Integer.IsGreater(Container(8000).NumItems,9)">9</value>
		<value condition="Integer.IsGreater(Container(8000).NumItems,8)">8</value>
		<value condition="Integer.IsGreater(Container(8000).NumItems,7)">7</value>
		<value condition="Integer.IsGreater(Container(8000).NumItems,6)">6</value>
		<value condition="Integer.IsGreater(Container(8000).NumItems,5)">5</value>
		<value condition="Integer.IsGreater(Container(8000).NumItems,4)">4</value>
		<value condition="Integer.IsGreater(Container(8000).NumItems,3)">3</value>
		<value condition="Integer.IsGreater(Container(8000).NumItems,2)">2</value>
		<value condition="Integer.IsGreater(Container(8000).NumItems,0)">1</value>
		<value>[COLOR grey]0[/COLOR]</value>
	</variable>
	<variable name="MusicInfoTextboxVar">
		<value condition="String.IsEqual(ListItem.DbType,song)">$INFO[ListItem.Comment,[B]$LOCALIZE[569][/B][CR][COLOR=white],[/COLOR]]</value>
		<value condition="String.IsEqual(ListItem.DbType,album)">$INFO[ListItem.Property(Album_Description),[COLOR=white],[/COLOR]]</value>
		<value condition="String.IsEqual(ListItem.DbType,artist)">$INFO[ListItem.Property(Artist_Description),[COLOR=white],[/COLOR]]</value>
	</variable>
	<variable name="NowPlayingSublabelVar">
		<value condition="VideoPlayer.Content(episodes)">$INFO[VideoPlayer.TvShowTitle]</value>
		<value condition="VideoPlayer.Content(movies)">$INFO[VideoPlayer.Year]$INFO[VideoPlayer.Genre, - ]</value>
		<value condition="VideoPlayer.Content(livetv)">$INFO[VideoPlayer.ChannelName]</value>
		<value condition="Player.HasAudio">$INFO[MusicPlayer.Artist]</value>
	</variable>
	<variable name="NowPlayingIconVar">
		<value condition="Player.Paused">icons/now-playing/pause.png</value>
		<value>icons/now-playing/play.png</value>
	</variable>
	<variable name="NowPlayingPosterVar">
		<value condition="!String.IsEmpty(Player.Art(poster))">$INFO[Player.Art(poster)]</value>
		<value condition="!String.IsEmpty(Player.Art(tvshow.poster))">$INFO[Player.Art(tvshow.poster)]</value>
		<value condition="String.IsEmpty(Player.Art(thumb)) + VideoPlayer.Content(livetv)">DefaultTVShows.png</value>
		<value>$INFO[Player.Art(thumb)]</value>
	</variable>
	<variable name="ShiftThumbVar">
		<value condition="ListItem.IsParentFolder">DefaultFolderBackSquare.png</value>
		<value condition="String.IsEmpty(Listitem.Thumb) + [String.IsEqual(listitem.dbtype,album) | String.IsEqual(listitem.dbtype,artist)]">DefaultAudio.png</value>
		<value condition="ListItem.IsFolder + String.IsEmpty(ListItem.Thumb)">DefaultFolderSquare.png</value>
		<value condition="!String.IsEmpty(ListItem.Art(animatedposter)) + Skin.HasSetting(Skin_EnableAnimatedPosters)">$INFO[ListItem.Art(animatedposter)]</value>
		<value>$INFO[ListItem.Thumb]</value>
	</variable>
	<variable name="InfoWallThumbVar">
	    <value condition="!String.IsEmpty(ListItem.Art(animatedposter)) + Skin.HasSetting(Skin_EnableAnimatedPosters)">$INFO[ListItem.Art(animatedposter)]</value>
		<value condition="!String.IsEmpty(Listitem.Art(poster))">$INFO[Listitem.Art(poster)]</value>
		<value>$INFO[ListItem.Icon]</value>
	</variable>
	<variable name="IconWallPosterVar">
		<value condition="!String.IsEmpty(ListItem.Art(animatedposter)) + Skin.HasSetting(Skin_EnableAnimatedPosters)">$INFO[ListItem.Art(animatedposter)]</value>
		<value>$INFO[Listitem.Art(poster)]</value>
	</variable>
	<variable name="IconWallThumbVar">
	    <value condition="String.IsEqual(listitem.dbtype,genre) + String.IsEqual(Skin.String(moviegenreicons.path),resource://resource.images.moviegenreicons.arctic.zephyr/)">$INFO[ListItem.Label,resource://resource.images.moviegenreicons.arctic.zephyr/,.png]</value>
	    <value condition="String.IsEqual(listitem.dbtype,genre) + String.IsEqual(Skin.String(moviegenreicons.path),resource://resource.images.moviegenreicons.coloured/)">$INFO[ListItem.Label,resource://resource.images.moviegenreicons.coloured/,.jpg]</value>
	    <value condition="String.IsEqual(listitem.dbtype,genre) + String.IsEqual(Skin.String(moviegenreicons.path),resource://resource.images.moviegenreicons.filmstrip/)">$INFO[ListItem.Label,resource://resource.images.moviegenreicons.filmstrip/,.jpg]</value>
	    <value condition="String.IsEqual(listitem.dbtype,genre) + String.IsEqual(Skin.String(moviegenreicons.path),resource://resource.images.moviegenreicons.grey/)">$INFO[ListItem.Label,resource://resource.images.moviegenreicons.grey/,.jpg]</value>
	    <value condition="String.IsEqual(listitem.dbtype,genre) + String.IsEqual(Skin.String(moviegenreicons.path),resource://resource.images.moviegenreicons.poster/)">$INFO[ListItem.Label,resource://resource.images.moviegenreicons.poster/,.jpg]</value>
		<value condition="String.IsEqual(listitem.dbtype,genre) + String.IsEqual(Skin.String(moviegenreicons.path),resource://resource.images.moviegenreicons.transparent/)">$INFO[ListItem.Label,resource://resource.images.moviegenreicons.transparent/,.png]</value>
		<value condition="String.IsEqual(listitem.dbtype,genre) + String.IsEqual(Skin.String(moviegenreicons.path),resource://resource.images.moviegenreicons.white/)">$INFO[ListItem.Label,resource://resource.images.moviegenreicons.white/,.jpg]</value>
		<value condition="String.IsEqual(listitem.dbtype,genre) + String.IsEqual(Skin.String(moviegenreicons.path),resource://resource.images.moviegenreicons.xzener-flat/)">$INFO[ListItem.Label,resource://resource.images.moviegenreicons.xzener-flat/,.png]</value>
		<value condition="String.IsEqual(listitem.dbtype,genre) + String.IsEqual(Skin.String(moviegenreicons.path),resource://resource.images.moviegenreicons.xzener-reflection/)">$INFO[ListItem.Label,resource://resource.images.moviegenreicons.xzener-reflection/,.png]</value>
		<value condition="String.IsEqual(listitem.dbtype,studio) + String.IsEqual(Skin.String(studiologos.path),resource://resource.images.studios.estuarymod/)">$INFO[ListItem.Label,resource://resource.images.studios.estuarymod/,.png]</value>
        <value condition="String.IsEqual(listitem.dbtype,studio) + String.IsEqual(Skin.String(studiologos.path),resource://resource.images.studios.white/)">$INFO[ListItem.Label,resource://resource.images.studios.white/,.png]</value>
        <value condition="String.IsEqual(listitem.dbtype,studio) + String.IsEqual(Skin.String(studiologos.path),resource://resource.images.studios.coloured/)">$INFO[ListItem.Label,resource://resource.images.studios.coloured/,.png]</value>
        <value condition="!String.IsEmpty(ListItem.Art(animatedposter)) + Skin.HasSetting(Skin_EnableAnimatedPosters)">$INFO[ListItem.Art(animatedposter)]</value>
		<value condition="!String.isempty(ListItem.Thumb)">$INFO[ListItem.Thumb]</value>
		<value>$INFO[ListItem.Icon]</value>
	</variable>
	<variable name="ListLabel2Var">
		<value condition="String.IsEmpty(Container.PluginName) + [Container.Content(tvshows) | Container.Content(seasons)] + String.IsEqual(Container.SortMethod,$LOCALIZE[556])">$INFO[ListItem.Property(WatchedEpisodes)]$INFO[ListItem.Property(TotalEpisodes), / ,]</value>
		<value condition="String.IsEqual(Container.SortMethod,$LOCALIZE[556])">$INFO[ListItem.Year]</value>
		<value condition="!String.isempty(ListItem.Appearances)">$LOCALIZE[38026]: $INFO[ListItem.Appearances]</value>
		<value>$INFO[ListItem.Label2]</value>
	</variable>
	<variable name="ShiftLeftTextBoxVar">
        <value condition="Window.IsActive(pictures)">$INFO[ListItem.Property(description),,[CR]]$INFO[ListItem.PictureDatetime,$LOCALIZE[552] : [COLOR white],[/COLOR][CR]]$INFO[ListItem.PictureResolution,$LOCALIZE[169] : [COLOR white],[/COLOR][CR]]$INFO[ListItem.PictureCamMake,$LOCALIZE[31041] : [COLOR white],[/COLOR][CR]]$INFO[ListItem.PictureCamModel,$LOCALIZE[21823] : [COLOR white],[/COLOR][CR]]</value>
        <value condition="String.IsEqual(listitem.dbtype,album)">$INFO[ListItem.Year,$LOCALIZE[345] : [COLOR white],[/COLOR][CR]]$INFO[ListItem.Genre,$LOCALIZE[515] : [COLOR white],[/COLOR][CR]]$INFO[ListItem.Property(album_label),$LOCALIZE[21899] : [COLOR white],[/COLOR][CR]]$INFO[ListItem.Property(album_style),$LOCALIZE[736] : [COLOR white],[/COLOR][CR]]</value>
        <value condition="String.IsEqual(Listitem.DBType,season) | String.IsEqual(Listitem.DBType,tvshow) + !String.IsEmpty(ListItem.Status)">$INFO[ListItem.Genre,$LOCALIZE[515] : [COLOR white],[/COLOR][CR]]$INFO[ListItem.Property(NumEpisodes),$LOCALIZE[20360] : [COLOR white],[/COLOR]]$INFO[ListItem.Property(UnWatchedEpisodes), [COLOR white]($LOCALIZE[31064] : ,)[/COLOR]]$INFO[Window(Home).Property(NextAired.LatestDate),[CR]$LOCALIZE[40026] : [COLOR white], - [/COLOR]]$INFO[Window(Home).Property(NextAired.LatestNumber),[COLOR white], [/COLOR]]$INFO[Window(Home).Property(NextAired.LatestTitle),[COLOR white],[/COLOR]]$INFO[Window(Home).Property(NextAired.NextDate),[CR]$LOCALIZE[40025] : [COLOR white], - [/COLOR]]$INFO[Window(Home).Property(NextAired.NextNumber),[COLOR white], [/COLOR]]$INFO[Window(Home).Property(NextAired.NextTitle),[COLOR white],[/COLOR]]$INFO[ListItem.Status,[CR]$LOCALIZE[126] : [COLOR white], [/COLOR]]</value>
        <value condition="String.IsEqual(Listitem.DBType,season) | String.IsEqual(Listitem.DBType,tvshow) + String.IsEmpty(ListItem.Status)">$INFO[ListItem.Genre,$LOCALIZE[515] : [COLOR white],[/COLOR][CR]]$INFO[ListItem.Property(NumEpisodes),$LOCALIZE[20360] : [COLOR white],[/COLOR]]$INFO[ListItem.Property(UnWatchedEpisodes), [COLOR white]($LOCALIZE[31064] : ,)[/COLOR]]$INFO[Window(Home).Property(NextAired.LatestDate),[CR]$LOCALIZE[40026] : [COLOR white], - [/COLOR]]$INFO[Window(Home).Property(NextAired.LatestNumber),[COLOR white], [/COLOR]]$INFO[Window(Home).Property(NextAired.LatestTitle),[COLOR white],[/COLOR]]$INFO[Window(Home).Property(NextAired.NextDate),[CR]$LOCALIZE[40025] : [COLOR white], - [/COLOR]]$INFO[Window(Home).Property(NextAired.NextNumber),[COLOR white], [/COLOR]]$INFO[Window(Home).Property(NextAired.NextTitle),[COLOR white],[/COLOR]]$INFO[Window(Home).Property(NextAired.Status),[CR]$LOCALIZE[126] : [COLOR white], [/COLOR]]</value>
        <value condition="!String.IsEqual(listitem.dbtype,artist)">$INFO[ListItem.Genre,$LOCALIZE[515] : [COLOR white],[/COLOR][CR]]$INFO[ListItem.Director,$LOCALIZE[20339] : [COLOR white],[/COLOR][CR]]$INFO[ListItem.Writer,$LOCALIZE[20417] : [COLOR white],[/COLOR][CR]]$INFO[ListItem.Premiered,$LOCALIZE[20416] : [COLOR white],[/COLOR]]</value>
    </variable>
	<variable name="ShiftRightTextBoxVar">
		<value condition="Window.IsActive(pictures)">$INFO[ListItem.Size,$LOCALIZE[289] : [COLOR white],[/COLOR][CR]]$INFO[ListItem.PictureAperture,$LOCALIZE[21826] : [COLOR white],[/COLOR][CR]]$INFO[ListItem.PictureFocalLen,$LOCALIZE[21827] : [COLOR white],[/COLOR][CR]]$INFO[ListItem.PictureExpTime,$LOCALIZE[21830] : [COLOR white],[/COLOR][CR]]$INFO[ListItem.Date,$LOCALIZE[552] : [COLOR white],[/COLOR][CR]]</value>
		<value condition="!String.IsEmpty(Window(Home).Property(SkinHelper.ListItem.Plot)) + !String.IsEqual(Listitem.DBType,movie) + !String.IsEqual(Listitem.DBType,tvshow)">[I]$INFO[Window(Home).Property(SkinHelper.ListItem.Count),, $LOCALIZE[36901][CR]][/I][COLOR white]$INFO[Window(Home).Property(SkinHelper.ListItem.Plot)][/COLOR]</value>
		<value condition="String.IsEqual(listitem.dbtype,artist)">[COLOR white]$INFO[ListItem.Property(artist_description)][/COLOR]</value>
		<value condition="String.IsEqual(listitem.dbtype,album)">COLOR white]$INFO[ListItem.Property(album_description)][/COLOR]</value>
		<value>$INFO[ListItem.Tagline,[B],[/B][CR]]$INFO[ListItem.Plot,[COLOR white],[/COLOR]]</value>
	</variable>
	<variable name="SelectLabel">
		<value condition="Control.IsVisible(3)">[COLOR=$VAR[SkinColorVar]]$INFO[Container(3).NumItems][/COLOR] $LOCALIZE[31036] - [COLOR=$VAR[SkinColorVar]]$INFO[Container(3).CurrentPage][/COLOR]/[COLOR=$VAR[SkinColorVar]]$INFO[Container(3).NumPages][/COLOR]</value>
		<value>[COLOR=$VAR[SkinColorVar]]$INFO[Container(6).NumItems][/COLOR] $LOCALIZE[31036] - [COLOR=$VAR[SkinColorVar]]$INFO[Container(6).CurrentPage][/COLOR]/[COLOR=$VAR[SkinColorVar]]$INFO[Container(6).NumPages][/COLOR]</value>
	</variable>
	<variable name="FileBrowserSelectLabel">
		<value condition="Control.IsVisible(450)">[COLOR=$VAR[SkinColorVar]]$INFO[Container(450).NumItems][/COLOR] $LOCALIZE[31036] - [COLOR=$VAR[SkinColorVar]]$INFO[Container(450).CurrentPage][/COLOR]/[COLOR=$VAR[SkinColorVar]]$INFO[Container(450).NumPages][/COLOR]</value>
		<value>[COLOR=$VAR[SkinColorVar]]$INFO[Container(451).NumItems][/COLOR] $LOCALIZE[31036] - [COLOR=$VAR[SkinColorVar]]$INFO[Container(451).CurrentPage][/COLOR]/[COLOR=$VAR[SkinColorVar]]$INFO[Container(451).NumPages][/COLOR]</value>
	</variable>
	<variable name="BannerArtVar">
		<value condition="ListItem.IsParentFolder">DefaultBackBanner.png</value>
		<value condition="!String.IsEmpty(ListItem.Art(banner))">$INFO[ListItem.Art(banner)]</value>
		<value condition="!String.IsEmpty(Window(Home).Property(SkinHelper.ListItem.Art.Banner))">$INFO[Window(Home).Property(SkinHelper.ListItem.Art.Banner)]</value>
		<value condition="!String.IsEmpty(ListItem.Art(fanart))">$INFO[ListItem.Art(fanart)]</value>
		<value>dialogs/dialog-bg-nobo.png</value>
	</variable>
	<variable name="FanartImageVar">
		<value condition="ListItem.IsParentFolder">special://skin/extras/home-images/movie.jpg</value>
		<value>$INFO[ListItem.Art(fanart)]</value>
	</variable>
	<variable name="ListBoxInfoVar">
		<value condition="String.IsEqual(Container.FolderPath,addons://outdated/) + !String.IsEmpty(ListItem.Addonnews)">$INFO[ListItem.Addonnews]</value>
		<value condition="Container.Content(addons)">[COLOR white]$INFO[ListItem.AddonDescription][/COLOR]</value>
		<value condition="String.IsEqual(listitem.dbtype,album) + !String.IsEmpty(Window(Home).Property(SkinHelper.ListItem.Plot))">$INFO[Window(Home).Property(SkinHelper.ListItem.Plot),[COLOR=white],[/COLOR]]</value>
		<value condition="String.IsEqual(listitem.dbtype,album)">[COLOR white]$INFO[ListItem.Property(album_description)][/COLOR]</value>
		<value condition="String.IsEqual(listitem.dbtype,musicvideo) | String.IsEqual(listitem.dbtype,video)">$INFO[ListItem.Genre,$LOCALIZE[515] : [COLOR white],[/COLOR][CR]]$INFO[ListItem.Plot,[COLOR white],[/COLOR]]</value>
		<value condition="String.IsEqual(listitem.dbtype,artist) + !String.IsEmpty(Window(Home).Property(SkinHelper.ListItem.Plot))">$INFO[Window(Home).Property(SkinHelper.ListItem.Plot),[COLOR=white],[/COLOR]]</value>
		<value condition="String.IsEqual(listitem.dbtype,artist)">[COLOR white]$INFO[ListItem.Property(artist_description)][/COLOR]</value>
		<value condition="!String.IsEmpty(ListItem.Plot)">$INFO[ListItem.Tagline,[B],[/B][CR]]$INFO[ListItem.Plot,[COLOR white],[/COLOR]]</value>
		<value condition="String.IsEqual(listitem.dbtype,song)">$INFO[ListItem.Genre,$LOCALIZE[515] : [COLOR white],[/COLOR][CR]]$INFO[ListItem.Duration,$LOCALIZE[180] : [COLOR white],[/COLOR][CR]]$INFO[ListItem.Playcount,$LOCALIZE[567] : [COLOR white],[/COLOR][CR]]</value>
		<value>$INFO[ListItem.Genre,$LOCALIZE[515] : [COLOR white],[/COLOR][CR]]</value>
	</variable>
	<variable name="WidgetGenreIconVar">
	    <value condition="String.IsEqual(Skin.String(moviegenreicons.path),resource://resource.images.moviegenreicons.arctic.zephyr/)">$INFO[ListItem.Label,resource://resource.images.moviegenreicons.arctic.zephyr/,.png]</value>
	    <value condition="String.IsEqual(Skin.String(moviegenreicons.path),resource://resource.images.moviegenreicons.coloured/)">$INFO[ListItem.Label,resource://resource.images.moviegenreicons.coloured/,.jpg]</value>
	    <value condition="String.IsEqual(Skin.String(moviegenreicons.path),resource://resource.images.moviegenreicons.filmstrip/)">$INFO[ListItem.Label,resource://resource.images.moviegenreicons.filmstrip/,.jpg]</value>
	    <value condition="String.IsEqual(Skin.String(moviegenreicons.path),resource://resource.images.moviegenreicons.grey/)">$INFO[ListItem.Label,resource://resource.images.moviegenreicons.grey/,.jpg]</value>
	    <value condition="String.IsEqual(Skin.String(moviegenreicons.path),resource://resource.images.moviegenreicons.poster/)">$INFO[ListItem.Label,resource://resource.images.moviegenreicons.poster/,.jpg]</value>
		<value condition="String.IsEqual(Skin.String(moviegenreicons.path),resource://resource.images.moviegenreicons.transparent/)">$INFO[ListItem.Label,resource://resource.images.moviegenreicons.transparent/,.png]</value>
		<value condition="String.IsEqual(Skin.String(moviegenreicons.path),resource://resource.images.moviegenreicons.white/)">$INFO[ListItem.Label,resource://resource.images.moviegenreicons.white/,.jpg]</value>
		<value condition="String.IsEqual(Skin.String(moviegenreicons.path),resource://resource.images.moviegenreicons.xzener-flat/)">$INFO[ListItem.Label,resource://resource.images.moviegenreicons.xzener-flat/,.png]</value>
		<value condition="String.IsEqual(Skin.String(moviegenreicons.path),resource://resource.images.moviegenreicons.xzener-reflection/)">$INFO[ListItem.Label,resource://resource.images.moviegenreicons.xzener-reflection/,.png]</value>
		<value>DefaultGenre.png</value>
	</variable>
	<variable name="WidgetStudioIconVar">
		<value condition="String.IsEqual(Skin.String(studiologos.path),resource://resource.images.studios.estuarymod/)">$INFO[ListItem.Label,resource://resource.images.studios.estuarymod/,.png]</value>
        <value condition="String.IsEqual(Skin.String(studiologos.path),resource://resource.images.studios.white/)">$INFO[ListItem.Label,resource://resource.images.studios.white/,.png]</value>
        <value condition="String.IsEqual(Skin.String(studiologos.path),resource://resource.images.studios.coloured/)">$INFO[ListItem.Label,resource://resource.images.studios.coloured/,.png]</value>
		<value>DefaultStudios.png</value>
	</variable>
	<variable name="AddonsLabel2Var">
		<value condition="ListItem.Property(addon.downloading)">$INFO[ListItem.Property(addon.status)]</value>
		<value condition="!String.IsEqual(Container.SortMethod,$LOCALIZE[551])">$INFO[ListItem.Label2]</value>
		<value>$INFO[ListItem.AddonCreator,, - ]$INFO[ListItem.AddonVersion]</value>
	</variable>
	<variable name="RatingSettingLabel2Var">
		<value condition="Skin.HasSetting(circle_rating)">$LOCALIZE[563]</value>
		<value condition="Skin.HasSetting(circle_userrating)">$LOCALIZE[38018]</value>
		<value>$LOCALIZE[16018]</value>
	</variable>
	<variable name="AddonsListIconVar">
		<value condition="!String.IsEmpty(ListItem.AddonBroken)">icons/addonstatus/disable.png</value>
		<value condition="ListItem.Property(addon.orphaned)">icons/addonstatus/orphan.png</value>
		<value condition="ListItem.Property(addon.downloading)">icons/addonstatus/install.png</value>
		<value condition="ListItem.Property(addon.isinstalled) + !ListItem.Property(addon.isenabled) + Window.IsActive(addonbrowser)">icons/addonstatus/disable.png</value>
		<value condition="ListItem.Property(addon.hasupdate)">icons/addonstatus/update.png</value>
		<value condition="ListItem.Property(addon.isinstalled)">OverlayWatched.png</value>
		<value condition="!ListItem.IsParentFolder">OverlayUnwatched.png</value>
	</variable>
	<variable name="ResolutionFlagVar">
		<value condition="ListItem.IsStereoscopic">flags/videoresolution/3D.png</value>
		<value condition="String.Contains(ListItem.Filenameandpath,3D)">flags/videoresolution/3D.png</value>
        <value condition="String.Contains(ListItem.Filenameandpath,3d)">flags/videoresolution/3D.png</value>
		<value condition="Integer.IsGreater(ListItem.VideoResolution,1080)">flags/videoresolution/4K.png</value>
		<value>$INFO[ListItem.VideoResolution,flags/videoresolution/,.png]</value>
	</variable>
	<variable name="VideoPlayerResolutionFlagVar">
        <value condition="VideoPlayer.IsStereoscopic">flags/videoresolution/3D.png</value>
        <value condition="String.Contains(VideoPlayer.Filenameandpath,3D)">flags/videoresolution/3D.png</value>
        <value condition="String.Contains(VideoPlayer.Filenameandpath,3d)">flags/videoresolution/3D.png</value>
        <value condition="Integer.IsGreater(VideoPlayer.VideoResolution,1080)">flags/videoresolution/4K.png</value>
        <value>$INFO[VideoPlayer.VideoResolution,flags/videoresolution/,.png]</value>
    </variable>
	<variable name="AudioCodecFlagVar">
        <value condition="String.Contains(ListItem.Filenameandpath,atmos)">flags/audiocodec/atmos.png</value>
        <value condition="String.Contains(ListItem.Filenameandpath,Atmos)">flags/audiocodec/atmos.png</value>
        <value condition="String.Contains(ListItem.Filenameandpath,ATMOS)">flags/audiocodec/atmos.png</value>
        <value condition="String.Contains(ListItem.Filenameandpath,dts-x)">flags/audiocodec/dts-x.png</value>
        <value condition="String.Contains(ListItem.Filenameandpath,DTS-X)">flags/audiocodec/dts-x.png</value>
        <value condition="String.Contains(ListItem.Filenameandpath,dtsx)">flags/audiocodec/dts-x.png</value>
        <value condition="String.Contains(ListItem.Filenameandpath,DTSX)">flags/audiocodec/dts-x.png</value>
        <value>$INFO[ListItem.AudioCodec,flags/audiocodec/,.png]</value>
    </variable>
    <variable name="VideoPlayerAudioCodecFlagVar">
        <value condition="String.Contains(Player.Filenameandpath,atmos)">flags/audiocodec/atmos.png</value>
        <value condition="String.Contains(Player.Filenameandpath,Atmos)">flags/audiocodec/atmos.png</value>
        <value condition="String.Contains(Player.Filenameandpath,ATMOS)">flags/audiocodec/atmos.png</value>
        <value condition="String.Contains(Player.Filenameandpath,dts-x)">flags/audiocodec/dts-x.png</value>
        <value condition="String.Contains(Player.Filenameandpath,DTS-X)">flags/audiocodec/dts-x.png</value>
        <value condition="String.Contains(Player.Filenameandpath,dtsx)">flags/audiocodec/dts-x.png</value>
        <value condition="String.Contains(Player.Filenameandpath,DTSX)">flags/audiocodec/dts-x.png</value>
        <value>$INFO[VideoPlayer.AudioCodec,flags/audiocodec/,.png]</value>
    </variable>
	<variable name="ContainerResolutionFlagVar">
		<value condition="Container.ListItem.IsStereoscopic">flags/videoresolution/3D.png</value>
		<value condition="String.Contains(Container.ListItem.Filenameandpath,3D)">flags/videoresolution/3D.png</value>
        <value condition="String.Contains(ContainerListItem.Filenameandpath,3d)">flags/videoresolution/3D.png</value>
		<value condition="Integer.IsGreater(Container.ListItem.VideoResolution,1080)">flags/videoresolution/4K.png</value>
		<value>$INFO[Container.ListItem.VideoResolution,flags/videoresolution/,.png]</value>
	</variable>
	<variable name="ContainerAudioCodecFlagVar">
        <value condition="String.Contains(Container.ListItem.Filenameandpath,atmos)">flags/audiocodec/atmos.png</value>
        <value condition="String.Contains(Container.ListItem.Filenameandpath,Atmos)">flags/audiocodec/atmos.png</value>
        <value condition="String.Contains(Container.ListItem.Filenameandpath,ATMOS)">flags/audiocodec/atmos.png</value>
        <value condition="String.Contains(Container.ListItem.Filenameandpath,dts-x)">flags/audiocodec/dts-x.png</value>
        <value condition="String.Contains(Container.ListItem.Filenameandpath,DTS-X)">flags/audiocodec/dts-x.png</value>
        <value condition="String.Contains(Container.ListItem.Filenameandpath,dtsx)">flags/audiocodec/dts-x.png</value>
        <value condition="String.Contains(Container.ListItem.Filenameandpath,DTSX)">flags/audiocodec/dts-x.png</value>
        <value>$INFO[Container.ListItem.AudioCodec,flags/audiocodec/,.png]</value>
    </variable>
	<variable name="BannerVar">
		<value condition="!String.IsEmpty(ListItem.Art(banner))">$INFO[ListItem.Art(banner)]</value>
		<value>$INFO[ListItem.Art(tvshow.banner)]</value>
	</variable>
	<variable name="PosterVar">
		<value condition="ListItem.IsParentFolder">DefaultFolderBackPoster.png</value>
		<value condition="!String.IsEmpty(Container.Art(season.poster)) + Container.Content(episodes)">$INFO[Container.Art(season.poster)]</value>
		<value condition="!String.IsEmpty(Container.Art(tvshow.poster)) + Container.Content(episodes)">$INFO[Container.Art(tvshow.poster)]</value>
		<value condition="!String.IsEmpty(Container.Art(tvshow.poster)) + Container.Content(seasons) + Window.IsActive(movieinformation)">$INFO[Container.Art(tvshow.poster)]</value>
		<value condition="Container.Content(actors) | Container.Content(directors)">$INFO[Container.ListItem.Art(thumb)]</value>
		<value condition="!String.IsEmpty(ListItem.Art(tvshow.poster)) + !String.IsEqual(listitem.dbtype,season)">$INFO[ListItem.Art(tvshow.poster)]</value>
		<value condition="!String.IsEmpty(ListItem.Art(animatedposter)) + Skin.HasSetting(Skin_EnableAnimatedPosters)">$INFO[ListItem.Art(animatedposter)]</value>
		<value>$INFO[ListItem.Art(poster)]</value>
	</variable>
	<variable name="InfoDialogPosterVar">
		<value condition="!String.IsEmpty(ListItem.Art(poster))">$INFO[ListItem.Art(poster)]</value>
		<value condition="!String.IsEmpty(ListItem.Art(season.poster))">$INFO[ListItem.Art(season.poster)]</value>
		<value condition="!String.IsEmpty(ListItem.Art(tvshow.poster))">$INFO[ListItem.Art(tvshow.poster)]</value>
	</variable>
	<variable name="BannerLabel2Var">
		<value condition="String.IsEqual(Listitem.DBType,tvshow)">$INFO[ListItem.Property(WatchedEpisodes)]$INFO[ListItem.Property(TotalEpisodes), / ,]</value>
		<!-- <value>$INFO[ListItem.Year]</value>
		 -->
	</variable>
	<variable name="VideoPlayerForwardRewindVar">
		<value condition="Player.Forwarding2x | Player.Rewinding2x">2x</value>
		<value condition="Player.Forwarding4x | Player.Rewinding4x">4x</value>
		<value condition="Player.Forwarding8x | Player.Rewinding8x">8x</value>
		<value condition="Player.Forwarding16x | Player.Rewinding16x">16x</value>
		<value condition="Player.Forwarding32x | Player.Rewinding32x">32x</value>
	</variable>
	<variable name="SeekLabel">
	    <value condition="Player.IsTempo">$LOCALIZE[31142] : [COLOR white]$INFO[Player.PlaySpeed][/COLOR]</value>
		<value condition="!String.IsEmpty(Player.SeekStepSize)">$LOCALIZE[773][COLOR white] $INFO[Player.SeekStepSize][/COLOR]</value>
		<value condition="Player.Caching">$LOCALIZE[15107]</value>
		<value condition="Player.Paused">$LOCALIZE[112]</value>
		<value condition="Player.Forwarding">$LOCALIZE[31039] [COLOR white] $VAR[VideoPlayerForwardRewindVar][/COLOR]</value>
		<value condition="Player.Rewinding">$LOCALIZE[31038] [COLOR white] $VAR[VideoPlayerForwardRewindVar][/COLOR]</value>
		<value condition="[Player.Playing + !Player.Caching] + !Player.Seeking">$LOCALIZE[14086]</value>   
	</variable>
	<variable name="SeekTimeLabelVar">
		<value condition="!String.IsEmpty(Player.SeekNumeric)">[B]$INFO[Player.SeekNumeric(hh:mm:ss)][/B]</value>
		<value condition="Player.Seeking">$INFO[Player.SeekTime]$INFO[Player.Duration, / ]</value>
		<value>$INFO[Player.Time]$INFO[Player.Duration, / ]</value>
	</variable>
	<variable name="VideoOSDHelpTextVar">
		<value condition="Control.HasFocus(87) + [Player.Rewinding | Player.Forwarding]">$LOCALIZE[31050]</value>
		<value condition="Control.HasFocus(70011)">$LOCALIZE[31138]</value>
		<value condition="Control.HasFocus(70012) | Control.HasFocus(70013)">$LOCALIZE[31034]</value>
		<value condition="Control.HasFocus(70014) + !Window.IsVisible(1122)">$LOCALIZE[40096]</value>
		<value condition="Control.HasFocus(700)">$LOCALIZE[298]</value>
		<value condition="Control.HasFocus(703)">$LOCALIZE[31106]</value>
		<value condition="Control.HasFocus(704)">$LOCALIZE[24012]</value>
		<value condition="Control.HasFocus(804)">$LOCALIZE[31092]</value>
		<value condition="Control.HasFocus(70040)">$LOCALIZE[19019]</value>
		<value condition="Control.HasFocus(70041)">$LOCALIZE[19069]</value>
		<value condition="Control.HasFocus(70043)">$LOCALIZE[5]</value>
		<value condition="Control.HasFocus(255)">$LOCALIZE[36501]</value>
		<value condition="Control.HasFocus(606)+ Player.Recording">$LOCALIZE[19059]</value>
		<value condition="Control.HasFocus(606)">$LOCALIZE[264]</value>
		<value condition="ControlGroup(6000).HasFocus + Player.SeekEnabled">$LOCALIZE[31054]</value>
	</variable>
	<variable name="MusicOSDHelpTextVar">
		<value condition="Control.HasFocus(620)">$LOCALIZE[31033]$INFO[MusicPlayer.UserRating, : ]</value>
		<value condition="Control.HasFocus(621)">$LOCALIZE[559]</value>
		<value condition="Control.HasFocus(704)">$LOCALIZE[486]$INFO[Playlist.Repeat, : ]</value>
		<value condition="Control.HasFocus(607) + Playlist.IsRandom">$LOCALIZE[590] : $LOCALIZE[16041]</value>
		<value condition="Control.HasFocus(607)">$LOCALIZE[590] : $LOCALIZE[16039]</value>
		<value condition="Control.HasFocus(703)">$LOCALIZE[24013]</value>
		<value condition="Control.HasFocus(5000)">$LOCALIZE[10004]</value>
	</variable>
	<variable name="SkinSettingsHelpTextVar">
		<value condition="Container(9000).HasFocus(1)">$LOCALIZE[31129]</value>
		<value condition="Container(9000).HasFocus(2)">$LOCALIZE[31130]</value>
		<value condition="Container(9000).HasFocus(3)">$LOCALIZE[40112]</value>
		<value condition="Container(9000).HasFocus(4)">$LOCALIZE[40115]</value>
		<value condition="Container(9000).HasFocus(5)">$LOCALIZE[40111]</value>
		<value condition="Container(9000).HasFocus(6)">$LOCALIZE[40118]</value>
		<value condition="Container(9000).HasFocus(7)">$LOCALIZE[40117]</value>
		<value condition="Container(9000).HasFocus(8)">$LOCALIZE[40116]</value>
		<value condition="Container(9000).HasFocus(9)">$LOCALIZE[40113]</value>
		<value condition="Container(9000).HasFocus(10)">$LOCALIZE[40114]</value>
	</variable>
	<variable name="DSPManagerHelpTextVar">
		<value condition="Control.HasFocus(20)">$INFO[Container(20).ListItem.Property(Description)]</value>
		<value condition="Control.HasFocus(21)">$INFO[Container(21).ListItem.Property(Description)]</value>
		<value>$INFO[Container(9000).ListItem.Label2]</value>
	</variable>
	<variable name="VolumeIconVar">
		<value condition="Player.Muted">dialogs/volume/mute.png</value>
		<value condition="Integer.IsGreater(Player.Volume,66)">dialogs/volume/volume.png</value>
		<value condition="Integer.IsGreater(Player.Volume,33)">dialogs/volume/volume2.png</value>
		<value condition="player.passthrough">dialogs/volume/volume.png</value>
		<value>dialogs/volume/volume1.png</value>
	</variable>
	<variable name="ListSubLabelVar">
		<value condition="ListItem.IsCollection"></value>
		<value>$INFO[ListItem.Year, (,)]</value>
	</variable>
	<variable name="VideoInfoMainLabelVar">
		<value condition="!String.IsEmpty(ListItem.Title)">$INFO[ListItem.Title]$INFO[ListItem.Year, (,)]</value>
		<value>$INFO[ListItem.Label]$INFO[ListItem.Year, (,)]</value>
	</variable>
	<variable name="VideoInfoSubLabelVar">
		<value condition="String.IsEqual(ListItem.DBType,episode)">$INFO[ListItem.TVShowTitle,, [COLOR white]-[/COLOR] ]$INFO[ListItem.Season,$LOCALIZE[20373] , [COLOR white]-[/COLOR] ]$INFO[ListItem.Episode,$LOCALIZE[20359] ,]</value>
		<value condition="String.IsEqual(ListItem.DBType,movie)">$INFO[ListItem.Tagline]</value>
		<value>$INFO[ListItem.Genre]</value>
	</variable>
	<variable name="NowPlayingBreadcrumbsVar">
		<value condition="VideoPlayer.Content(livetv)">$INFO[VideoPlayer.Title]</value>
		<value condition="Window.IsActive(fullscreenvideo)">$INFO[VideoPlayer.Title]$INFO[VideoPlayer.Year, (,)]</value>
		<value condition="MusicPartyMode.Enabled">$LOCALIZE[589]</value>
		<value>$LOCALIZE[31000]...</value>
	</variable>
	<variable name="OSDSubLabelVar">
		<value condition="Window.IsActive(visualisation) + Integer.IsGreater(Playlist.Length,1)">$LOCALIZE[554] $INFO[Playlist.Position] / $INFO[Playlist.Length]</value>
		<value condition="VideoPlayer.Content(musicvideos)">[UPPERCASE]$INFO[VideoPlayer.Artist]$INFO[VideoPlayer.Album, - ][/UPPERCASE]</value>
		<value condition="VideoPlayer.Content(episodes)">[UPPERCASE]$INFO[VideoPlayer.TVShowTitle,, [COLOR white]-[/COLOR] ]$INFO[VideoPlayer.Season,$LOCALIZE[20373] , [COLOR white]-[/COLOR] ]$INFO[VideoPlayer.Episode,$LOCALIZE[20359] ,][/UPPERCASE]</value>
		<value condition="VideoPlayer.Content(LiveTV) | PVR.IsPlayingRecording">[UPPERCASE]$INFO[VideoPlayer.ChannelName][/UPPERCASE]</value>
		<value>[UPPERCASE]$INFO[VideoPlayer.Genre][/UPPERCASE]</value>
	</variable>
	<variable name="AddonsFanartVar">
		<value condition="Skin.HasSetting(no_fanart)"></value>
		<value condition="Window.IsActive(musicinformation) | Window.IsActive(movieinformation) | Window.IsActive(addoninformation) | Window.IsActive(pvrguideinfo) | Window.IsActive(pvrrecordinginfo) | Window.IsActive(pictureinfo) | Window.IsVisible(script-script.extendedinfo-DialogVideoInfo.xml) | Window.IsVisible(script-script.extendedinfo-DialogInfo.xml) | Window.IsVisible(script-script.extendedinfo-VideoList.xml)">$INFO[Window(home).Property(infobackground)]</value>
		<value condition="!String.IsEmpty(Container.ListItem.Art(fanart))">$INFO[Container.ListItem.Art(fanart)]</value>
		<value condition="!String.IsEmpty(Skin.String(HomeFanart.path))">$INFO[Skin.String(HomeFanart.path)]$INFO[Container(9000).ListItem.Property(id)]$INFO[Skin.String(HomeFanart.ext)]</value>
	</variable>
	<variable name="HomeFanartVar">
		<value condition="Skin.HasSetting(no_fanart)"></value>
		<value condition="Skin.HasSetting(SkinHelper.EnableExtraFanart) + !String.IsEmpty(Window(Home).Property(SkinHelper.ListItem.Art.ExtraFanArt)) + !Control.HasFocus(9000) + !Control.HasFocus(5600)">$INFO[Window(Home).Property(SkinHelper.ListItem.Art.ExtraFanArt)]</value>
		<value condition="Window.IsActive(musicinformation) | Window.IsActive(movieinformation) | Window.IsActive(addoninformation) | Window.IsActive(pvrguideinfo) | Window.IsActive(pvrrecordinginfo) | Window.IsActive(pictureinfo) | Window.IsVisible(script-script.extendedinfo-DialogVideoInfo.xml) | Window.IsVisible(script-script.extendedinfo-DialogInfo.xml) | Window.IsVisible(script-script.extendedinfo-VideoList.xml)">$INFO[Window(home).Property(infobackground)]</value>
		<value condition="!String.IsEmpty(Container.ListItem.Art(fanart))">$INFO[Container.ListItem.Art(fanart)]</value>
		<value condition="!String.IsEmpty(Container.ListItem.Property(FanartCode))">$INFO[Skin.String(WeatherFanart.path)]$INFO[Container.ListItem.Property(FanartCode)]$INFO[Skin.String(WeatherFanart.ext)]</value>
		<value condition="!String.IsEmpty(Skin.String(HomeFanart.path)) + Control.HasFocus(804)">$INFO[Skin.String(HomeFanart.path)]power$INFO[Skin.String(HomeFanart.ext)]</value>
		<value condition="!String.IsEmpty(Skin.String(HomeFanart.path)) + Control.HasFocus(802)">$INFO[Skin.String(HomeFanart.path)]settings$INFO[Skin.String(HomeFanart.ext)]</value>
		<value condition="!String.IsEmpty(Skin.String(HomeFanart.path)) + Control.HasFocus(803)">$INFO[Skin.String(HomeFanart.path)]favorites$INFO[Skin.String(HomeFanart.ext)]</value>
		<value condition="!String.IsEmpty(Skin.String(HomeFanart.path)) + Control.HasFocus(801)">$INFO[Skin.String(HomeFanart.path)]search$INFO[Skin.String(HomeFanart.ext)]</value>
		<value condition="!String.IsEmpty(Skin.String(HomeFanart.path))">$INFO[Skin.String(HomeFanart.path)]$INFO[Container(9000).ListItem.Property(id)]$INFO[Skin.String(HomeFanart.ext)]</value>
	</variable>
	<variable name="MediaFanartVar">
		<value condition="Skin.HasSetting(no_fanart)"></value>
		<value condition="Skin.HasSetting(SkinHelper.EnableExtraFanart) + !String.IsEmpty(Window(Home).Property(SkinHelper.ListItem.Art.ExtraFanArt)) + !ListItem.IsCollection">$INFO[Window(Home).Property(SkinHelper.ListItem.Art.ExtraFanArt)]</value>
		<value condition="Window.IsActive(musicinformation) | Window.IsActive(movieinformation) | Window.IsActive(addoninformation) | Window.IsActive(pvrguideinfo) | Window.IsActive(pvrrecordinginfo) | Window.IsActive(pictureinfo) | Window.IsVisible(script-script.extendedinfo-DialogVideoInfo.xml) | Window.IsVisible(script-script.extendedinfo-DialogInfo.xml) | Window.IsVisible(script-script.extendedinfo-VideoList.xml)">$INFO[Window(home).Property(infobackground)]</value>
		<value condition="Container.Content(genres) + Window.IsActive(videos)">$INFO[Skin.String(MovieGenreFanart.path)]$INFO[ListItem.Label]$INFO[Skin.String(MovieGenreFanart.ext)]</value>
		<value condition="Window.IsActive(pictures) + String.IsEmpty(ListItem.Art(fanart))">$INFO[ListItem.FolderPath]</value>
		<value condition="!String.IsEmpty(ListItem.Art(fanart))">$INFO[ListItem.Art(fanart)]</value>
		<value condition="!String.IsEmpty(Container.Art(tvshow.fanart))">$INFO[Container.Art(tvshow.fanart)]</value>
		<value condition="!String.IsEmpty(Container.Art(artist.fanart))">$INFO[Container.Art(artist.fanart)]</value>
		<value>$INFO[Container.Art(fanart)]</value>
	</variable>
	<variable name="WeatherFanartVar">
		<value condition="!String.IsEmpty(Container.ListItem.Property(FanartCode))">$INFO[Skin.String(WeatherFanart.path)]$INFO[Container.ListItem.Property(FanartCode)]$INFO[Skin.String(WeatherFanart.ext)]</value>
		<value condition="!String.IsEmpty(Window(weather).Property(current.fanartcode)) + !String.IsEmpty(Skin.String(weatherfanart.path))">$INFO[Skin.String(weatherfanart.path)]$INFO[Window(Weather).Property(Current.FanartCode)]$INFO[Skin.String(weatherfanart.ext)]</value>
		<value condition="!String.IsEmpty(Skin.String(HomeFanart.path))">$INFO[Skin.String(HomeFanart.path)]weather$INFO[Skin.String(HomeFanart.ext)]</value>
	</variable>
	<variable name="ListWatchedIconVar">
		<value condition="ListItem.IsRecording">windows/pvr/record.png</value>
		<value condition="ListItem.IsPlaying">overlays/watched/OverlayPlaying-List.png</value>
		<value condition="ListItem.IsResumable">overlays/watched/resume.png</value>
		<value condition="ListItem.IsParentFolder">overlays/folder-back.png</value>
		<value condition="ListItem.IsCollection">overlays/set.png</value>
		<value condition="ListItem.IsFolder + String.IsEmpty(Listitem.dbtype) + !String.IsEqual(ListItem.Overlay,OverlayWatched.png) + !ListItem.IsParentFolder">overlays/folder.png</value>
		<value condition="!String.IsEmpty(ListItem.Overlay)">$INFO[ListItem.Overlay]</value>
		<value condition="!ListItem.IsParentFolder">OverlayUnwatched.png</value>
	</variable>
	<variable name="WallWatchedIconVar">
		<value condition="ListItem.IsRecording">windows/pvr/record.png</value>
		<value condition="ListItem.IsCollection">overlays/set.png</value>
		<value condition="ListItem.IsPlaying">overlays/watched/OverlayPlaying-List.png</value>
		<value condition="Integer.IsGreater(ListItem.Playcount,0)">$INFO[ListItem.Overlay]</value>
	</variable>
	<!-- Breadcrumbs -->
	<variable name="BreadcrumbsVideoVar">
		<value condition="Container.Content(movies) | String.StartsWith(container.folderpath,library://video/movies/) | String.StartsWith(container.folderpath,videodb://movies)">$LOCALIZE[20342]</value>
		<value condition="Container.Content(musicvideos) | String.StartsWith(container.folderpath,library://video/musicvideos/) | String.StartsWith(container.folderpath,videodb://musicvideos)">$LOCALIZE[20389]</value>
		<value condition="Container.Content(tvshows) | String.StartsWith(container.folderpath,library://video/tvshows/) | String.StartsWith(container.folderpath,videodb://tvshows)">$LOCALIZE[20343]</value>
		<value condition="Container.Content(seasons)">$LOCALIZE[20343]</value>
		<value condition="Container.Content(episodes)">$LOCALIZE[20343]</value>
		<value>$LOCALIZE[3]</value>
	</variable>
	<variable name="BreadcrumbsPVRChannelsVar">
		<value condition="Window.IsActive(TVChannels)">$LOCALIZE[19020] / $LOCALIZE[19019] / $INFO[Control.GetLabel(29)]</value>
		<value>$LOCALIZE[19021] / $LOCALIZE[19019] / $INFO[Control.GetLabel(29)]</value>
	</variable>
	<variable name="BreadcrumbsPVRGuideVar">
		<value condition="Window.IsActive(TVGuide)">$LOCALIZE[19020] / $INFO[Control.GetLabel(29)] - $INFO[Control.GetLabel(30)]</value>
		<value>$LOCALIZE[19021] / $INFO[Control.GetLabel(29)] - $INFO[Control.GetLabel(30)]</value>
	</variable>
	<variable name="BreadcrumbsPVRRecordingsVar">
		<value condition="Window.IsActive(TVRecordings)">$LOCALIZE[19020] / $LOCALIZE[19017]$INFO[Control.GetLabel(30), / ]</value>
		<value>$LOCALIZE[19021] / $LOCALIZE[19017]$INFO[Control.GetLabel(30), / ]</value>
	</variable>
	<variable name="BreadcrumbsPVRTimersVar">
		<value condition="Window.IsActive(TVTimers)">$LOCALIZE[19020] / $LOCALIZE[19040]</value>
		<value condition="Window.IsActive(RadioTimers)">$LOCALIZE[19021] / $LOCALIZE[19040]</value>
		<value condition="Window.IsActive(TVTimerRules)">$LOCALIZE[19020] / $LOCALIZE[19138]$INFO[Control.GetLabel(29), / ]</value>
		<value>$LOCALIZE[19021] / $LOCALIZE[19138]$INFO[Control.GetLabel(29), / ]</value>
	</variable>
	<variable name="BreadcrumbsPVRSearchVar">
		<value condition="Window.IsActive(TVSearch)">$LOCALIZE[19020] / $LOCALIZE[137]</value>
		<value>$LOCALIZE[19021] / $LOCALIZE[137]</value>
	</variable>
	<variable name="RepeatButtonColordiffuseVar">
		<value condition="Control.HasFocus(704)">$VAR[SkinColorVar]</value>
		<value>FFFFFFFF</value>
	</variable>
	<variable name="PVRChannelMgrHeader">
		<value condition="!String.IsEmpty(Window.Property(IsRadio))">$LOCALIZE[19199] - $LOCALIZE[19024]</value>
		<value>$LOCALIZE[19199] - $LOCALIZE[19023]</value>
	</variable>
	<variable name="PVRAreaVar">
		<value condition="Control.HasFocus(100)">$LOCALIZE[19019]</value>
		<value condition="Control.HasFocus(101)">$LOCALIZE[19069]</value>
		<value condition="Control.HasFocus(102)">$LOCALIZE[19017]</value>
		<value condition="Control.HasFocus(103)">$LOCALIZE[19040]</value>
		<value condition="Control.HasFocus(104)">$LOCALIZE[19138]</value>
		<value condition="Control.HasFocus(105)">$LOCALIZE[137]</value>
	</variable>
	<variable name="PlayerControlsRepeatImageVar">
		<value condition="Playlist.IsRepeatOne">osd/fullscreen/buttons/repeat-one.png</value>
		<value condition="Playlist.IsRepeat">osd/fullscreen/buttons/repeat-all.png</value>
		<value>osd/fullscreen/buttons/repeat-off.png</value>
	</variable>
	<variable name="PlayerLabel1">
		<value condition="Player.HasVideo">$INFO[VideoPlayer.Title]</value>
		<value condition="Player.HasAudio">$INFO[MusicPlayer.Artist]</value>
	</variable>
	<variable name="PlayerLabel2">
		<value condition="VideoPlayer.Content(episodes)">$LOCALIZE[20373]$INFO[VideoPlayer.Season,: , / ]$LOCALIZE[20359]$INFO[VideoPlayer.Episode,: ]</value>
		<value condition="VideoPlayer.Content(movies)">$INFO[VideoPlayer.Year]</value>
		<value condition="VideoPlayer.Content(livetv)">$INFO[VideoPlayer.ChannelName]</value>
		<value condition="Player.HasAudio">[COLOR grey]$INFO[MusicPlayer.Album][/COLOR]$INFO[MusicPlayer.Year, [,] ]</value>
	</variable>
	<variable name="PlayerLabel3">
		<value condition="VideoPlayer.Content(episodes)">$INFO[VideoPlayer.TvShowTitle]</value>
		<value condition="VideoPlayer.Content(movies) | VideoPlayer.Content(livetv)">$INFO[VideoPlayer.Genre]</value>
		<value condition="Player.HasAudio">$INFO[MusicPlayer.TrackNumber,,: ][COLOR=grey]$INFO[Player.Title][/COLOR]</value>
	</variable>
	<variable name="PVRTimerIcon">
		<value condition="ListItem.IsRecording">icons/pvr/PVR-IsRecording.png</value>
		<value condition="ListItem.HasTimerSchedule + ListItem.TimerHasError">icons/pvr/PVR-HasTimerScheduleError.png</value>
		<value condition="ListItem.HasTimer + ListItem.TimerHasError">icons/pvr/PVR-HasTimerError.png</value>
		<value condition="ListItem.HasTimerSchedule + ListItem.TimerHasConflict">icons/pvr/PVR-HasTimerScheduleConflict.png</value>
		<value condition="ListItem.HasTimer + ListItem.TimerHasConflict">icons/pvr/PVR-HasTimerConflict.png</value>
		<value condition="ListItem.HasRecording">icons/pvr/PVR-HasRecording.png</value>
		<value condition="ListItem.HasTimerSchedule + !ListItem.TimerIsActive">icons/pvr/PVR-HasTimerScheduleDisabled.png</value>
		<value condition="ListItem.HasTimer + !ListItem.TimerIsActive">icons/pvr/PVR-HasTimerDisabled.png</value>
		<value condition="ListItem.HasTimerSchedule">icons/pvr/PVR-HasTimerSchedule.png</value>
		<value condition="ListItem.HasTimer">icons/pvr/PVR-HasTimer.png</value>
	</variable>
	<variable name="VideoHWDecoder">
		<value condition="Player.Process(videohwdecoder)">$LOCALIZE[40028]</value>
		<value>$LOCALIZE[40029]</value>
	</variable>
	<variable name="AddonNewsVar">
		<value condition="!String.IsEmpty(ListItem.AddonNews)">$LOCALIZE[31136]</value>
	</variable>
	<variable name="TimersSubLabel">
		<value condition="[Window.IsActive(tvtimerrules) | Window.IsActive(radiotimerrules)] + !ListItem.HasTimerSchedule">$INFO[ListItem.Timertype]</value>
		<value>$INFO[ListItem.EpisodeName]</value>
	</variable>
	<variable name="BackgroundOverlayTypeVar">
	    <value condition="String.IsEmpty(Skin.String(background_overlay))">$LOCALIZE[231]</value>
		<value condition="String.IsEqual(Skin.String(background_overlay),0)">$LOCALIZE[231]</value>
		<value>$INFO[Skin.String(background_overlay),$LOCALIZE[467] ]</value>
	</variable>
</includes>
