<?xml version="1.0" encoding="utf-8"?>
<window>
    <defaultcontrol always="true">602</defaultcontrol>
    <controls>
        <control type="button" id="22001">
            <description>background close area</description>
            <left>0</left>
            <top>0</top>
            <width>100%</width>
            <height>900</height>
            <texturefocus></texturefocus>
            <texturenofocus></texturenofocus>
            <onclick>Action(close)</onclick>
        </control>
        <control type="group">
            <top>900</top>
            <centerleft>50%</centerleft>
 			<width>1920</width>
            <visible>!Window.IsActive(osdaudiosettings) + !Window.IsActive(osdvideosettings)</visible>
            <animation effect="fade" end="100" time="200">WindowOpen</animation>
            <animation effect="fade" time="200">VisibleChange</animation>
            <animation effect="fade" start="100" end="0" time="200">WindowClose</animation>
            <control type="grouplist" id="201">
                <left>50</left>
                <top>10</top>
                <width>100%</width>
                <height>135</height>
                <align>left</align>
                <itemgap>-20</itemgap>
                <scrolltime tween="sine">200</scrolltime>
                <orientation>horizontal</orientation>
                <onup>87</onup>
                <ondown/>
                <onleft>5000</onleft>
                <onright>620</onright>
                <control type="radiobutton" id="600">
                    <include content="OSDButton">
                        <param name="texture" value="osd/fullscreen/buttons/previous.png"/>
                    </include>
                    <onclick>PlayerControl(Previous)</onclick>
                </control>
                <control type="radiobutton" id="602">
                    <textureradioonfocus colordiffuse="$VAR[SkinColorVar]">osd/fullscreen/buttons/play.png</textureradioonfocus>
                    <textureradioonnofocus>osd/fullscreen/buttons/play.png</textureradioonnofocus>
                    <textureradioofffocus colordiffuse="$VAR[SkinColorVar]">osd/fullscreen/buttons/pause.png</textureradioofffocus>
                    <textureradiooffnofocus>osd/fullscreen/buttons/pause.png</textureradiooffnofocus>
                    <texturefocus></texturefocus>
                    <width>125</width>
                    <animation center="62,62" effect="zoom" end="100" reversible="false" start="95" time="200" tween="sine">Focus</animation>
                    <height>123</height>
                    <radiowidth>80</radiowidth>
                    <radioheight>80</radioheight>
                    <font></font>
                    <texturenofocus></texturenofocus>
                    <selected>Player.Paused</selected>
                    <onclick>PlayerControl(Play)</onclick>
                </control>
                <control type="radiobutton" id="603">
                    <include content="OSDButton">
                        <param name="texture" value="osd/fullscreen/buttons/stop.png"/>
                    </include>
                    <onclick>PlayerControl(Stop)</onclick>
                </control>
                <control type="radiobutton" id="605">
                    <include content="OSDButton">
                        <param name="texture" value="osd/fullscreen/buttons/next.png"/>
                    </include>
                    <onclick>PlayerControl(Next)</onclick>
                    <visible>Integer.IsGreater(Playlist.Length(music),1)</visible>
                </control>
            </control>
            <control type="grouplist" id="202">
                <left>50</left>
                <top>10</top>
                <width>1820</width>
                <height>135</height>
                <align>right</align>
                <itemgap>-20</itemgap>
                <scrolltime tween="sine">200</scrolltime>
                <orientation>horizontal</orientation>
                <onup>87</onup>
                <ondown/>
                <onleft>605</onleft>
                <onright>600</onright>
                <control type="radiobutton" id="620">
                    <include content="OSDButton">
                        <param name="texture" value="osd/fullscreen/buttons/rating.png"/>
                    </include>
                    <onclick>SetRating</onclick>
                </control>
                <control type="radiobutton" id="621">
                    <include content="OSDButton">
                        <param name="texture" value="osd/fullscreen/buttons/playlist.png"/>
                    </include>
                    <onclick>Close</onclick>
                    <onclick>ActivateWindow(musicplaylist)</onclick>
                </control>
                <control type="group" id="699">
                    <width>125</width>
                    <height>125</height>
                    <visible>!MusicPlayer.Content(LiveTV)</visible>
                    <control type="button" id="704">
                        <left>0</left>
                        <top>0</top>
                        <width>74</width>
                        <height>74</height>
                        <label></label>
                        <font></font>
                        <texturefocus></texturefocus>
                        <texturenofocus></texturenofocus>
                        <onleft>621</onleft>
                        <onright>607</onright>
                        <onup>1000</onup>
                        <ondown>1000</ondown>
                        <onclick>PlayerControl(Repeat)</onclick>
                    </control>
                    <control type="image">
                        <left>40</left>
                        <top>25</top>
                        <width>74</width>
                        <height>74</height>
                        <animation center="37,37" effect="zoom" end="100" reversible="false" start="95" time="480" tween="back" condition="Control.HasFocus(704)">Conditional</animation>
                        <texture colordiffuse="$VAR[RepeatButtonColordiffuseVar]">$VAR[PlayerControlsRepeatImageVar]</texture>
                    </control>
                </control>
                <control type="radiobutton" id="607">
                    <textureradioonfocus colordiffuse="$VAR[SkinColorVar]">osd/fullscreen/buttons/random-on.png</textureradioonfocus>
                    <textureradioonnofocus>osd/fullscreen/buttons/random-on.png</textureradioonnofocus>
                    <textureradioofffocus colordiffuse="$VAR[SkinColorVar]">osd/fullscreen/buttons/random-off.png</textureradioofffocus>
                    <textureradiooffnofocus>osd/fullscreen/buttons/random-off.png</textureradiooffnofocus>
                    <textureradioondisabled colordiffuse="disabled">osd/fullscreen/buttons/random-on.png</textureradioondisabled>
                    <textureradiooffdisabled colordiffuse="disabled">osd/fullscreen/buttons/random-off.png</textureradiooffdisabled>
                    <texturefocus></texturefocus>
                    <width>125</width>
                    <height>123</height>
                    <radiowidth>74</radiowidth>
                    <radioheight>74</radioheight>
                    <font></font>
                    <texturenofocus></texturenofocus>
                    <radioposx>0</radioposx>
                    <radioposy>0</radioposy>
                    <label></label>
                    <animation center="62,62" effect="zoom" end="100" reversible="false" start="95" time="480" tween="back">Focus</animation>
                    <selected>Playlist.IsRandom</selected>
                    <visible>!MusicPlayer.Content(LiveTV)</visible>
                    <onclick>PlayerControl(Random)</onclick>
                </control>
                <control type="radiobutton" id="703">
                    <include content="OSDButton">
                        <param name="texture" value="osd/fullscreen/buttons/lyrics.png"/>
                    </include>
                    <onclick>Close</onclick>
                    <onclick condition="!String.IsEmpty(Skin.String(LyricScript_Path))">RunScript($INFO[Skin.String(LyricScript_Path)])</onclick>
                    <onclick condition="String.IsEmpty(Skin.String(LyricScript_Path))">Skin.SetAddon(LyricScript_Path,xbmc.python.lyrics)</onclick>
                    <onclick condition="String.IsEmpty(Skin.String(LyricScript_Path))">Close</onclick>
                    <onclick condition="String.IsEmpty(Skin.String(LyricScript_Path))">RunScript($INFO[Skin.String(LyricScript_Path)])</onclick>
                </control>
                <control type="radiobutton" id="5000">
                    <include content="OSDButton">
                        <param name="texture" value="osd/fullscreen/buttons/settings.png"/>
                    </include>
                    <onclick>ActivateWindow(1105)</onclick>
                </control>
            </control>
            <control type="label">
                <left>30</left>
                <top>40</top>
                <width>1858</width>
                <height>75</height>
                <align>center</align>
                <aligny>bottom</aligny>
                <label>$INFO[Player.Time]$INFO[Player.Duration, / ]</label>
                <font>font30</font>
                <shadowcolor>black</shadowcolor>
                <textcolor>white</textcolor>
            </control>
            <control type="label">
 				<left>30</left>
 				<top>96</top>
 				<width>1858</width>
 				<height>45</height>
				<align>center</align>
				<aligny>bottom</aligny>
 				<label>$VAR[SeekLabel]</label>
 				<shadowcolor>black</shadowcolor>
 				<textcolor>$VAR[SkinColorVar]</textcolor>
 			</control>
            <control type="label">
                <right>30</right>
                <top>-90</top>
                <textoffsetx>20</textoffsetx>
                <aligny>center</aligny>
                <align>right</align>
                <width>1858</width>
                <height>60</height>
                <label>$VAR[MusicOSDHelpTextVar]</label>
            </control>
            <control type="button" id="87">
                <include>HiddenObject</include>
                <onup condition="Player.Forwarding | Player.Rewinding">PlayerControl(Play)</onup>
                <onup>201</onup>
                <ondown condition="Player.Forwarding | Player.Rewinding">PlayerControl(Play)</ondown>
                <ondown>201</ondown>
                <onright condition="!Player.Forwarding32x">PlayerControl(Forward)</onright>
                <onleft condition="!Player.Rewinding32x">PlayerControl(Rewind)</onleft>
                <visible>Player.SeekEnabled</visible>
                <onclick condition="Player.Forwarding | Player.Rewinding">PlayerControl(Play)</onclick>
            </control>
            <control type="slider">
                <left>30</left>
                <top>-30</top>
                <width>1858</width>
                <height>30</height>
                <onup>8010</onup>
                <ondown>650</ondown>
                <texturesliderbar colordiffuse="00FFFFFF">osd/progress/nub_leftright.png</texturesliderbar>
                <textureslidernib>osd/progress/nub_leftright.png</textureslidernib>
                <textureslidernibfocus colordiffuse="$VAR[SkinColorVar]">osd/progress/nub_leftright.png</textureslidernibfocus>
                <info>Player.Progress</info>
                <action>seek</action>
                <visible>!Control.HasFocus(87)</visible>
            </control>
            <control type="slider">
                <left>30</left>
                <top>-30</top>
                <width>1858</width>
                <height>30</height>
                <onup>8010</onup>
                <ondown>650</ondown>
                <texturesliderbar colordiffuse="00FFFFFF">osd/progress/nub_leftright.png</texturesliderbar>
                <textureslidernib colordiffuse="$VAR[SkinColorVar]">osd/progress/nub_leftright.png</textureslidernib>
                <textureslidernibfocus colordiffuse="$VAR[SkinColorVar]">osd/progress/nub_leftright.png</textureslidernibfocus>
                <info>Player.Progress</info>
                <action>seek</action>
                <visible>Control.HasFocus(87)</visible>
            </control>
        </control>
    </controls>
</window>