<?xml version="1.0" encoding="UTF-8"?>
<window>
	<defaultcontrol />
	<zorder>3</zorder>
	<onload condition="Library.IsScanningVideo + Skin.HasSetting(enable_updateartworks)">SetProperty(UpdateArt,1)</onload>
    	<onunload condition="!String.IsEmpty(Window.Property(UpdateArt)) + Skin.HasSetting(enable_updateartworks)">XBMC.RunScript(script.artwork.downloader,mode=custom,silent=true,clearlogo,clearart,thumb,banner,tvthumb,seasonbanner,seasonthumb,seasonposter,discart)</onunload>
        <onunload condition="!String.IsEmpty(Window.Property(UpdateArt)) + Skin.HasSetting(enable_updateartworks)">ClearProperty(UpdateArt)</onunload>
	<animation effect="fade" start="0" end="100" time="300">WindowOpen</animation>
	<animation effect="fade" start="100" end="0" time="200">WindowClose</animation>
	<controls>
		<control type="group">
			<visible>!Window.IsVisible(Startup.xml)</visible>
			<depth>DepthBars</depth>
			<left>1830</left>
			<top>0</top>
			<animation effect="slide" end="0,-80" time="150" condition="Window.IsVisible(FullscreenVideo)">conditional</animation>
			<control type="image">
				<left>-4</left>
				<top>-11</top>
				<width>100</width>
				<height>100</height>
				<texture colordiffuse="ffffffff">dialogs/extendedprogress/loading-back.png</texture>
			</control>
			<control type="group">
				<visible>!Window.IsActive(volumebar)</visible>
				<animation effect="fade" time="200">VisibleChange</animation>
				<control type="image">
					<left>-4</left>
					<top>-11</top>
					<width>100</width>
					<height>100</height>
					<texture colordiffuse="$VAR[SkinColorVar]">dialogs/volume/progress/p$INFO[Control.GetLabel(32)].png</texture>
				</control>
				<control type="image">
					<left>-4</left>
					<top>-11</top>
					<width>100</width>
					<height>100</height>
					<texture colordiffuse="$VAR[SkinColorVar]">dialogs/extendedprogress/loading.png</texture>
					<animation effect="rotate" center="auto" start="360" end="0" time="1500" loop="true" condition="true">Conditional</animation>
				</control>
			</control>
			<control type="grouplist">
				<left>-800</left>
				<top>7</top>
				<width>800</width>
				<height>120</height>
				<align>right</align>
				<orientation>horizontal</orientation>
				<control type="label" id="30">
					<description>Header label</description>
					<left>0</left>
					<top>0</top>
					<width min="0" max="680">auto</width>
					<height>120</height>
					<font>font12</font>
				</control>
				<control type="label">
					<description>Header label</description>
					<left>0</left>
					<top>0</top>
					<width min="0" max="120">auto</width>
					<height>120</height>
					<font>font12</font>
					<label>$INFO[Control.GetLabel(32),: ,%]</label>
				</control>
			</control>
			<control type="label" id="31">
				<description>Title label</description>
				<left>-750</left>
				<top>33</top>
				<width>750</width>
				<height>120</height>
				<font>font12</font>
				<textcolor>80FFFFFF</textcolor>
				<align>right</align>
			</control>
			<control type="progress" id="32">
				<left>3000</left>
				<description>progress control</description>
				<height>15</height>
			</control>
		</control>
	</controls>
</window>
