<?xml version="1.0" encoding="UTF-8"?>
<window>
        <onload>RunScript(script.skinshortcuts,type=buildxml&amp;mainmenuID=9000&amp;group=mainmenu|videos|movie|tvshow|musicvideo|music|livetv|radio|pictures|addons|weather|powermenu)</onload>
        <onload condition="Skin.HasSetting(Skin_EnableAnimatedPosters)">Skin.SetBool(SkinHelper.EnableAnimatedPosters)</onload>
	<!--<menucontrol>9000</menucontrol>-->
	<defaultcontrol>9000</defaultcontrol>
<!-- 	<onload condition="ControlGroup(700).HasFocus">SetFocus(9000,0)</onload>
 -->	<backgroundcolor>background</backgroundcolor>
	<controls>
		<control type="button" id="20000">
			<include>HiddenObject</include>
			<animation effect="fade" time="300" start="100" end="0">Focus</animation>
			<onfocus>SetFocus(2000)</onfocus>
			<onclick>noop</onclick>
			<visible allowhiddenfocus="true">Control.HasFocus(20000)</visible>
		</control>
		<control type="button" id="20001">
			<include>HiddenObject</include>
			<animation effect="fade" time="300" start="100" end="0">Focus</animation>
			<onfocus>SetFocus(2000)</onfocus>
			<onclick>noop</onclick>
			<visible allowhiddenfocus="true">Control.HasFocus(20001)</visible>
		</control>
		<include>DefaultBackground</include>
		<control type="multiimage">
			<depth>DepthBackground</depth>
			<include>FullScreenDimensions</include>
			<aspectratio>scale</aspectratio>
			<fadetime>600</fadetime>
			<animation effect="zoom" center="auto" end="102,102" time="0" condition="Integer.IsGreater(System.StereoscopicMode,0)">conditional</animation>
			<animation effect="fade" start="0" end="100" time="400">WindowOpen</animation>
			<animation effect="fade" start="100" end="0" time="300">WindowClose</animation>
			<animation effect="fade" time="400">VisibleChange</animation>
			<imagepath background="true" colordiffuse="$VAR[Background_Opacity]">$VAR[HomeFanartVar]</imagepath>
			<visible>![Player.HasVideo + Skin.HasSetting(background_showvideo)]</visible>
		</control>
		<control type="group">
 			<animation effect="fade" start="100" end="0" time="200" tween="sine" condition="$EXP[infodialog_active]">Conditional</animation>
		<control type="group" id="2000">
			<animation type="Conditional" condition="Control.IsVisible(20000)" reversible="false">
				<effect type="slide" end="0,20" time="60" tween="sine" />
				<effect type="slide" end="0,-20" time="180" tween="sine" delay="80" />
			</animation>
			<animation type="Conditional" condition="Control.IsVisible(20001)" reversible="false">
				<effect type="slide" end="0,-20" time="60" tween="sine" />
				<effect type="slide" end="0,20" time="180" tween="sine" delay="80" />
			</animation>
			<top>78</top>
			<left>20</left>
			<include>OpenClose_Right</include>
			<control type="group" id="5000">
				<include>Visible_Right_Delayed</include>
				<control type="button" id="5888">
					<width>1</width>
					<height>1</height>
					<label>-</label>
					<onfocus>SetFocus(5001)</onfocus>
					<onfocus condition="Integer.IsGreater(Container(5200).NumItems,0)">SetFocus(5200)</onfocus>
					<onfocus condition="Integer.IsGreater(Container(5100).NumItems,0)">SetFocus(5100)</onfocus>
					<onclick>noop</onclick>
					<texturefocus>-</texturefocus>
					<texturenofocus>-</texturenofocus>
				</control>
				<control type="grouplist" id="5001">
					<orientation>vertical</orientation>
					<height>922</height>
					<scrolltime tween="cubic" easing="out">500</scrolltime>
					<itemgap>-2</itemgap>
                                        <control type="group">
			                        <height>110</height>
			                        <animation effect="slide" end="110,0" time="0" condition="!Integer.IsGreater(Container(5900).NumItems,0)">conditional</animation>
			                        <animation effect="slide" end="110,0" time="0" condition="!Integer.IsGreater(Container(5900).NumItems,1)">conditional</animation>
			                        <animation effect="slide" end="110,0" time="0" condition="!Integer.IsGreater(Container(5900).NumItems,2)">conditional</animation>
			                        <animation effect="slide" end="110,0" time="0" condition="!Integer.IsGreater(Container(5900).NumItems,3)">conditional</animation>
			                        <animation effect="slide" end="110,0" time="0" condition="!Integer.IsGreater(Container(5900).NumItems,4)">conditional</animation>
			                        <animation effect="slide" end="110,0" time="0" condition="!Integer.IsGreater(Container(5900).NumItems,5)">conditional</animation>
			                        <animation effect="slide" end="110,0" time="0" condition="!Integer.IsGreater(Container(5900).NumItems,6)">conditional</animation>
			                        <animation effect="slide" end="110,0" time="0" condition="!Integer.IsGreater(Container(5900).NumItems,7)">conditional</animation>
			                        <control type="label">
				                        <left>235</left>
				                        <top>53</top>
				                        <width>700</width>
				                        <height>40</height>
				                        <label>$INFO[Container(5900).Listitem.Label]</label>
				                        <shadowcolor>text_shadow</shadowcolor>
				                        <font>font20_title</font>
				                        <align>right</align>
				                        <animation effect="fade" time="200">VisibleChange</animation>
				                        <visible>Control.HasFocus(5900)</visible>
			                        </control>
			                        <control type="panel" id="5900">
			                        	<visible>!Control.HasFocus(801) + !Control.HasFocus(802) + !Control.HasFocus(803) + !Control.HasFocus(804) + !Control.HasFocus(900)</visible>
				                        <orientation>horizontal</orientation>
				                        <onleft>9000</onleft>
				                        <left>935</left>
				                        <top>22</top>
				                        <height>110</height>
				                        <width>880</width>
				                        <onup>20000</onup>
				                        <ondown condition="!String.IsEqual(Container(9000).ListItem.Property(widget),AddonsWidget) + !String.IsEqual(Container(9000).ListItem.Property(widget),WeatherWidget) + !String.IsEqual(Container(9000).ListItem.Property(widget),SourcesWidget) + !String.IsEqual(Container(9000).ListItem.Property(widget),LiveTVWidget) + !String.IsEqual(Container(9000).ListItem.Property(widget),RadioWidget) + !String.IsEqual(Container(9000).ListItem.Property(widget),TVShowsWidget) + !String.IsEqual(Container(9000).ListItem.Property(widget),MusicWidget)  + !String.IsEqual(Container(9000).ListItem.Property(widget),MusicVideoWidget) + !String.IsEqual(Container(9000).ListItem.Property(widget),MoviesWidget)">5100</ondown>
				                        <ondown condition="String.IsEqual(Container(9000).ListItem.Property(widget),AddonsWidget)">8100</ondown>
				                        <ondown condition="String.IsEqual(Container(9000).ListItem.Property(widget),WeatherWidget)">15001</ondown>
				                        <ondown condition="String.IsEqual(Container(9000).ListItem.Property(widget),SourcesWidget)">11100</ondown>
				                        <ondown condition="String.IsEqual(Container(9000).ListItem.Property(widget),LiveTVWidget)">12200</ondown>
				                        <ondown condition="String.IsEqual(Container(9000).ListItem.Property(widget),RadioWidget)">13200</ondown>
				                        <ondown condition="String.IsEqual(Container(9000).ListItem.Property(widget),TVShowsWidget)">6100</ondown>
				                        <ondown condition="String.IsEqual(Container(9000).ListItem.Property(widget),MusicWidget)">7100</ondown>
				                        <ondown condition="String.IsEqual(Container(9000).ListItem.Property(widget),MusicVideoWidget)">10100</ondown>
				                        <ondown condition="String.IsEqual(Container(9000).ListItem.Property(widget),MoviesWidget)">17100</ondown>
				                        <itemlayout width="110" height="120">
					                        <control type="image">
						                        <width>130</width>
						                        <height>110</height>
						                        <align>center</align>
						                        <aligny>center</aligny>
						                        <texture border="40">buttons/button-nofo.png</texture>
					                        </control>
					                        <control type="image">
						                        <left>20</left>
						                        <top>10</top>
						                        <width>90</width>
						                        <height>90</height>
						                        <align>center</align>
						                        <aligny>center</aligny>
						                        <texture>$INFO[ListItem.Icon]</texture>
					                        </control>
				                        </itemlayout>
				                        <focusedlayout width="110" height="120">
					                        <control type="image">
						                        <width>130</width>
						                        <height>110</height>
						                        <align>center</align>
						                        <aligny>center</aligny>
						                        <texture border="40" colordiffuse="$VAR[SkinColorVar]">buttons/button-fo.png</texture>
					                        </control>
					                        <control type="image">
						                        <left>20</left>
						                        <top>10</top>
						                        <width>90</width>
						                        <height>90</height>
						                        <align>center</align>
						                        <aligny>center</aligny>
						                        <texture>$INFO[ListItem.Icon]</texture>
					                        </control>
				                        </focusedlayout>
				                        <content>
                                              <include>skinshortcuts-submenu</include>
				                        </content>
			                        </control>
		                        </control>
				</control>
				<control type="grouplist">
					<visible>!Control.HasFocus(801) + !Control.HasFocus(802) + !Control.HasFocus(803) + !Control.HasFocus(804) + !Control.HasFocus(900)</visible>
					<orientation>vertical</orientation>
					<height>810</height>
					<posy>115</posy>
					<scrolltime tween="cubic" easing="out">500</scrolltime>
					<include content="WidgetListPosters">
						<param name="content_path" value=$INFO[Container(9000).ListItem.Property(widgetPath)] />
						<param name="widget_header" value=$INFO[Container(9000).ListItem.Property(widgetName)] />
						<param name="widget_target" value=$INFO[Container(9000).ListItem.Property(widgetType)] />
						<param name="item_image" value="$VAR[TVShowWidgetImageVar2]" />
						<param name="list_id" value="5100"/>
						<param name="onup_id" value="5900"/>
						<param name="ondown_id" value="5200"/>
						<param name="visible" value="String.IsEqual(Container(9000).ListItem.Property(WidgetStyle.1),$LOCALIZE[40020]) | String.IsEmpty(Container(9000).ListItem.Property(WidgetStyle.1))"/>	
					</include>
					<include content="WidgetListThumbs">
						<param name="content_path" value=$INFO[Container(9000).ListItem.Property(widgetPath)] />
						<param name="widget_header" value=$INFO[Container(9000).ListItem.Property(widgetName)] />
						<param name="widget_target" value=$INFO[Container(9000).ListItem.Property(widgetType)] />
						<param name="item_image" value="$VAR[TVShowWidgetImageVar]" />
						<param name="list_id" value="5100"/>
						<param name="onup_id" value="5900"/>
						<param name="ondown_id" value="5200"/>
						<param name="visible" value="String.IsEqual(Container(9000).ListItem.Property(WidgetStyle.1),$LOCALIZE[40021])"/>	
					</include>
					<include content="WidgetListIcons">
						<param name="content_path" value=$INFO[Container(9000).ListItem.Property(widgetPath)] />
						<param name="widget_header" value=$INFO[Container(9000).ListItem.Property(widgetName)] />
						<param name="widget_target" value=$INFO[Container(9000).ListItem.Property(widgetType)] />
						<param name="list_id" value="5100"/>
						<param name="onup_id" value="5900"/>
						<param name="ondown_id" value="5200"/>
						<param name="visible" value="String.IsEqual(Container(9000).ListItem.Property(WidgetStyle.1),$LOCALIZE[40022])"/>	
					</include>
					<include content="WidgetListPosters">
						<param name="content_path" value=$INFO[Container(9000).ListItem.Property(widgetPath.2)] />
						<param name="widget_header" value=$INFO[Container(9000).ListItem.Property(widgetName.2)] />
						<param name="widget_target" value=$INFO[Container(9000).ListItem.Property(widgetType.2)] />
						<param name="item_image" value="$VAR[TVShowWidgetImageVar2]" />
						<param name="list_id" value="5200"/>
						<param name="onup_id" value="5100"/>
						<param name="ondown_id" value="5300"/>
						<param name="visible" value="String.IsEqual(Container(9000).ListItem.Property(WidgetStyle.2),$LOCALIZE[40020]) | String.IsEmpty(Container(9000).ListItem.Property(WidgetStyle.2))"/>
					</include>
					<include content="WidgetListThumbs">
						<param name="content_path" value=$INFO[Container(9000).ListItem.Property(widgetPath.2)] />
						<param name="widget_header" value=$INFO[Container(9000).ListItem.Property(widgetName.2)] />
						<param name="widget_target" value=$INFO[Container(9000).ListItem.Property(widgetType.2)] />
						<param name="item_image" value="$VAR[TVShowWidgetImageVar]" />
						<param name="list_id" value="5200"/>
						<param name="onup_id" value="5100"/>
						<param name="ondown_id" value="5300"/>
						<param name="visible" value="String.IsEqual(Container(9000).ListItem.Property(WidgetStyle.2),$LOCALIZE[40021])"/>	
					</include>
					<include content="WidgetListIcons">
						<param name="content_path" value=$INFO[Container(9000).ListItem.Property(widgetPath.2)] />
						<param name="widget_header" value=$INFO[Container(9000).ListItem.Property(widgetName.2)] />
						<param name="widget_target" value=$INFO[Container(9000).ListItem.Property(widgetType.2)] />
						<param name="list_id" value="5200"/>
						<param name="onup_id" value="5100"/>
						<param name="ondown_id" value="5300"/>
						<param name="visible" value="String.IsEqual(Container(9000).ListItem.Property(WidgetStyle.2),$LOCALIZE[40022])"/>	
					</include>
					<include content="WidgetListPosters">
						<param name="content_path" value=$INFO[Container(9000).ListItem.Property(widgetPath.3)] />
						<param name="widget_header" value=$INFO[Container(9000).ListItem.Property(widgetName.3)] />
						<param name="widget_target" value=$INFO[Container(9000).ListItem.Property(widgetType.3)] />
						<param name="item_image" value="$VAR[TVShowWidgetImageVar2]" />
						<param name="list_id" value="5300"/>
						<param name="onup_id" value="5200"/>
						<param name="ondown_id" value="5400"/>
						<param name="visible" value="String.IsEqual(Container(9000).ListItem.Property(WidgetStyle.3),$LOCALIZE[40020]) | String.IsEmpty(Container(9000).ListItem.Property(WidgetStyle.3))"/>
					</include>
					<include content="WidgetListThumbs">
						<param name="content_path" value=$INFO[Container(9000).ListItem.Property(widgetPath.3)] />
						<param name="widget_header" value=$INFO[Container(9000).ListItem.Property(widgetName.3)] />
						<param name="widget_target" value=$INFO[Container(9000).ListItem.Property(widgetType.3)] />
						<param name="item_image" value="$VAR[TVShowWidgetImageVar]" />
						<param name="list_id" value="5300"/>
						<param name="onup_id" value="5200"/>
						<param name="ondown_id" value="5400"/>
						<param name="visible" value="String.IsEqual(Container(9000).ListItem.Property(WidgetStyle.3),$LOCALIZE[40021])"/>	
					</include>
					<include content="WidgetListIcons">
						<param name="content_path" value=$INFO[Container(9000).ListItem.Property(widgetPath.3)] />
						<param name="widget_header" value=$INFO[Container(9000).ListItem.Property(widgetName.3)] />
						<param name="widget_target" value=$INFO[Container(9000).ListItem.Property(widgetType.3)] />
						<param name="list_id" value="5300"/>
						<param name="onup_id" value="5200"/>
						<param name="ondown_id" value="5400"/>
						<param name="visible" value="String.IsEqual(Container(9000).ListItem.Property(WidgetStyle.3),$LOCALIZE[40022])"/>	
					</include>
					<include content="WidgetListPosters">
						<param name="content_path" value=$INFO[Container(9000).ListItem.Property(widgetPath.4)] />
						<param name="widget_header" value=$INFO[Container(9000).ListItem.Property(widgetName.4)] />
						<param name="widget_target" value=$INFO[Container(9000).ListItem.Property(widgetType.4)] />
						<param name="item_image" value="$VAR[TVShowWidgetImageVar2]" />
						<param name="list_id" value="5400"/>
						<param name="onup_id" value="5300"/>
						<param name="ondown_id" value="20001"/>
						<param name="visible" value="String.IsEqual(Container(9000).ListItem.Property(WidgetStyle.4),$LOCALIZE[40020]) | String.IsEmpty(Container(9000).ListItem.Property(WidgetStyle.4))"/>
					</include>
					<include content="WidgetListThumbs">
						<param name="content_path" value=$INFO[Container(9000).ListItem.Property(widgetPath.4)] />
						<param name="widget_header" value=$INFO[Container(9000).ListItem.Property(widgetName.4)] />
						<param name="widget_target" value=$INFO[Container(9000).ListItem.Property(widgetType.4)] />
						<param name="item_image" value="$VAR[TVShowWidgetImageVar]" />
						<param name="list_id" value="5400"/>
						<param name="onup_id" value="5300"/>
						<param name="ondown_id" value="20001"/>
						<param name="visible" value="String.IsEqual(Container(9000).ListItem.Property(WidgetStyle.4),$LOCALIZE[40021])"/>	
					</include>
					<include content="WidgetListIcons">
						<param name="content_path" value=$INFO[Container(9000).ListItem.Property(widgetPath.4)] />
						<param name="widget_header" value=$INFO[Container(9000).ListItem.Property(widgetName.4)] />
						<param name="widget_target" value=$INFO[Container(9000).ListItem.Property(widgetType.4)] />
						<param name="list_id" value="5400"/>
						<param name="onup_id" value="5300"/>
						<param name="ondown_id" value="20001"/>
						<param name="visible" value="String.IsEqual(Container(9000).ListItem.Property(WidgetStyle.4),$LOCALIZE[40022])"/>	
					</include>
					<include content="ImageWidgetHeader">
						<param name="widget_header" value="$LOCALIZE[342]" />
						<param name="visible" value="!Library.HasContent(movies)"/>
					</include>
					<include content="ImageWidget">
						<param name="image_path" value="special://skin/extras/home-images/movies.jpg"/>
						<param name="text_label" value="$LOCALIZE[31104]" />
						<param name="button_label" value="$LOCALIZE[31110]" />
						<param name="button_onclick" value="ActivateWindow(videos,files,return)"/>
						<param name="button_id" value="5500"/>
						<param name="visible" value="!Library.HasContent(movies)"/>
						<param name="button2_onclick" value="Skin.SetBool(HomeMenuNoMovieButton)"/>
					</include>
				</control>
			</control>
			<control type="group" id="17000">
				<visible>String.IsEqual(Container(9000).ListItem.Property(widget),MoviesWidget)</visible>
				<visible>!Control.HasFocus(801) + !Control.HasFocus(802) + !Control.HasFocus(803) + !Control.HasFocus(804) + !Control.HasFocus(900)</visible>
				<include>Visible_Right_Delayed</include>
				<control type="button" id="17888">
					<width>1</width>
					<height>1</height>
					<label>-</label>
					<onfocus>SetFocus(17001)</onfocus>
					<onfocus condition="Integer.IsGreater(Container(17200).NumItems,0)">SetFocus(17200)</onfocus>
					<onfocus condition="Integer.IsGreater(Container(17100).NumItems,0)">SetFocus(17100)</onfocus>
					<onclick>noop</onclick>
					<texturefocus>-</texturefocus>
					<texturenofocus>-</texturenofocus>
				</control>
				<control type="grouplist" id="17001">
					<orientation>vertical</orientation>
					<height>810</height>
					<posy>115</posy>
					<scrolltime tween="cubic" easing="out">500</scrolltime>
					<itemgap>-2</itemgap>
					<include content="WidgetListMovies">
						<param name="content_path" value="special://skin/playlists/recent_unwatched_movies.xsp"/>
						<param name="widget_header" value="$LOCALIZE[40105]"/>
						<param name="widget_target" value="videos"/>
						<param name="list_id" value="17100"/>
						<param name="onup_id" value="5900"/>
						<param name="ondown_id" value="17200"/>
						<param name="visible" value="Skin.HasSetting(HideWatchedMovies)"/>
					</include>
					<include content="WidgetListMovies">
						<param name="content_path" value="videodb://recentlyaddedmovies/"/>
						<param name="widget_header" value="$LOCALIZE[20386]"/>
						<param name="widget_target" value="videos"/>
						<param name="list_id" value="17100"/>
						<param name="onup_id" value="5900"/>
						<param name="ondown_id" value="17200"/>
						<param name="visible" value="!Skin.HasSetting(HideWatchedMovies)"/>
					</include>
					<include content="WidgetListMovies">
						<param name="content_path" value="special://skin/playlists/inprogress_movies.xsp"/>
						<param name="widget_header" value="$LOCALIZE[31010]"/>
						<param name="widget_target" value="videos"/>
						<param name="list_id" value="17200"/>
						<param name="onup_id" value="17100"/>
						<param name="ondown_id" value="17300"/>
						<param name="visible" value="True"/>
					</include>
					<include content="WidgetListMovies">
						<param name="content_path" value="special://skin/playlists/unwatched_movies.xsp"/>
						<param name="widget_header" value="$LOCALIZE[31007]"/>
						<param name="widget_target" value="videos"/>
						<param name="list_id" value="17300"/>
						<param name="onup_id" value="17200"/>
						<param name="ondown_id" value="17400"/>
						<param name="visible" value="True"/>
					</include>
					<include content="WidgetListMovies">
						<param name="content_path" value="special://skin/playlists/random_movies.xsp"/>
						<param name="widget_header" value="$LOCALIZE[31006]"/>
						<param name="widget_target" value="videos"/>
						<param name="list_id" value="17400"/>
						<param name="onup_id" value="17300"/>
						<param name="ondown_id" value="20001"/>
						<param name="visible" value="True"/>
					</include>
					<include content="ImageWidgetHeader">
						<param name="widget_header" value="$LOCALIZE[342]" />
						<param name="visible" value="!Library.HasContent(movies)"/>
					</include>
					<include content="ImageWidget">
						<param name="image_path" value="special://skin/extras/home-images/movies.jpg"/>
						<param name="text_label" value="$LOCALIZE[31104]" />
						<param name="button_label" value="$LOCALIZE[31110]" />
						<param name="button_onclick" value="ActivateWindow(videos,files,return)"/>
						<param name="button_id" value="17500"/>
						<param name="visible" value="!Library.HasContent(movies)"/>
						<param name="button2_onclick" value="Skin.SetBool(HomeMenuNoMovieButton)"/>
					</include>
				</control>
			</control>
			<control type="group" id="6000">
				<visible>String.IsEqual(Container(9000).ListItem.Property(widget),TVShowsWidget)</visible>
				<visible>!Control.HasFocus(801) + !Control.HasFocus(802) + !Control.HasFocus(803) + !Control.HasFocus(804) + !Control.HasFocus(900)</visible>
				<include>Visible_Right_Delayed</include>
				<control type="button" id="6888">
					<width>1</width>
					<height>1</height>
					<label>-</label>
					<onfocus>SetFocus(6001)</onfocus>
					<onfocus condition="Integer.IsGreater(Container(6200).NumItems,0)">SetFocus(6200)</onfocus>
					<onfocus condition="Integer.IsGreater(Container(6100).NumItems,0)">SetFocus(6100)</onfocus>
					<onclick>noop</onclick>
					<texturefocus>-</texturefocus>
					<texturenofocus>-</texturenofocus>
				</control>
				<control type="grouplist" id="6001">
					<orientation>vertical</orientation>
					<height>810</height>
					<posy>115</posy>
					<scrolltime tween="cubic" easing="out">500</scrolltime>
					<include content="WidgetListEpisodes">
						<param name="content_path" value="special://skin/playlists/recent_unwatched_episodes.xsp"/>
						<param name="widget_header" value="$LOCALIZE[40104]"/>
						<param name="item_image" value="$VAR[EpisodesThumbsVar]" />
						<param name="widget_target" value="videos"/>
						<param name="textcolor" value="$VAR[SkinColorVar]" />
						<param name="second_label" value="$INFO[ListItem.Season,,x]$INFO[ListItem.Episode] [COLOR white]$INFO[ListItem.Title][/COLOR]" />
						<param name="list_id" value="6100"/>
						<param name="onup_id" value="5900"/>
						<param name="ondown_id" value="6200"/>
						<param name="visible" value="Skin.HasSetting(HideWatchedEpisodes)"/>
					</include>
					<include content="WidgetListEpisodes">
						<param name="content_path" value="videodb://recentlyaddedepisodes/"/>
						<param name="widget_header" value="$LOCALIZE[20387]"/>
						<param name="item_image" value="$VAR[EpisodesThumbsVar]" />
						<param name="widget_target" value="videos"/>
						<param name="textcolor" value="$VAR[SkinColorVar]" />
						<param name="second_label" value="$INFO[ListItem.Season,,x]$INFO[ListItem.Episode] [COLOR white]$INFO[ListItem.Title][/COLOR]" />
						<param name="list_id" value="6100"/>
						<param name="onup_id" value="5900"/>
						<param name="ondown_id" value="6200"/>
						<param name="visible" value="!Skin.HasSetting(HideWatchedEpisodes)"/>
					</include>
					<include content="WidgetListEpisodes">
						<param name="content_path" value="videodb://inprogresstvshows"/>
						<param name="sortby" value="lastplayed"/>
						<param name="sortorder" value="descending"/>
						<param name="widget_header" value="$LOCALIZE[626]"/>
						<param name="item_image" value="$VAR[TVShowWidgetImageVar]" />
						<param name="widget_target" value="videos"/>
						<param name="second_label" value="$LOCALIZE[16102] : $INFO[ListItem.Property(WatchedEpisodes)]$INFO[ListItem.Property(TotalEpisodes), / ]" />
						<param name="list_id" value="6200"/>
						<param name="onup_id" value="6100"/>
						<param name="ondown_id" value="6300"/>
						<param name="visible" value="True"/>
					</include>
					<include content="WidgetListEpisodes">
						<param name="content_path" value="special://skin/playlists/unwatched_tvshows.xsp"/>
						<param name="widget_header" value="$LOCALIZE[31122]"/>
						<param name="item_image" value="$VAR[TVShowWidgetImageVar]" />
						<param name="widget_target" value="videos"/>
						<param name="second_label" value="$LOCALIZE[20360] : $INFO[ListItem.Property(TotalEpisodes)]" />
						<param name="list_id" value="6300"/>
						<param name="onup_id" value="6200"/>
						<param name="ondown_id" value="20001"/>
						<param name="visible" value="True"/>
					</include>
					<include content="ImageWidgetHeader">
						<param name="widget_header" value="$LOCALIZE[20343]" />
						<param name="visible" value="!Library.HasContent(tvshows)"/>
					</include>
					<include content="ImageWidget">
						<param name="image_path" value="special://skin/extras/home-images/livetv.jpg"/>
						<param name="text_label" value="$LOCALIZE[31104]" />
						<param name="button_label" value="$LOCALIZE[31110]" />
						<param name="button_onclick" value="ActivateWindow(videos,files,return)"/>
						<param name="button_id" value="6400"/>
						<param name="visible" value="!Library.HasContent(tvshows)"/>
						<param name="button2_onclick" value="Skin.SetBool(HomeMenuNoTVShowButton)"/>
					</include>
				</control>
			</control>
			<control type="group" id="7000">
				<visible>String.IsEqual(Container(9000).ListItem.Property(widget),MusicWidget)</visible>
				<visible>!Control.HasFocus(801) + !Control.HasFocus(802) + !Control.HasFocus(803) + !Control.HasFocus(804) + !Control.HasFocus(900)</visible>
				<include>Visible_Right_Delayed</include>
				<control type="button" id="7888">
					<width>1</width>
					<height>1</height>
					<label>-</label>
					<onfocus>SetFocus(7001)</onfocus>
					<onfocus condition="Integer.IsGreater(Container(7100).NumItems,0)">SetFocus(7100)</onfocus>
					<onclick>noop</onclick>
					<texturefocus>-</texturefocus>
					<texturenofocus>-</texturenofocus>
				</control>
				<control type="grouplist" id="7001">
					<orientation>vertical</orientation>
					<height>810</height>
					<posy>115</posy>
					<scrolltime tween="cubic" easing="out">500</scrolltime>
					<include content="WidgetListSquare">
						<param name="content_path" value="musicdb://recentlyaddedalbums/"/>
						<param name="widget_header" value="$LOCALIZE[359]"/>
						<param name="widget_target" value="music"/>
						<param name="list_id" value="7100"/>
						<param name="onup_id" value="5900"/>
						<param name="ondown_id" value="7200"/>
					</include>
					<include content="WidgetListSquare">
						<param name="content_path" value="musicdb://recentlyplayedalbums"/>
						<param name="widget_header" value="$LOCALIZE[517]"/>
						<param name="widget_target" value="music"/>
						<param name="list_id" value="7200"/>
						<param name="onup_id" value="7100"/>
						<param name="ondown_id" value="7300"/>
					</include>
					<include content="WidgetListSquare">
						<param name="content_path" value="special://skin/playlists/random_albums.xsp"/>
						<param name="widget_header" value="$LOCALIZE[31012]"/>
						<param name="widget_target" value="music"/>
						<param name="list_id" value="7300"/>
						<param name="onup_id" value="7200"/>
						<param name="ondown_id" value="7400"/>
					</include>
					<include content="WidgetListSquare">
						<param name="content_path" value="special://skin/playlists/random_artists.xsp"/>
						<param name="widget_header" value="$LOCALIZE[31013]"/>
						<param name="widget_target" value="music"/>
						<param name="list_id" value="7400"/>
						<param name="onup_id" value="7300"/>
						<param name="ondown_id" value="7500"/>
						<param name="single_label" value="$INFO[ListItem.Label]"/>
						<param name="main_label" value=""/>
						<param name="sub_label" value=""/>
					</include>
					<include content="WidgetListSquare">
						<param name="content_path" value="special://skin/playlists/unplayed_albums.xsp"/>
						<param name="widget_header" value="$LOCALIZE[31014]"/>
						<param name="widget_target" value="music"/>
						<param name="list_id" value="7500"/>
						<param name="onup_id" value="7400"/>
						<param name="ondown_id" value="7600"/>
					</include>
					<include content="WidgetListSquare">
						<param name="content_path" value="special://skin/playlists/mostplayed_albums.xsp"/>
						<param name="widget_header" value="$LOCALIZE[31011]"/>
						<param name="widget_target" value="music"/>
						<param name="list_id" value="7600"/>
						<param name="onup_id" value="7500"/>
						<param name="ondown_id" value="20001"/>
						<param name="sortby" value="playcount"/>
						<param name="sortorder" value="descending"/>
					</include>
					<include content="ImageWidget">
						<param name="image_path" value="special://skin/extras/home-images/music.jpg"/>
						<param name="text_label" value="$LOCALIZE[31104]" />
						<param name="button_label" value="$LOCALIZE[31110]" />
						<param name="button_onclick" value="ActivateWindow(music,files)"/>
						<param name="button_id" value="7600"/>
						<param name="onup_id" value="7500"/>
						<param name="visible" value="!Library.HasContent(music)"/>
						<param name="button2_onclick" value="Skin.SetBool(HomeMenuNoMusicButton)"/>
					</include>
				</control>
			</control>
			<control type="group" id="8000">
				<visible>String.IsEqual(Container(9000).ListItem.Property(widget),AddonsWidget)</visible>
				<visible>!Control.HasFocus(801) + !Control.HasFocus(802) + !Control.HasFocus(803) + !Control.HasFocus(804) + !Control.HasFocus(900)</visible>
				<include>Visible_Right_Delayed</include>
				<control type="button" id="8888">
					<width>1</width>
					<height>1</height>
					<label>-</label>
					<onfocus>SetFocus(8001)</onfocus>
					<onfocus condition="Integer.IsGreater(Container(8100).NumItems,0)">SetFocus(8100)</onfocus>
					<onclick>noop</onclick>
					<texturefocus>-</texturefocus>
					<texturenofocus>-</texturenofocus>
				</control>
				<control type="grouplist" id="8001">
					<orientation>vertical</orientation>
					<height>810</height>
					<posy>115</posy>
					<scrolltime tween="cubic" easing="out">500</scrolltime>
					<include content="WidgetListSquare">
						<param name="content_path" value="addons://sources/video/"/>
						<param name="widget_header" value="$LOCALIZE[1037]"/>
						<param name="widget_target" value="videos"/>
						<param name="sortby" value="lastused"/>
						<param name="sortorder" value="descending"/>
						<param name="list_id" value="8100"/>
						<param name="onup_id" value="5900"/>
						<param name="ondown_id" value="8200"/>
						<param name="single_label" value="$INFO[ListItem.Label]"/>
						<param name="main_label" value=""/>
						<param name="sub_label" value=""/>
					</include>
					<include content="WidgetListSquare">
						<param name="content_path" value="addons://sources/audio/"/>
						<param name="widget_header" value="$LOCALIZE[1038]"/>
						<param name="widget_target" value="music"/>
						<param name="sortby" value="lastused"/>
						<param name="sortorder" value="descending"/>
						<param name="list_id" value="8200"/>
						<param name="onup_id" value="8100"/>
						<param name="ondown_id" value="8300"/>
						<param name="single_label" value="$INFO[ListItem.Label]"/>
						<param name="main_label" value=""/>
						<param name="sub_label" value=""/>
					</include>
					<include content="WidgetListSquare">
						<param name="content_path" value="addons://sources/executable/"/>
						<param name="widget_header" value="$LOCALIZE[1043]"/>
						<param name="widget_target" value="programs"/>
						<param name="sortby" value="lastused"/>
						<param name="sortorder" value="descending"/>
						<param name="list_id" value="8300"/>
						<param name="onup_id" value="8200"/>
						<param name="ondown_id" value="8400"/>
						<param name="single_label" value="$INFO[ListItem.Label]"/>
						<param name="main_label" value=""/>
						<param name="sub_label" value=""/>
					</include>
					<include content="WidgetListSquare">
						<param name="content_path" value="$VAR[AndroidAppPathVar]"/>
						<param name="widget_header" value="$LOCALIZE[20244]"/>
						<param name="widget_target" value="programs"/>
						<param name="sortby" value="lastused"/>
						<param name="sortorder" value="descending"/>
						<param name="list_id" value="8400"/>
						<param name="onup_id" value="8300"/>
						<param name="ondown_id" value="8500"/>
						<param name="single_label" value="$INFO[ListItem.Label]"/>
						<param name="main_label" value=""/>
						<param name="sub_label" value=""/>
					</include>
					<include content="WidgetListSquare">
						<param name="content_path" value="addons://sources/image/"/>
						<param name="widget_header" value="$LOCALIZE[1039]"/>
						<param name="widget_target" value="pictures"/>
						<param name="sortby" value="lastused"/>
						<param name="sortorder" value="descending"/>
						<param name="list_id" value="8500"/>
						<param name="onup_id" value="8400"/>
						<param name="ondown_id" value="8600"/>
						<param name="single_label" value="$INFO[ListItem.Label]"/>
						<param name="main_label" value=""/>
						<param name="sub_label" value=""/>
					</include>
					<include content="ImageWidget">
						<param name="image_path" value="special://skin/extras/home-images/addons.jpg"/>
						<param name="text_label" value="$LOCALIZE[31119]" />
						<param name="button_label" value="$LOCALIZE[31118]" />
						<param name="button_onclick" value="ActivateWindow(addonbrowser)"/>
						<param name="button_id" value="8600"/>
						<param name="onup_id" value="8100"/>
						<param name="visible" value="!Integer.IsGreater(Container(8100).NumItems,0) + !Integer.IsGreater(Container(8200).NumItems,0) + !Integer.IsGreater(Container(8300).NumItems,0) + !Integer.IsGreater(Container(8400).NumItems,0) + !Integer.IsGreater(Container(8500).NumItems,0)"/>
						<param name="button2_onclick" value="Skin.SetBool(HomeMenuNoProgramsButton)"/>
					</include>
				</control>
			</control>
			<control type="group" id="11000">
				<visible>String.IsEqual(Container(9000).ListItem.Property(widget),SourcesWidget)</visible>
				<visible>!Control.HasFocus(801) + !Control.HasFocus(802) + !Control.HasFocus(803) + !Control.HasFocus(804) + !Control.HasFocus(900)</visible>
				<include>Visible_Right_Delayed</include>
				<control type="button" id="11888">
					<width>1</width>
					<height>1</height>
					<label>-</label>
					<onfocus>SetFocus(11001)</onfocus>
					<onfocus condition="Integer.IsGreater(Container(11100).NumItems,0)">SetFocus(11100)</onfocus>
					<onclick>noop</onclick>
					<texturefocus>-</texturefocus>
					<texturenofocus>-</texturenofocus>
				</control>
				<control type="grouplist" id="11001">
					<orientation>vertical</orientation>
					<height>810</height>
					<posy>115</posy>
					<scrolltime tween="cubic" easing="out">500</scrolltime>
					<include content="WidgetListText">
						<param name="content_path" value="sources://video/"/>
						<param name="widget_header" value="$LOCALIZE[40018]"/>
						<param name="widget_target" value="videos"/>
						<param name="list_id" value="11100"/>
						<param name="onup_id" value="5900"/>
						<param name="ondown_id" value="11300"/>
					</include>
					<include content="WidgetListText">
						<param name="content_path" value="sources://music/"/>
						<param name="widget_header" value="$LOCALIZE[40019]"/>
						<param name="widget_target" value="videos"/>
						<param name="list_id" value="11300"/>
						<param name="onup_id" value="11100"/>
						<param name="ondown_id" value="11200"/>
					</include>
					<include content="WidgetListText">
						<param name="content_path" value="special://videoplaylists/"/>
						<param name="widget_header" value="$LOCALIZE[136]"/>
						<param name="widget_target" value="videos"/>
						<param name="list_id" value="11200"/>
						<param name="onup_id" value="11300"/>
						<param name="ondown_id" value="20001"/>
						<param name="icon" value="DefaultPlaylist.png"/>
					</include>
					<include content="ImageWidget">
 						<param name="image_path" value="special://skin/extras/home-images/livetv.jpg"/>
 						<param name="text_label" value="$LOCALIZE[31105]" />
 						<param name="button_label" value="$LOCALIZE[31110]" />
  						<param name="button_onclick" value="ActivateWindow(videos,root)"/>
  						<param name="button_id" value="11300"/>
  						<param name="onup_id" value="11200"/>
 						<param name="visible" value="!Control.IsVisible(111000) + !Control.IsVisible(112000)"/>
 						<param name="button2_onclick" value="Skin.SetBool(HomeMenuNoVideosButton)"/>
  					</include>
				</control>
			</control>
			<control type="group" id="12000">
				<visible>String.IsEqual(Container(9000).ListItem.Property(widget),LiveTVWidget)</visible>
				<visible>!Control.HasFocus(801) + !Control.HasFocus(802) + !Control.HasFocus(803) + !Control.HasFocus(804) + !Control.HasFocus(900)</visible>
				<include>Visible_Right_Delayed</include>
				<control type="button" id="12888">
					<width>1</width>
					<height>1</height>
					<label>-</label>
					<onfocus>SetFocus(12001)</onfocus>
					<onfocus condition="Integer.IsGreater(Container(12100).NumItems,0)">SetFocus(12100)</onfocus>
					<onclick>noop</onclick>
					<texturefocus>-</texturefocus>
					<texturenofocus>-</texturenofocus>
				</control>
				<control type="grouplist" id="12001">
					<orientation>vertical</orientation>
					<height>810</height>
					<posy>115</posy>
					<scrolltime tween="cubic" easing="out">500</scrolltime>
					<usecontrolcoords>true</usecontrolcoords>
					<include content="WidgetListChannels">
						<param name="content_path" value="pvr://channels/tv/All channels/"/>
						<param name="widget_header" value="$LOCALIZE[31016]"/>
						<param name="widget_target" value="pvr"/>
						<param name="list_id" value="12200"/>
						<param name="onup_id" value="5900"/>
						<param name="ondown_id" value="20001"/>
						<param name="height" value="540"/>
					</include>
					<control type="grouplist">
						<height>218</height>
						<left>478</left>
						<top>36</top>
						<orientation>horizontal</orientation>
						<align>right</align>
						<width>1360</width>
						<control type="group">
							<width>680</width>
							<visible>PVR.IsRecording</visible>
							<include content="PVRWidget">
								<param name="icon" value="$INFO[PVR.NowRecordingChannelIcon]" />
								<param name="header" value="$LOCALIZE[19158]" />
								<param name="label1" value="$INFO[PVR.NowRecordingDateTime,$LOCALIZE[19126] - ]" />
								<param name="label2" value="$INFO[PVR.NowRecordingTitle][CR][COLOR=grey]$INFO[PVR.NowRecordingChannel][/COLOR]" />
							</include>
						</control>
						<control type="group">
							<visible>PVR.HasNonRecordingTimer</visible>
							<width>680</width>
							<include content="PVRWidget">
								<param name="icon" value="$INFO[PVR.NextRecordingChannelIcon]" />
								<param name="header" value="$LOCALIZE[19157]" />
								<param name="label1" value="$INFO[PVR.NextRecordingDateTime,$LOCALIZE[19126] - ]" />
								<param name="label2" value="$INFO[PVR.NextRecordingTitle][CR][COLOR=grey]$INFO[PVR.NextRecordingChannel][/COLOR]" />
							</include>
						</control>
					</control>
				</control>
			</control>
			<control type="group" id="13000">
				<visible>String.IsEqual(Container(9000).ListItem.Property(widget),RadioWidget)</visible>
				<visible>!Control.HasFocus(801) + !Control.HasFocus(802) + !Control.HasFocus(803) + !Control.HasFocus(804) + !Control.HasFocus(900)</visible>
				<include>Visible_Right_Delayed</include>
				<control type="button" id="13888">
					<width>1</width>
					<height>1</height>
					<label>-</label>
					<onfocus>SetFocus(13001)</onfocus>
					<onfocus condition="Integer.IsGreater(Container(13100).NumItems,0)">SetFocus(13100)</onfocus>
					<onclick>noop</onclick>
					<texturefocus>-</texturefocus>
					<texturenofocus>-</texturenofocus>
				</control>
				<control type="grouplist" id="13001">
					<orientation>vertical</orientation>
					<height>810</height>
					<posy>115</posy>
					<scrolltime tween="cubic" easing="out">500</scrolltime>
					<include content="WidgetListChannels">
						<param name="content_path" value="pvr://channels/radio/All channels/"/>
						<param name="widget_header" value="$LOCALIZE[31018]"/>
						<param name="widget_target" value="files"/>
						<param name="list_id" value="13200"/>
						<param name="onup_id" value="5900"/>
						<param name="ondown_id" value="20001"/>
					</include>
				</control>
			</control>
			<control type="group" id="15000">
				<visible>String.IsEqual(Container(9000).ListItem.Property(widget),WeatherWidget)</visible>
				<visible>!Control.HasFocus(801) + !Control.HasFocus(802) + !Control.HasFocus(803) + !Control.HasFocus(804) + !Control.HasFocus(900)</visible>
				<include>Visible_Right_Delayed</include>
				<control type="button" id="15888">
					<width>1</width>
					<height>1</height>
					<label>-</label>
					<onfocus>SetFocus(15001)</onfocus>
					<onfocus condition="Integer.IsGreater(Container(15100).NumItems,0)">SetFocus(15100)</onfocus>
					<onfocus condition="String.IsEmpty(Weather.Plugin)">SetFocus(15300)</onfocus>
					<onclick>noop</onclick>
					<texturefocus>-</texturefocus>
					<texturenofocus>-</texturenofocus>
				</control>
				<control type="grouplist" id="15001">
					<orientation>vertical</orientation>
					<height>810</height>
					<posy>115</posy>
					<itemgap>-20</itemgap>
					<scrolltime tween="cubic" easing="out">500</scrolltime>
					<control type="group" id="16678">
						<description>Weather info</description>
						<height>380</height>
						<visible>!String.IsEmpty(Weather.plugin)</visible>
						<control type="image">
							<top>2</top>
							<left>480</left>
							<width>1360</width>
							<height>380</height>
							<texture border="22">dialogs/dialog-bg.png</texture>
						</control>
						<control type="image">
							<top>20</top>
							<left>530</left>
							<width>150</width>
							<height>150</height>
							<texture>$INFO[Weather.conditions]</texture>
						</control>
						<control type="label">
							<left>990</left>
							<top>110</top>
							<aligny>center</aligny>
							<height>24</height>
							<width>800</width>
							<align>right</align>
							<font>font14</font>
							<label>$INFO[Weather.Temperature] - $INFO[Weather.Conditions]</label>
						</control>
						<control type="label">
							<left>990</left>
							<top>50</top>
							<aligny>center</aligny>
							<height>24</height>
							<width>800</width>
							<align>right</align>
							<font>font35_title</font>
							<label>$INFO[Weather.Location]</label>
						</control>
						<control type="grouplist">
							<top>215</top>
							<left>540</left>
							<orientation>horizontal</orientation>
							<align>justify</align>
 							<itemgap>-50</itemgap>
							<include content="WeatherIcon">
								<param name="label" value="Window(weather).Property(Current.Wind)" />
								<param name="texture" value="icons/weather/wind.png" />
								<param name="header" value="404" />
							</include>
							<include content="WeatherIcon">
								<param name="label" value="Window(weather).Property(Current.Humidity)" />
								<param name="texture" value="icons/weather/humidity.png" />
								<param name="header" value="406" />
							</include>
							<include content="WeatherIcon">
								<param name="label" value="Window(weather).Property(Current.Precipitation)" />
								<param name="texture" value="icons/weather/rain.png" />
								<param name="header" value="33021" />
							</include>
							<include content="WeatherIcon">
								<param name="label" value="Window(weather).Property(Today.Sunrise)" />
								<param name="texture" value="icons/weather/sunrise.png" />
								<param name="header" value="405" />
							</include>
							<include content="WeatherIcon">
								<param name="label" value="Window(weather).Property(Today.Sunset)" />
								<param name="texture" value="icons/weather/sunset.png" />
								<param name="header" value="403" />
							</include>
						</control>
					</control>
					<include content="WeatherWidget">
						<param name="content_include" value="HourlyItems" />
						<param name="list_id" value="15100" />
						<param name="onup_id" value="5900" />
						<param name="ondown_id" value="15200" />
						<param name="widget_header" value="$LOCALIZE[33036]"/>
						<param name="visible" value="!String.IsEmpty(Window(weather).Property(Hourly.IsFetched))" />
					</include>
					<include content="WeatherWidget">
						<param name="content_include" value="DailyItems" />
						<param name="list_id" value="15200" />
						<param name="onup_id" value="15100" />
						<param name="ondown_id" value="20001" />
						<param name="widget_header" value="$LOCALIZE[31019]"/>
						<param name="visible" value="!String.IsEmpty(Window(weather).Property(Daily.IsFetched))" />
					</include>
					<include content="ImageWidgetHeader">
						<param name="widget_header" value="$LOCALIZE[12600]" />
						<param name="visible" value="String.IsEmpty(Weather.plugin)"/>
					</include>
					<include content="ImageWidget">
						<param name="image_path" value="special://skin/extras/home-images/weather.jpg"/>
						<param name="text_label" value="$LOCALIZE[31120]" />
						<param name="button_label" value="$LOCALIZE[31121]" />
						<param name="button_onclick" value="ActivateWindow(weathersettings)"/>
						<param name="button_id" value="15300"/>
						<param name="visible" value="String.IsEmpty(Weather.plugin)"/>
						<param name="button2_onclick" value="Skin.SetBool(HomeMenuNoWeatherButton)"/>
					</include>
				</control>
			</control>
			<control type="group" id="4000">
				<visible>String.IsEqual(Container(9000).ListItem.Property(widget),PictureWidget)</visible>
				<include>Visible_Right_Delayed</include>
				<control type="grouplist" id="4001">
					<orientation>vertical</orientation>
					<include content="ImageWidgetHeader">
						<param name="widget_header" value="$INFO[Container(9000).ListItem.Label]" />
						<param name="visible" value="String.IsEmpty(Container(9000).ListItem.Property(HideBannerWidget)) + !Control.HasFocus(801) + !Control.HasFocus(802) + !Control.HasFocus(803) + !Control.HasFocus(804) + !Control.HasFocus(900)"/>
					</include>
					<include content="ImageWidget2">
						<param name="image_path" value="$INFO[Container(9000).ListItem.Property(PictureWidget)]"/>
						<param name="button_label" value="" />
						<param name="button_id" value="4100"/>
						<param name="visible" value="!String.IsEmpty(Container(9000).ListItem.Property(HideBannerWidget))  + !Control.HasFocus(801) + !Control.HasFocus(802) + !Control.HasFocus(803) + !Control.HasFocus(804) + !Control.HasFocus(900)"/>
						<param name="visible_1" value="False"/>
						<param name="visible_2" value="False"/>
					</include>
					<include content="ImageWidget3">
						<param name="image_path" value="$INFO[Container(9000).ListItem.Property(PictureWidget)]"/>
						<param name="button_label" value="" />
						<param name="button_id" value="4100"/>
						<param name="visible" value="String.IsEmpty(Container(9000).ListItem.Property(HideBannerWidget))  + !Control.HasFocus(801) + !Control.HasFocus(802) + !Control.HasFocus(803) + !Control.HasFocus(804) + !Control.HasFocus(900)"/>
						<param name="visible_1" value="False"/>
						<param name="visible_2" value="False"/>
					</include>
				</control>
			</control>
			<control type="group" id="10000">
				<visible>String.IsEqual(Container(9000).ListItem.Property(widget),MusicVideoWidget)</visible>
				<visible>!Control.HasFocus(801) + !Control.HasFocus(802) + !Control.HasFocus(803) + !Control.HasFocus(804) + !Control.HasFocus(900)</visible>
				<include>Visible_Right_Delayed</include>
				<control type="button" id="10088">
					<width>1</width>
					<height>1</height>
					<label>-</label>
					<onfocus>SetFocus(10001)</onfocus>
					<onfocus condition="Integer.IsGreater(Container(7100).NumItems,0)">SetFocus(10100)</onfocus>
					<onclick>noop</onclick>
					<texturefocus>-</texturefocus>
					<texturenofocus>-</texturenofocus>
				</control>
				<control type="grouplist" id="10001">
					<orientation>vertical</orientation>
					<height>810</height>
					<posy>115</posy>
					<scrolltime tween="cubic" easing="out">500</scrolltime>
					<include content="WidgetListSquare">
						<param name="content_path" value="videodb://recentlyaddedmusicvideos/"/>
						<param name="widget_header" value="$LOCALIZE[20390]"/>
						<param name="widget_target" value="videos"/>
						<param name="list_id" value="10100"/>
						<param name="onup_id" value="5900"/>
						<param name="ondown_id" value="10200"/>
					</include>
					<include content="WidgetListSquare">
						<param name="content_path" value="special://skin/playlists/mostwatched_musicvideos.xsp"/>
						<param name="widget_header" value="$LOCALIZE[40117]"/>
						<param name="widget_target" value="music"/>
						<param name="list_id" value="10200"/>
						<param name="onup_id" value="10100"/>
						<param name="ondown_id" value="10300"/>
						<param name="sortby" value="playcount"/>
						<param name="sortorder" value="descending"/>
					</include>
					<include content="WidgetListSquare">
						<param name="content_path" value="special://skin/playlists/unwatched_musicvideos.xsp"/>
						<param name="widget_header" value="$LOCALIZE[40116]"/>
						<param name="widget_target" value="music"/>
						<param name="list_id" value="10300"/>
						<param name="onup_id" value="10200"/>
						<param name="ondown_id" value="10400"/>
					</include>
					<include content="WidgetListSquare">
						<param name="content_path" value="special://skin/playlists/random_musicvideos.xsp"/>
						<param name="widget_header" value="$LOCALIZE[40100]"/>
						<param name="widget_target" value="music"/>
						<param name="list_id" value="10400"/>
						<param name="onup_id" value="10300"/>
						<param name="ondown_id" value="20001"/>
					</include>
					<include content="ImageWidget">
						<param name="image_path" value="special://skin/extras/home-images/musicvideo.jpg"/>
						<param name="text_label" value="$LOCALIZE[31104]" />
						<param name="button_label" value="$LOCALIZE[31110]" />
						<param name="button_onclick" value="ActivateWindow(video,files)"/>
						<param name="button_id" value="10600"/>
						<param name="onup_id" value="10500"/>
						<param name="visible" value="!Library.HasContent(musicvideos)"/>
						<param name="button2_onclick" value="Skin.SetBool(HomeMenuNoMusicButton)"/>
					</include>
				</control>
			</control>
			<control type="group" id="50000">
				<visible>Control.HasFocus(803)</visible>
				<scrolltime tween="cubic" easing="out">500</scrolltime>
				<include>Visible_Right_Delayed</include>
				<control type="grouplist" id="4001">
					<orientation>vertical</orientation>
					<include content="ImageWidgetHeader">
						<param name="widget_header" value="$LOCALIZE[1036]" />
						<param name="visible" value="true"/>
					</include>
					<include content="ImageWidget">
						<param name="image_path" value="special://skin/extras/home-images/favorites.jpg"/>
						<param name="text_label" value="$LOCALIZE[40077]" />
						<param name="button_label" value="" />
						<param name="button_id" value="4100"/>
						<param name="visible" value="true"/>
						<param name="visible_1" value="False"/>
						<param name="visible_2" value="False"/>
					</include>
				</control>
			</control>
			<control type="group" id="50001">
				<visible>Control.HasFocus(802)</visible>
				<scrolltime tween="cubic" easing="out">500</scrolltime>
				<include>Visible_Right_Delayed</include>
				<control type="grouplist" id="4001">
					<orientation>vertical</orientation>
					<include content="ImageWidgetHeader">
						<param name="widget_header" value="$LOCALIZE[138]" />
						<param name="visible" value="true"/>
					</include>
				</control>	
					<control type="image">
							<top>105</top>
							<left>478</left>
							<width>1370</width>
							<height>806</height>
							<texture border="22">dialogs/dialog-bg.png</texture>
						</control>
						<control type="group">
							<top>105</top>
							<left>508</left>
							<width>1310</width>
							<height>806</height>
						<control type="label">
							<top>55</top>
							<align>center</align>
							<height>30</height>
							<textoffsety>10</textoffsety>
							<font>font13_title</font>
							<width>1310</width>
							<textcolor>$VAR[SkinColorVar]</textcolor>
							<shadowcolor>black</shadowcolor>
							<scroll>yes</scroll>
							<label>[UPPERCASE]• $LOCALIZE[31031] •[/UPPERCASE]</label>
						</control>
						<control type="label">
							<top>95</top>
							<align>center</align>
							<height>30</height>
							<textoffsety>10</textoffsety>
							<font>font13</font>
							<width>1310</width>
							<shadowcolor>black</shadowcolor>
							<label>KODI $INFO[System.BuildVersion] - $INFO[System.BuildDate]</label>
						</control>
						<control type="label">
							<top>135</top>
							<align>center</align>
							<height>30</height>
							<textoffsety>10</textoffsety>
							<font>font13</font>
							<width>1310</width>
							<shadowcolor>black</shadowcolor>
							<label>Estuary MOD $INFO[System.AddonVersion(skin.estuary.mod)]</label>
						</control>
						<control type="label">
							<top>175</top>
							<align>center</align>
							<height>30</height>
							<textoffsety>10</textoffsety>
							<font>font13</font>
							<width>1310</width>
							<shadowcolor>black</shadowcolor>
							<scroll>yes</scroll>
							<label>$INFO[System.KernelVersion]</label>
						</control>
						<control type="label">
							<top>255</top>
							<align>center</align>
							<height>30</height>
							<textoffsety>10</textoffsety>
							<font>font13_title</font>
							<width>1310</width>
							<shadowcolor>black</shadowcolor>
							<textcolor>$VAR[SkinColorVar]</textcolor>
							<label>[UPPERCASE]• $LOCALIZE[130] •[/UPPERCASE]</label>
						</control>
						<control type="label">
							<top>295</top>
							<align>center</align>
							<height>30</height>
							<textoffsety>10</textoffsety>
							<font>font13</font>
							<width>1310</width>
							<shadowcolor>black</shadowcolor>
							<label>$LOCALIZE[13287] $INFO[System.ScreenResolution]</label>
						</control>
						<control type="label">
							<top>335</top>
							<align>center</align>
							<height>30</height>
							<textoffsety>10</textoffsety>
							<font>font13</font>
							<width>1310</width>
							<shadowcolor>black</shadowcolor>
							<label>$LOCALIZE[12390]: [LOWERCASE]$INFO[System.Uptime][/LOWERCASE]</label>
						</control>
						<control type="label">
							<top>375</top>
							<align>center</align>
							<height>30</height>
							<textoffsety>10</textoffsety>
							<font>font13</font>
							<width>1310</width>
							<shadowcolor>black</shadowcolor>
							<label>$LOCALIZE[12394]: [LOWERCASE]$INFO[System.TotalUptime][/LOWERCASE]</label>
						</control>
						<control type="label">
							<top>415</top>
							<align>center</align>
							<height>30</height>
							<textoffsety>10</textoffsety>
							<font>font13</font>
							<width>1310</width>
							<shadowcolor>black</shadowcolor>
							<label>$LOCALIZE[150]: $INFO[Network.IPAddress] [B]-[/B] $LOCALIZE[149]: $INFO[Network.MACAddress] [B]-[/B] $INFO[Network.LinkState]</label>
						</control>
						<control type="label">
							<top>495</top>
							<align>center</align>
							<height>30</height>
							<textoffsety>10</textoffsety>
							<font>font13_title</font>
							<width>1310</width>
							<shadowcolor>black</shadowcolor>
							<textcolor>$VAR[SkinColorVar]</textcolor>
							<label>[UPPERCASE]• $LOCALIZE[40111] •[/UPPERCASE]</label>
						</control>
						<control type="label">
							<top>535</top>
							<align>center</align>
							<height>30</height>
							<textoffsety>10</textoffsety>
							<font>font13</font>
							<width>1310</width>
							<scroll>yes</scroll>
							<shadowcolor>black</shadowcolor>
							<label>$LOCALIZE[13271] $INFO[System.CPUUsage] [B]-[/B] $INFO[System.CPUTemperature]</label>
							<visible>Integer.IsGreaterOrEqual()(System.CPUTemperature,1)</visible>
						</control>
						<control type="label">
							<top>535</top>
							<align>center</align>
							<height>30</height>
							<textoffsety>10</textoffsety>
							<font>font13</font>
							<width>1310</width>
							<scroll>yes</scroll>
							<shadowcolor>black</shadowcolor>
							<label>$LOCALIZE[13271] $INFO[System.CPUUsage]</label>
							<visible>Integer.IsEqual(System.CPUTemperature,0)</visible>
						</control>
						<control type="progress">
							<top>585</top>
							<centerleft>50%</centerleft>
							<width>1100</width>
							<height>16</height>
							<info>System.CPUUsage</info>
						</control>
						<control type="label">
							<top>600</top>
							<align>center</align>
							<height>30</height>
							<textoffsety>10</textoffsety>
							<font>font13</font>
							<width>1310</width>
							<shadowcolor>black</shadowcolor>
							<label>$LOCALIZE[31030] : $INFO[system.memory(used)] [B]/[/B] $INFO[system.memory(total)] [B]-[/B] $INFO[system.memory(used.percent)] [LOWERCASE]$LOCALIZE[20162][/LOWERCASE]</label>
						</control>
						<control type="progress">
							<top>650</top>
							<centerleft>50%</centerleft>
							<width>1100</width>
							<height>16</height>
							<info>system.memory(used)</info>
						</control>
						<control type="label">
							<top>665</top>
							<align>center</align>
							<height>30</height>
							<textoffsety>10</textoffsety>
							<font>font13</font>
							<width>1310</width>
							<shadowcolor>black</shadowcolor>
							<label>$LOCALIZE[40112] $INFO[System.UsedSpace] [B]/[/B] $INFO[System.TotalSpace] [B]-[/B] [LOWERCASE]$INFO[System.UsedSpacePercent][/LOWERCASE]</label>
						</control>
						<control type="progress">
							<top>715</top>
							<centerleft>50%</centerleft>
							<width>1100</width>
							<height>16</height>
							<info>System.UsedSpace</info>
						</control>
					</control>	
			</control>
			<control type="group" id="50002">
				<visible>Control.HasFocus(801)</visible>
				<scrolltime tween="cubic" easing="out">500</scrolltime>
				<include>Visible_Right_Delayed</include>
				<control type="grouplist" id="4001">
					<orientation>vertical</orientation>
					<include content="ImageWidgetHeader">
						<param name="widget_header" value="$LOCALIZE[10126]" />
						<param name="visible" value="true"/>
					</include>
					<include content="ImageWidget">
						<param name="image_path" value="special://skin/extras/home-images/filemanager.jpg"/>
						<param name="text_label" value="$LOCALIZE[40079]" />
						<param name="button_label" value="" />
						<param name="button_id" value="4100"/>
						<param name="visible" value="true"/>
						<param name="visible_1" value="False"/>
						<param name="visible_2" value="False"/>
					</include>
				</control>
			</control>
			<control type="group" id="50003">
				<visible>Control.HasFocus(804)</visible>
				<scrolltime tween="cubic" easing="out">500</scrolltime>
				<include>Visible_Right_Delayed</include>
				<control type="grouplist" id="4001">
					<orientation>vertical</orientation>
					<include content="ImageWidgetHeader">
						<param name="widget_header" value="$LOCALIZE[31072]" />
						<param name="visible" value="true"/>
					</include>
					<include content="ImageWidget">
						<param name="image_path" value="special://skin/extras/home-images/power.jpg"/>
						<param name="text_label" value="$LOCALIZE[40080]" />
						<param name="button_label" value="" />
						<param name="button_id" value="4100"/>
						<param name="visible" value="true"/>
						<param name="visible_1" value="False"/>
						<param name="visible_2" value="False"/>
					</include>
				</control>
			</control>
			<control type="group" id="50004">
				<visible>Control.HasFocus(900)</visible>
				<scrolltime tween="cubic" easing="out">500</scrolltime>
				<include>Visible_Right_Delayed</include>
				<control type="grouplist" id="4001">
					<orientation>vertical</orientation>
					<include content="ImageWidgetHeader">
						<param name="widget_header" value="$LOCALIZE[31001]" />
						<param name="visible" value="true"/>
					</include>
					<include content="ImageWidget">
						<param name="image_path" value="special://skin/extras/home-images/search.jpg"/>
						<param name="text_label" value="$LOCALIZE[40081]" />
						<param name="button_label" value="" />
						<param name="button_id" value="4100"/>
						<param name="visible" value="true"/>
						<param name="visible_1" value="False"/>
						<param name="visible_2" value="False"/>
					</include>
				</control>
			</control>
		</control>
		<include content="TopBar">
			<param name="breadcrumbs_label" value="" />
			<param name="breadcrumbs_icon" value="" />
		</include>
		<control type="group">
			<control type="image">
				<animation effect="fade" start="0" end="100" time="300">WindowOpen</animation>
				<animation effect="fade" start="100" end="0" time="200">WindowClose</animation>
				<left>20</left>
				<top>10</top>
				<aspectratio>keep</aspectratio>
				<width>56</width>
				<height>56</height>
				<texture colordiffuse="$VAR[SkinColorVar]">icons/logo.png</texture>
			</control>
			<control type="image">
				<animation effect="fade" start="0" end="100" time="300">WindowOpen</animation>
				<animation effect="fade" start="100" end="0" time="200">WindowClose</animation>
				<left>60</left>
				<top>20</top>
				<aspectratio>keep</aspectratio>
				<width>192</width>
				<height>36</height>
				<texture>icons/logo-text.png</texture>
			</control>
		</control>
		<include>BottomBar</include>
		<control type="group">
			<include>OpenClose_Left</include>
			<control type="radiobutton" id="900">
				<left>33</left>
				<top>94</top>
				<width>424</width>
				<height>110</height>
				<onup>14200</onup>
				<ondown>SetFocus(9000,0)</ondown>
				<ondown>9000</ondown>
				<onright>2000</onright>
				<aligny>center</aligny>
				<onclick>ActivateWindow(1107)</onclick>
				<font>font14</font>
				<label>$LOCALIZE[31001]</label>
				<textwidth>300</textwidth>
				<radioposx>338</radioposx>
				<textoffsetx>40</textoffsetx>
				<radioposy>0</radioposy>
				<radiowidth>40</radiowidth>
				<radioheight>40</radioheight>
				<textureradioonfocus>icons/search.png</textureradioonfocus>
				<textureradioonnofocus>icons/search.png</textureradioonnofocus>
				<textureradioofffocus>icons/search.png</textureradioofffocus>
				<textureradiooffnofocus>icons/search.png</textureradiooffnofocus>
			</control>
			<control type="group">
				<left>53</left>
				<top>204</top>
				<control type="image">
					<left>-20</left>
					<top>-20</top>
					<width>424</width>
					<height>707</height>
					<texture border="22">dialogs/dialog-bg.png</texture>
				</control>
				<control type="list" id="9000">
					<left>1</left>
					<top>1</top>
					<width>382</width>
					<height>666</height>
					<pagecontrol>70</pagecontrol>
					<onfocus>ClearProperty(listposition,home)</onfocus>
					<onright condition="!String.IsEmpty(Container(5900).ListItem.Label)">5900</onright>
					<onright condition="String.IsEmpty(Container(5900).ListItem.Label)">5100</onright>
					<onup>900</onup>
					<ondown>700</ondown>
					<scrolltime tween="cubic" easing="out">500</scrolltime>
					<itemlayout height="74">
						<control type="image">
							<left>0</left>
							<top>0</top>
							<width>390</width>
							<height>75</height>
							<texture border="90,3,90,3">lists/separator.png</texture>
						</control>
						<control type="label">
							<left>74</left>
							<top>0</top>
							<height>70</height>
							<width>300</width>
							<aligny>center</aligny>
							<font>font14</font>
							<label>$INFO[ListItem.Label]</label>
							<shadowcolor>text_shadow</shadowcolor>
						</control>
						<control type="image">
							<left>-3</left>
							<top>1</top>
							<width>70</width>
							<height>70</height>
							<texture>$INFO[ListItem.Icon]</texture>
						</control>
					</itemlayout>
					<focusedlayout height="74">
						<control type="image">
							<left>0</left>
							<top>0</top>
							<width>390</width>
							<height>75</height>
							<texture border="90,3,90,3">lists/separator.png</texture>
						</control>
						<control type="group">
							<animation effect="fade" start="100" end="0" time="0">UnFocus</animation>
							<control type="image">
								<left>0</left>
								<top>0</top>
								<width>390</width>
								<height>73</height>
								<texture colordiffuse="$VAR[SkinColorVar]">lists/focus.png</texture>
								<animation effect="fade" start="100" end="0" time="0" condition="!Control.HasFocus(9000) + !Control.HasFocus(900) + !ControlGroup(700).HasFocus + !Control.HasFocus(14200)">Conditional</animation>
							</control>
							<control type="image">
								<left>-3</left>
								<top>1</top>
								<width>70</width>
								<height>70</height>
								<texture colordiffuse="$VAR[SkinColorVar]">$INFO[ListItem.Icon]</texture>
								<animation effect="fade" start="0" end="100" time="300" reversible="false">Focus</animation>
							</control>
							<control type="image">
								<left>-5</left>
								<top>0</top>
								<width>68</width>
								<height>74</height>
								<texture colordiffuse="51FFFFFF">colors/black.png</texture>
								<animation effect="fade" start="100" end="0" time="0" condition="!Control.HasFocus(9000) + !Control.HasFocus(900) + !ControlGroup(700).HasFocus + !Control.HasFocus(14200)">Conditional</animation>
							</control>
						</control>
						<control type="image">
							<left>-3</left>
							<top>1</top>
							<width>70</width>
							<height>70</height>
							<texture>$INFO[ListItem.Icon]</texture>
						</control>
						<control type="image">
							<left>-3</left>
							<top>1</top>
							<width>70</width>
							<height>70</height>
							<animation effect="fade" start="0" end="100" time="200" delay="200" condition="!System.HasModalDialog">Conditional</animation>
							<animation effect="fade" start="100" end="0" time="0" condition="System.HasModalDialog">Conditional</animation>
							<texture colordiffuse="$VAR[SkinColorVar]">$INFO[ListItem.Icon]</texture>
							<animation effect="fade" start="0" end="100" time="300" reversible="false">Focus</animation>
							<visible>!Control.HasFocus(9000) + !Control.HasFocus(900) + !ControlGroup(700).HasFocus + !Control.HasFocus(14200)</visible>
						</control>
						<control type="label">
							<left>74</left>
							<top>0</top>
							<height>70</height>
							<width>300</width>
							<aligny>center</aligny>
							<font>font14</font>
							<scroll>yes</scroll>
							<label>$INFO[ListItem.Label]</label>
							<shadowcolor>text_shadow</shadowcolor>
						</control>
					</focusedlayout>
                            <include>mainmenu-position-and-appearance</include>
					<content>
                            <include>skinshortcuts-mainmenu</include>
					</content>
				</control>
			</control>
			<control type="grouplist" id="700">
				<orientation>horizontal</orientation>
				<itemgap>-16</itemgap>
				<left>33</left>
				<top>878</top>
				<onup>SetFocus(9000,99)</onup>
				<onup>9000</onup>
				<ondown>14200</ondown>
				<include content="BottomMainMenuItem">
					<param name="control_id" value="803" />
 					<param name="onclick" value="ActivateWindow(favourites)" />
 					<param name="icon" value="icons/favourites.png" />
 				</include>
 				<include content="BottomMainMenuItem">
					<param name="control_id" value="801" />
					<param name="onclick" value="ActivateWindow(filemanager)" />
					<param name="icon" value="icons/filemanager.png" />
				</include>
				<include content="BottomMainMenuItem">
					<param name="control_id" value="802" />
					<param name="onclick" value="ActivateWindow(settings)" />
					<param name="icon" value="icons/settings.png" />
				</include>
				<include content="BottomMainMenuItem">
					<param name="control_id" value="804" />
					<param name="onclick" value="ActivateWindow(shutdownmenu)" />
					<param name="icon" value="icons/power.png" />
				</include>
			</control>
		</control>
		<control type="radiobutton" id="14200">
			<top>995</top>
			<left>35</left>
			<width>420</width>
			<height>95</height>
			<align>left</align>
			<aligny>center</aligny>
			<onclick>FullScreen</onclick>
			<label>$LOCALIZE[244]</label>
			<ondown>900</ondown>
			<onup>700</onup>
			<radioposx>338</radioposx>
			<textoffsetx>40</textoffsetx>
			<radioposy>0</radioposy>
			<radiowidth>34</radiowidth>
			<radioheight>34</radioheight>
			<texturefocus border="40" colordiffuse="$VAR[SkinColorVar]">buttons/dialogbutton-fo.png</texturefocus>
			<texturenofocus border="40">buttons/dialogbutton-nofo.png</texturenofocus>
			<textureradioonfocus>icons/now-playing/fullscreen.png</textureradioonfocus>
			<textureradioonnofocus>icons/now-playing/fullscreen.png</textureradioonnofocus>
			<textureradioofffocus>icons/now-playing/fullscreen.png</textureradioofffocus>
			<textureradiooffnofocus>icons/now-playing/fullscreen.png</textureradiooffnofocus>
			<selected>!Player.Paused</selected>
			<animation effect="fade" start="0" end="100" time="400">WindowOpen</animation>
			<animation effect="fade" start="100" end="0" time="300">WindowClose</animation>
			<visible>Player.hasMedia</visible>
		</control>
		<control type="rss">
			<left>0</left>
			<top>1041</top>
			<height>30</height>
			<width>1920</width>
			<font>font12</font>
			<urlset>1</urlset>
			<titlecolor>$VAR[SkinColorVar]</titlecolor>
			<shadowcolor>text_shadow</shadowcolor>
			<headlinecolor>FFC0C0C0</headlinecolor>
			<textcolor>white</textcolor>
			<animation effect="fade" start="0" end="100" time="400">WindowOpen</animation>
			<animation effect="fade" start="100" end="0" time="300">WindowClose</animation>
			<visible>!Player.hasMedia</visible>
		</control>
		</control>
		<control type="group">
				<control type="button">
					<left>237</left>
					<bottom>194</bottom>
					<width>20</width>
					<height>10</height>
					<texturefocus colordiffuse="$VAR[SkinColorVar]">overlays/arrowdown.png</texturefocus>
					<texturenofocus colordiffuse="$VAR[SkinColorVar]">overlays/arrowdown.png</texturenofocus>
					<animation effect="zoom" start="100,0" end="100,100" center="auto" time="200" delay="10">VisibleChange</animation>
					<animation effect="zoom" start="100,0" end="100,100" delay="500" center="auto" time="200">WindowOpen</animation>
					<animation effect="zoom" start="100,100" end="100,0" center="auto" time="200">WindowClose</animation>
					<onclick>SetFocus(9000)</onclick>
					<onclick>PageDown</onclick>
					<visible>!String.IsEmpty(Window.Property(ArrowDown)) | Container(9000).HasNext</visible>
				</control>
				<control type="button">
					<left>237</left>
					<top>190</top>
					<width>20</width>
					<height>10</height>
					<texturefocus colordiffuse="$VAR[SkinColorVar]" flipy="true">overlays/arrowdown.png</texturefocus>
					<texturenofocus colordiffuse="$VAR[SkinColorVar]" flipy="true">overlays/arrowdown.png</texturenofocus>
					<animation effect="zoom" start="100,0" end="100,100" center="auto" time="200" delay="10">VisibleChange</animation>
					<animation effect="zoom" start="100,0" end="100,100" delay="500" center="auto" time="200">WindowOpen</animation>
					<animation effect="zoom" start="100,100" end="100,0" center="auto" time="200">WindowClose</animation>
					<onclick>SetFocus(9000)</onclick>
					<onclick>PageUp</onclick>
					<visible>!String.IsEmpty(Window.Property(ArrowUp)) | Container(9000).HasPrevious</visible>
				</control>
			</control>
	</controls>
</window>
