<?xml version="1.0" encoding="UTF-8"?>
<addon id="skin.estuary.mod" version="1.3.6" name="Estuary MOD" provider-name="phil65, Piers and MOD by Guilouz">
	<requires>
		<import addon="xbmc.gui" version="5.12.0"/>
		<import addon="script.skinshortcuts" version="0.6.0"/>
		<import addon="script.skin.helper.service" version="0.0.1"/>
	</requires>
	<extension point="xbmc.gui.skin" debugging="false">
		<res width="1920" height="1080" aspect="16:9" default="true" folder="1080i" />
	</extension>
	<extension point="xbmc.addon.metadata">
		<summary lang="bg_BG">Estuary облик от phil65 и Piers. (стандартния облик на Kodi)</summary>
		<summary lang="cs_CZ">Estary skin od phil65 a Piers. (Výchozí skin Kodi)</summary>
		<summary lang="de_DE">Estuary skin by phil65 and Piers. (Kodi Standardskin)</summary>
		<summary lang="el_GR">Το κέλυφος Estuary από τον phil65 και τον Pier. (προεπιλεγμένο κέλυφος του Kodi)</summary>
		<summary lang="en_GB">Estuary skin by phil65 and Piers. (Kodi's default skin)</summary>
		<summary lang="en_NZ">Estuary skin by phil65 and Piers. (Kodi's default skin)</summary>
		<summary lang="en_US">Estuary skin by phil65 and Piers. (Kodi's default skin)</summary>
		<summary lang="es_ES">Skin Estuary, creado por phil65 and Piers (skin por defecto de Kodi).</summary>
		<summary lang="fi_FI">Estuary ulkoasu phil65 ja Piersiltä. (Kodin oletus ulkoasu)</summary>
		<summary lang="fr_CA">Habillage Estuaire par phil65 et Piers (habillage par défaut de Kodi).</summary>
		<summary lang="fr_FR">Estuary, un thème par phil65 et Piers (thème par défaut de Kodi).</summary>
		<summary lang="gl_ES">Pel Estuary por phil65 and Piers. (Kodi's default skin)</summary>
		<summary lang="hr_HR">Estuary presvlaka autora phil65 i Piersa. (uobičajena Kodi presvlaka)</summary>
		<summary lang="hu_HU">Estuary felszín. Készítette phil65 és Piers. (Kodi alapértelmezett felszín)</summary>
		<summary lang="it_IT">Skin Estuary da phil65 e Piers. (Skin predefinita di Kodi)</summary>
		<summary lang="ko_KR">phil65와 Piers가 만든 Estuary 스킨 (Kodi 기본 스킨)</summary>
		<summary lang="lt_LT">Estuary teminė išvaizda, kurią sukūrė phil65 ir Piers. (Numatytoji Kodi teminė išvaizda)</summary>
		<summary lang="ms_MY">Kulit Estuary oleh phil65 dan rakan-rakan. (Kulit lalai Kodi)</summary>
		<summary lang="nb_NO">Esturay skinn av phil65 og Piers. (Kodis standard skinn)</summary>
		<summary lang="nl_NL">Estuary skin door phil65 en Piers. (Kodi's standaard skin)</summary>
		<summary lang="pl_PL">Skóra Eustary autorstwa phil65 i Piers. (Domyślna skóra Kodi)</summary>
		<summary lang="pt_BR">Skin Esturay por phil65 e Piers. (Skin padrão do Kodi)</summary>
		<summary lang="sk_SK">Vzhľad Estuary, vytvorili phil65 a Piers. (predvolený vzhľad pre Kodi)</summary>
		<summary lang="sr_RS">Маска Estuary аутора phil65 и Piers. (Подразумевана Коди маска)</summary>
		<summary lang="sr_RS@latin">Maska Estuary autora phil65 i Piers. (Podrazumevana Kodi maska)</summary>
		<summary lang="sv_SE">Estuary-skin av phil65 och Piers. (Kodi's standard-skin)</summary>
		<summary lang="tr_TR">Estuary dış görünümü. phil65 ve Piers (Kodi'nin varsayılan dış görünümü)</summary>
		<summary lang="zh_CN">phil65 和 Piers 开发的 Estuary 皮肤（Kodi 的默认皮肤</summary>
		<summary lang="zh_TW">phil65與Piers 製作的Estuary佈景主題（Kodi的預設佈景主題</summary>
		<description lang="bg_BG">Estuary е стандартният облик на Kodi 17 и по-новите версии. Целта е да се улеснят хората които се сблъскват за първи път с Kodi.</description>
		<description lang="cs_CZ">Estuary je výchozí skin pro Kodi 17.0 a výše. Jeho snahou je zjednodušit používání Kodi pro nové uživatele.</description>
		<description lang="de_DE">Estuary ist der Standardskin für Kodi 17.0 und höher. Ziel war es, einen einfach zu bedienenden Skin für neue Kodi-User zu entwickeln.</description>
		<description lang="el_GR">Το Estuary είναι η προεπιλεγμένη αμφίεση για τις εκδόσεις Kodi 17.0 και άνω. Επιχειρεί να είναι προσιτό στους αρχάριους χρήστες του Kodi για να το κατανοήσουν και να το χρησιμοποιήσουν.</description>
		<description lang="en_GB">Estuary is the default skin for Kodi 17.0 and above. It attempts to be easy for first time Kodi users to understand and use.</description>
		<description lang="en_NZ">Estuary is the default skin for Kodi 17.0 and above. It attempts to be easy for first time Kodi users to understand and use.</description>
		<description lang="en_US">Estuary is the default skin for Kodi 17.0 and above. It attempts to be easy for first time Kodi users to understand and use.</description>
		<description lang="es_ES">Estuary es el skin por defecto para Kodi 17.0 o superior. Su objetivo es la facilidad de comprensión y uso para usuarios primerizos de Kodi.</description>
		<description lang="fi_FI">Estuary on oletusulkoasu Kodi:n versiosta 17.0 lähtien. Se pyrkii olemaan helppo ymmärtää ja käyttää Kodi:n ensikäyttäjille. </description>
		<description lang="fr_CA">Estuaire est l'habillage par défaut pour Kodi 17.0 et ultérieure. Il s'efforce d'être facile à comprendre et à utiliser pour les utilisateurs débutants de Kodi.</description>
		<description lang="fr_FR">Estuary est le thème d'origine pour Kodi 17.0 et supérieur. Il est facile à comprendre et à utiliser pour les utilisateurs novices de Kodi.</description>
		<description lang="gl_ES">Estuary é a pel predefinida para Kodi 17.0 e superior. Esta tenta ser doada de entender e usar polos usuarios recen chegados a Kodi.</description>
		<description lang="hr_HR">Estuary je uobičajena presvlaka za Kodi 17.0 i novije inačice. To je pokušaj da se novim korisnicima olakša prvo korištenje i kasnija upotreba Kodija.</description>
		<description lang="hu_HU">Az Estuary az alapértelmezett felszín a 17.0 és újabb Kodi kiadásokban.  Megpróbál könnyen kezelhető és használható lenni, az újonc Kodi felhasználóknak is.</description>
		<description lang="it_IT">Estuary è la skin predefinita di Kodi 17.0 e successivi. Cerca di essere facile da capire e usare per i nuovi utenti di Kodi.</description>
		<description lang="ko_KR">Estuary는 Kodi 17.0이상의 기본 스킨입니다. 처음 Kodi를 접하는 사용자가 쉽게 이해하고 사용할 수 있도록 만들었습니다.</description>
		<description lang="lt_LT">Estuary yra numatytoji Kodi 17.0 ir aukštesnių versijų teminė išvaizda. Jos tikslas tapti lengvai suprantama ir naudojama naujiems Kodi vartotojams.</description>
		<description lang="ms_MY">Estuary ialah kulit lalai untuk Kodi 17.0 dan ke atas. Kulit yang mudah digunakan buat pengguna Kodi kali pertama untuk memahami dan menggunakannya.</description>
		<description lang="nb_NO">Estuary er standard skinnet til Kodi 17.0 og nyere. Det forsøker å være et enkelt skinn for førstegangs brukere av Kodi til å fortså og bruke.</description>
		<description lang="nl_NL">Estuary is de standaard skin voor Kodi 17.0 en hoger. Het tracht eenvoudig te begrijpen en te gebruiken te zijn voor beginnende Kodi gebruikers.</description>
		<description lang="pl_PL">Eustary jest domyślną skórą Kodi dla wersji 17.0 i późniejszych. Jest próbą łatwego wprowadzenia początkujących użytkowników w funkcje Kodi.</description>
		<description lang="pt_BR">Estuary é a skin padrão para o Kodi 17.0 e acima. Objetiva ser fácil para usuários que iniciam no Kodi pela primeira vez, facilitando aprendizagem de uso do mesmo.</description>
		<description lang="sk_SK">Estuary je predvolený vzhľad pre Kodi 17.0 a vyššie. Pokúša sa byť pre prvotných používateľov Kodi jednoduchým na pochopenie a používanie.</description>
		<description lang="sr_RS">Estuary је подразумевана маска за Kodi 17.0 и изнад. Покушава да буде једноставан за разумевање и коришћење новим корисницима Kodi-ја.</description>
		<description lang="sr_RS@latin">Estuary je podrazumevana maska za Kodi 17.0 i iznad. Pokušava da bude jednostavan za razumevanje i korišćenje novim korisnicima Kodija.</description>
		<description lang="sv_SE">Estuary är standard-skin för Kodi 17.0 och uppåt. Det försöker att vara lättförståeligt för förstagångsanvändare av Kodi att förstå och använda.</description>
		<description lang="tr_TR">Estuary Kodi 17.0 ve yukarısı için varsayılan dış görünümdür. İlk kez Kodi kullananlar için anlaşılması ve kullanımı kolaydır.</description>
		<description lang="zh_CN">Estuary 是 Kodi 17.0 的默认皮肤。它力求使首次使用 Kodi 的用户易于上手。</description>
		<description lang="zh_TW">Estuary是Kodi 17.0開始搭載的預設佈景主題。主要在讓第一次使用 Kodi 的使用者可以簡單地上手。</description>
		<disclaimer lang="bg_BG">Estuary е стандартният облик на Kodi. Премахването му може да предизвика проблеми</disclaimer>
		<disclaimer lang="cs_CZ">Estuary je výchozí skin pro Kodi, jeho odebráním může dojít k potížím.</disclaimer>
		<disclaimer lang="de_DE">Estuary ist der Standardskin von Kodi. Ein Entfernen des Skins kann Probleme verursachen.</disclaimer>
		<disclaimer lang="el_GR">Το Estuary είναι η προεπιλεγμένη αμφίεση για το Kodi. Η αφαίρεσή του μπορεί να δημιουργήσει προβλήματα.</disclaimer>
		<disclaimer lang="en_GB">Estuary is the default skin for Kodi, removing it may cause issues</disclaimer>
		<disclaimer lang="en_NZ">Estuary is the default skin for Kodi, removing it may cause issues</disclaimer>
		<disclaimer lang="en_US">Estuary is the default skin for Kodi, removing it may cause issues</disclaimer>
		<disclaimer lang="es_ES">Estuary es el skin por defecto de Kodi. Desinstalarlo puede causar problemas.</disclaimer>
		<disclaimer lang="fi_FI">Estuary on Kodin oletusteema, sen poisto voi aiheuttaa ongelmia</disclaimer>
		<disclaimer lang="fr_CA">Estuaire est l'habillage par défaut de Kodi, le supprimer peut créer des problèmes</disclaimer>
		<disclaimer lang="fr_FR">Estuary est le thème d'origine de Kodi, le retirer peut créer des problèmes</disclaimer>
		<disclaimer lang="gl_ES">Estuary é a pel predefinida para Kodi e eliminala pode causar problemas.</disclaimer>
		<disclaimer lang="hr_HR">Estuary je uobičajena presvlaka za Kodi, njegovim uklanjanjem može uzrokovati poteškoće</disclaimer>
		<disclaimer lang="hu_HU">Az Estuary az alapértelmezett Kodi felszín. Eltávolítása problémákat okozhat.</disclaimer>
		<disclaimer lang="it_IT">Estuary è la skin predefinita di Kodi, rimuoverla potrebbe causare problemi</disclaimer>
		<disclaimer lang="ko_KR">Estuary는 Kodi의 기본스킨으로 제거시 문제가 생길 수 있습니다.</disclaimer>
		<disclaimer lang="lt_LT">Estuary yra numatytoji Kodi teminė išvaizda, jos pašalinimas gali sukelti problemų</disclaimer>
		<disclaimer lang="ms_MY">Estuary ialah kulit lalai Kodi, mengubahnya boleh menimbulkan isu.</disclaimer>
		<disclaimer lang="nb_NO">Estuary er standard skinnet til Kodi, dersom du fjerner det kan det forårsake problemer.</disclaimer>
		<disclaimer lang="nl_NL">Estuary is de standaard skin voor Kodi, het verwijderen van Estuary kan leiden tot problemen.</disclaimer>
		<disclaimer lang="pl_PL">Eustary jest domyślną skórą Kodi, jej usunięcie może powodować problemy</disclaimer>
		<disclaimer lang="pt_BR">Estuary é a skin padrão para o Kodi, removendo-a pode causar problemas</disclaimer>
		<disclaimer lang="sk_SK">Estuary je predvolený vzhľad pre Kodi, jeho odstránenie môže spôsobiť problémy</disclaimer>
		<disclaimer lang="sr_RS">Estuary је подразумевана маска за Kodi, уклањање може изазвати проблеме</disclaimer>
		<disclaimer lang="sr_RS@latin">Estuary je podrazumevana maska za Kodi, uklanjanje može izazvati probleme</disclaimer>
		<disclaimer lang="sv_SE">Estuary är standard skalet för Kodi, ta bort den kan orsaka problem</disclaimer>
		<disclaimer lang="tr_TR">Estuary Kodi için varsayılan dış görünümdür, kaldırmak sorunlara yol açabilir</disclaimer>
		<disclaimer lang="zh_CN">Estuary 是 Kodi 的默认皮肤，删除它可能导致故障。</disclaimer>
		<disclaimer lang="zh_TW">Estuary 是 Kodi 預設的佈景主題，移除它可能會造成問題</disclaimer>
		<platform>all</platform>
		<license>CC BY-SA 4.0, GNU GENERAL PUBLIC LICENSE Version 2.0</license>
		<forum>http://forum.kodi.tv/</forum>
		<source>https://github.com/Guilouz/skin.estuary.mod</source>
		<news>[B]1.3.6[/B][CR]• Fix Sources widget[CR][CR][B]1.3.5[/B][CR]• Add new fully customizable widgets : posters, thumbs and icons[CR]• Add player processing info on video osd[CR]• Allow TVTunes to play themes[CR]• Fix duplicate shortcuts with home menu[CR]• Fix popup notification[CR]• Other minor fixes[CR][CR][B]1.3.4[/B][CR]• Add LibreELEC / OpenELEC settings shortcut on settings panel[CR]• Add LibreELEC / OpenELEC settings shortcut on home menu[CR]• Add a small menu in personnalise home menu to move / add / delete items[CR]• Add possibility to change popup notification position[CR]• Fix on music visualisation[CR]• Fix thumbs on tv shows widgets[CR]• Fix total / watched / unwatched episodes flag with special characters (need to use Arial font)[CR]• Reordering skin settings[CR][CR][B]1.3.3[/B][CR]• Add IMDB Top 250 flag icon[CR]• Add possibility to change background color regardless of main skin color[CR]• Add button for Color Management on video OSD[CR]• Add complete discography on artist info[CR]• Now use Skin Helper Service for artists and albums description[CR]• Fix missing posters and fanarts on some views[CR]• Other minor fixes[CR]• Updated language files from Transifex[CR]• Cleanup code[CR][CR][B]1.3.2[/B][CR]• Add total / watched / unwatched episodes number for tv shows and seasons[CR]• Add possibility to hide info from Rotten Tomatoes and Metacritic[CR]• Add possibility to hide clearlogos on home menu[CR]• Add flag icons on home menu and possibility to hide them[CR]• Minor fixes[CR][CR][B]1.3.1[/B][CR]• Fix widget selection[CR]• Fix extendedinfo button on OSD with music videos[CR][CR][B]1.3.0[/B][CR]• Add 'My TV shows airing today' on default tv shows widget[CR]• Add 'Next episodes to watch' on default tv shows widget[CR]• Add yes/no dialog window when reset skin settings[CR]• Hide hard disk usage on Android system[CR]• Changes in PVR guide[CR]• Changes in personnalise home menu[CR]• Fix widgets with horizontal menu[CR]• Improve esthetic appearance[CR][CR][B]1.2.9[/B][CR]• Add horizontal home menu[CR]• Add Rotten TomatoMeter and Rotten Tomatoes Audience Score for tv shows[CR]• Fix rating flag icon color[CR]• Minnor fix[CR][CR][B]1.2.8[/B][CR]• Now use Skin Helper Service for Music Clearlogos and CDArts[CR]• Add ClearLogos on home screen for widgets[CR]• Add Fanarts on home screen for widgets[CR]• Add new Live TV widget (thanks to im85288)[CR]• Add support for music extrafanarts with Skin Helper Service[CR]• Add Clearlogos on music visualisation[CR]• Add banner on music visualisation[CR]• Add banner on tv shows info[CR]• Add new views for images : Icons wall and List[CR]• Add casting list on video OSD (thanks to im85288)[CR]• Add the file size of add-ons packages[CR]• Changes in functioning of personnalise home menu[CR]• Changes in widgets with labels on top[CR]• Changes for Krypton[CR]• Improve esthetic appearance[CR][CR][B]1.2.7[/B][CR]• Krypton : Replace changelog file with a 'news' section in addon.xml[CR]• Add possibility to change skin color[CR]• Add Clearlogo on video OSD[CR]• Add IMDB flag icon on video OSD[CR]• Add possibility to choose multi images for home menu background[CR]• Replace year by total episodes in list views for tv shows and seasons[CR]• Improve esthetic appearance[CR]• Fix poster on video OSD[CR]• Fix ratings with tv shows[CR]• Fix duration flag icon with music videos[CR]• Fix ratings with tv shows[CR]• Updated language files from Transifex[CR][CR][B]1.2.6[/B][CR]• Add new icons flags : Rotten TomatoMeter, Rotten Tomatoes Audience Score and MetaCritic rating[CR]• Add possibility to show music visualisation screen directly when playing song[CR][CR][B]1.2.5[/B][CR]• Add changes from original Estuary 0.8.0[CR]• Improve icons resolution[CR]• Changes in dialog select[CR]• Fix studios icons[CR]• Fix missing string[CR][CR][B]1.2.4[/B][CR]• Improve esthetic appearance[CR]• Fix recently added episodes widget[CR][CR][B]1.2.3[/B][CR]• Add info on Big Poster view[CR]• Add extrafanarts support for 'Show Fanart' button on video info[CR]• Now use Skin Helper Service for extrafanarts[CR][CR][B]1.2.2[/B][CR]• Add album cover for next track on music OSD[CR]• Add possibility to disable zoom effect on focus[CR]• Add Show Path button on music video info[CR]• Improve volume progress with unit[CR]• Improve clock icon[CR]• Update AudioDSPManager.xml with core changes[CR][CR][B]1.2.1[/B][CR]• Add CU LRC Lyrics addon integration on music OSD[CR]• Add new CD case on music visualisation[CR]• Add button on video OSD to access extended info[CR]• Add a setting in personnalise home menu to replace thumbnails of episodes by fanarts[CR]• Add description for each skin setting[CR]• Improve esthetic appearance[CR]• Fix list on dialog settings[CR]• Fix play/pause button on media menu[CR]• Fix episode label on videos search[CR][CR][B]1.2.0[/B][CR]• Changes in skin settings to be the same as others settings[CR]• Add possibility to reset each skin settings category individually[CR]• Add possibility to show/hide background visualisation effect[CR]• Add possibility to access to music playlist from music OSD[CR]• Add music videos on default menu[CR]• Add default music videos widget[CR]• Add AudioDSP settings and manager to music OSD[CR]• Add arrows for home menu when there is more than 9 items[CR]• Fix fanarts when playing media[CR]• Fix settings widgets[CR]• Fix video info for music videos[CR]• Improve esthetic appearance[CR]• Updated language files from Transifex[CR][CR][B]1.1.9[/B][CR]• Changes in ClearLogos and ClearArts views[CR]• Changes in profile settings to be the same as others settings[CR]• Replace settings widget by system info widget[CR]• Fix channels 4 digits on PVR guide[CR]• Fix missing recently added widget after updating library[CR]• Fix audio DSP if no modes[CR]• Improve esthetic appearance[CR][CR][B]1.1.8[/B][CR]• Add Last/Next Aired episode on some views and on TV Shows info[CR]• Add Extendedinfo video search support[CR]• Add T9 search dialog addon support[CR]• Update for GlobalSearch addon[CR]• Fix visualisation over fading[CR]• Fix header label of picture widget[CR]• Fix widget selection when no submenu is define[CR]• Fix popup notification on startup[CR]• Fix scrollbars and media menu in some case[CR]• Fix posters on some views[CR][CR][B]1.1.7[/B][CR]• Add Big Posters view[CR]• Add Library view[CR]• Add all icons for Skin Shortcuts (latest git is needed)[CR]• Add 'Recent unwatched episodes' and 'Recent unwatched movies' smartplaylists[CR]• Add possibility to hide watched episodes from recently added episodes for default TV Shows widget[CR]• Add possibility to hide watched movies from recently added movies for default Movies widget[CR]• Improve esthetic appearance[CR]• Move scrollbar to the left on left panel in File Manager[CR]• Move scrollbar to the left on select and file browser dialogs[CR]• Updated language files from Transifex[CR]• Updated default slider[CR][CR][B]1.1.6[/B][CR]• Add watched, unwatched and resume indicators on all views[CR]• Add possibility to choose ClearArt position on OSD[CR]• Add ClearLogos view[CR]• Add ClearArts view[CR]• Add Big Fanart view[CR]• Improve esthetic appearance[CR]• Changes on Shift view[CR][CR][B]1.1.5[/B][CR]• Add possibility to hide banner of picture widget[CR]• Add Estuary Mod logo to media menu[CR]• Changes on video OSD and ClearArt[CR]• Changes on TV shows widget[CR]• Fix exception in ContentProvider with extrafanarts and plugins[CR]• Fix playlist scrollbar[CR]• Other fix[CR][CR][B]1.1.4[/B][CR]• Add possibility to replace busy spinner (.gif file, multiimages folder or built-in skin)[CR]• Add possibility to show/hide background video[CR]• Add support for extrafanarts[CR]• Updated language files from Transifex[CR]• Reorganization of shortcuts and widgets[CR]• Fix Eventlog buttons[CR]• Other minor fixes[CR][CR][B]1.1.3[/B][CR]• Add track duration on album infos[CR]• Add widgets for search and bottom menu[CR]• Many fixes in PVR[CR]• Changes in skin settings[CR][CR][B]1.1.2[/B][CR]• Add settings layout changes[CR]• Remove no more needed Audio DSP Manager items[CR]• Fix buttons on Audio DSP Manager[CR]• Changes on LibreELEC Configuration and OpenELEC Configuration[CR]• Bump xbmc.gui to 5.12.0[CR]• Updated language files from Transifex[CR][CR][B]1.1.1[/B][CR]• Add support for LibreELEC Configuration and OpenELEC Configuration addons[CR]• Changes on keyboard[CR]• Fix autoscroll on list view[CR]• Fix syntax[CR][CR][B]1.1.0[/B][CR]• Add Kiosk Mode[CR]• Add possibility to hide information bars all over skin[CR]• Add possibility to change background opacity[CR]• Fix bottom bar and scroll bar[CR]• Fix on media menu[CR][CR][B]1.0.9[/B][CR]• Add possibility to hide information bars on library[CR]• Add support for recordlabels icons[CR]• Add possibility to show video/song path on info screen[CR]• Several changes[CR][CR][B]1.0.8[/B][CR]• Add last changes from original Estuary build[CR]• Add total number of installed addons on addons screen[CR]• Add languages and subtitles languages on video infos[CR]• Fix widgets position to not interfere with submenu[CR][CR][B]1.0.7[/B][CR]• Add song bitrate on osd infos[CR]• Add support for 'Weather Fanart - Multi' addon[CR]• Add default icon for roles node[CR]• Change for returns duration of a video will end if you resume it, instead of playing it from the beginning[CR]• Fix ClearArt[CR]• Fix esthetic appearance[CR][CR][B]1.0.6[/B][CR]• Add changes from original Estuary 0.7.9[CR]• Add possibility to set background in personnalize home menu[CR]• Fix tvshows posters when posters is selected for widget[CR]• Fix description label in select dialog[CR]• Fix english translation[CR]• Display fixes[CR][CR][B]1.0.5[/B][CR]• Add new search function in media menu[CR]• Remove script-globalsearch-contextmenu.xml. Not need with latest build[CR]• Minnor fixes[CR][CR][B]1.0.4[/B][CR]• Add director search support in Global Search[CR]• Add TV Show - Next Aired addon support[CR]• Changes in context menu[CR]• Fix addons icons[CR]• Add latest original build 0.7.8[CR][CR][B]1.0.3[/B][CR]• Fix on PVR[CR]• Fix on skin settings[CR][CR][B]1.0.2[/B][CR]• Add possibility to set media flags of the same color as skin[CR]• Add animated posters support[CR]• Add posters support for video addons[CR]• Replace watched and unwatched icons[CR]• Changes in duration labels and flags icons[CR]• Fix library default icons[CR]• Many others changes[CR][CR][B]1.0.1[/B][CR]• Add duration, finish time and rating flags icons[CR]• Fix OSD infos[CR]• Fix on video infos[CR]• Fix on Global Search[CR]• Fix on RSS Editor[CR]• Update french translation[CR][CR][B]1.0.0[/B][CR]• Initial release (with latest original Estuary 0.7.7)[CR]- Add Skin Shortcuts support to manage home menu and power menu[CR]- Widgets from original Estuary are selectable in personnalize home menu[CR]- Add Artwork Downloader support to download artworks[CR]- Add Artist Slideshow support for music osd[CR]- Add Global Search support to search in local library[CR]- Add Play Album support to play album directly on album infos[CR]- Add Nextup Service Notification support to show popup with next episode[CR]- Add RSS Editor support[CR]- Add ClearLogos support[CR]- Add ClearArts support[CR]- Add Music CDArts support[CR]- Add possibility to choose picture, vidéo or music at startup[CR]- Add possibility to download artworks after library update[CR]- Add possibility to choose a pictures folder with picture widget to show a slideshow[CR]- Add possibility to change weather icons[CR]- Add possibility to backup/restore skin settings[CR]- Add debug infos setting[CR]- Add new genres view with icons[CR]- Rearranging skin settings[CR]- Replace flags icons[CR]- Replace OSD buttons (Thanks Ichabod Fletchman)[CR]- Replace backgrounds without banding (Thanks Ichabod Fletchman)[CR]- Replace duration format with hours and minutes[CR]- Dolby Atmos and DTS-X naming support[CR]- Increase to 25 the number of widgets items[CR]- Bug fixes[CR]</news>
	</extension>
</addon>
