<?xml version="1.0" encoding="UTF-8"?>
<fonts>
	<fontset id="Default" idloc="15109">
		<!-- Normal Fonts -->
		<font>
			<name>font10</name>
			<filename>Lato-Regular.ttf</filename>
			<size>24</size>
		</font>
		<font>
			<name>font12</name>
			<filename>Lato-Regular.ttf</filename>
			<size>25</size>
		</font>
		<font>
			<name>font13</name>
			<filename>Lato-Regular.ttf</filename>
			<size>30</size>
		</font>
		<font>
			<name>font14</name>
			<filename>Lato-Regular.ttf</filename>
			<size>33</size>
		</font>
		<font>
			<name>font16</name>
			<filename>Lato-Regular.ttf</filename>
			<size>37</size>
		</font>
		<font>
			<name>font30</name>
			<filename>Lato-Regular.ttf</filename>
			<size>45</size>
		</font>
		<font>
			<name>fontContextMenu</name>
			<filename>Lato-Regular.ttf</filename>
			<size>27</size>
		</font>
		<font>
			<name>font_textbox</name>
			<filename>Lato-Regular.ttf</filename>
			<size>26</size>
			<linespacing>1.2</linespacing>
		</font>
		<!-- Title Fonts -->
		<font>
			<name>font10_title</name>
			<filename>Lato-Bold.ttf</filename>
			<size>20</size>
		</font>
		<font>
			<name>font12_title</name>
			<filename>Lato-Bold.ttf</filename>
			<size>25</size>
		</font>
		<font>
			<name>font13_title</name>
			<filename>Lato-Bold.ttf</filename>
			<size>30</size>
		</font>
		<font>
			<name>font20_title</name>
			<filename>Lato-Bold.ttf</filename>
			<size>32</size>
		</font>
		<font>
			<name>font24_title</name>
			<filename>Lato-Bold.ttf</filename>
			<size>36</size>
		</font>
		<font>
			<name>font28_title</name>
			<filename>Lato-Bold.ttf</filename>
			<size>42</size>
		</font>
		<font>
			<name>font30_title</name>
			<filename>Lato-Bold.ttf</filename>
			<size>45</size>
		</font>
		<font>
			<name>font35_title</name>
			<filename>Lato-Bold.ttf</filename>
			<size>52</size>
		</font>
		<font>
			<name>font_MainMenu</name>
			<filename>Lato-Bold.ttf</filename>
			<size>60</size>
		</font>
		<font>
			<name>WeatherTemp</name>
			<filename>Lato-Bold.ttf</filename>
			<size>120</size>
		</font>
		<font>
			<name>Mono28</name>
			<filename>AnonymousPro.ttf</filename>
			<size>28</size>
		</font>
		<font>
            <name>Font-Flag</name>
        	<filename>RobotoCondensed-Bold.ttf</filename>
            <size>40</size>
        </font>
        <font>
            <name>Font-Flag2</name>
          	<filename>RobotoCondensed-Bold.ttf</filename>
            <size>44</size>
        </font>
        <font>
            <name>Font-Rating</name>
            <filename>RobotoCondensed-Bold.ttf</filename>
            <size>24</size>
        </font>
        <font>
            <name>Font-Rating2</name>
            <filename>RobotoCondensed-Bold.ttf</filename>
            <size>34</size>
        </font>
        <font>
            <name>Font-Volume</name>
            <filename>RobotoCondensed-Bold.ttf</filename>
            <size>22</size>
        </font>
        <font>
            <name>Font-MusicOSD</name>
            <filename>RobotoCondensed-Regular.ttf</filename>
            <size>21</size>
        </font>
        <font>
			<name>Font-Disc</name>
			<filename>PermanentMarker.ttf</filename>
			<size>36</size>
			<linespacing>.8</linespacing>
		</font>    
	</fontset>
	<fontset id="Arial" idloc="31053">
		<!-- Arial Font better for non English -->
		<font>
			<name>font10</name>
			<filename>arial.ttf</filename>
			<size>18</size>
		</font>
		<font>
			<name>font12</name>
			<filename>arial.ttf</filename>
			<size>22</size>
		</font>
		<font>
			<name>font13</name>
			<filename>arial.ttf</filename>
			<size>27</size>
		</font>
		<font>
			<name>font14</name>
			<filename>arial.ttf</filename>
			<size>30</size>
		</font>
		<font>
			<name>font16</name>
			<filename>arial.ttf</filename>
			<size>34</size>
		</font>
		<font>
			<name>font30</name>
			<filename>arial.ttf</filename>
			<size>42</size>
		</font>
		<font>
			<name>fontContextMenu</name>
			<filename>arial.ttf</filename>
			<size>24</size>
		</font>
		<font>
			<name>font_textbox</name>
			<filename>arial.ttf</filename>
			<size>26</size>
			<linespacing>1.2</linespacing>
		</font>
		<!-- Title Fonts -->
		<font>
			<name>font10_title</name>
			<filename>arial.ttf</filename>
			<size>15</size>
			<style>bold</style>
		</font>
		<font>
			<name>font12_title</name>
			<filename>arial.ttf</filename>
			<size>22</size>
			<style>bold</style>
		</font>
		<font>
			<name>font13_title</name>
			<filename>arial.ttf</filename>
			<size>27</size>
			<style>bold</style>
		</font>
		<font>
			<name>font24_title</name>
			<filename>arial.ttf</filename>
			<size>33</size>
			<style>bold</style>
		</font>
		<font>
			<name>font28_title</name>
			<filename>arial.ttf</filename>
			<size>39</size>
			<style>bold</style>
		</font>
		<font>
			<name>font30_title</name>
			<filename>arial.ttf</filename>
			<size>42</size>
			<style>bold</style>
		</font>
		<font>
			<name>font35_title</name>
			<filename>arial.ttf</filename>
			<size>49</size>
			<style>bold</style>
		</font>
		<font>
			<name>font_MainMenu</name>
			<filename>arial.ttf</filename>
			<size>52</size>
			<style>bold</style>
		</font>
		<font>
			<name>WeatherTemp</name>
			<filename>arial.ttf</filename>
			<size>120</size>
			<style>bold</style>
		</font>
		<font>
			<name>Mono28</name>
			<filename>arial.ttf</filename>
			<size>28</size>
		</font>
		<font>
            <name>Font-Flag</name>
            <filename>RobotoCondensed-Bold.ttf</filename>
            <size>40</size>
        </font>
        <font>
            <name>Font-Flag2</name>
            <filename>RobotoCondensed-Bold.ttf</filename>
            <size>44</size>
        </font>
        <font>
            <name>Font-Rating</name>
            <filename>RobotoCondensed-Bold.ttf</filename>
            <size>24</size>
        </font>
        <font>
            <name>Font-Rating2</name>
            <filename>arial.ttf</filename>
            <size>32</size>
        </font>
        <font>
            <name>Font-Volume</name>
            <filename>RobotoCondensed-Bold.ttf</filename>
            <size>22</size>
        </font>
        <font>
            <name>Font-MusicOSD</name>
            <filename>RobotoCondensed-Regular.ttf</filename>
            <size>21</size>
        </font>
        <font>
			<name>Font-Disc</name>
			<filename>PermanentMarker.ttf</filename>
			<size>36</size>
			<linespacing>.8</linespacing>
		</font>
	</fontset>
</fonts>