<?xml version="1.0" encoding="utf-8"?>
<window type="dialog" id="1125">
	<defaultcontrol always="true">11000</defaultcontrol>
	<include>Animation_DialogPopupOpenClose</include>
	<controls>
		<control type="group">
			<centerleft>50%</centerleft>
			<height>640</height>
			<centertop>50%</centertop>
			<width>1000</width>
			<include content="DialogBackgroundCommons">
				<param name="width" value="1000" />
				<param name="height" value="640" />
				<param name="header_label" value="$LOCALIZE[40100]" />
				<param name="header_id" value="1" />
			</include>
			<control type="group" id="11000">
				<left>0</left>
				<top>80</top>
				<control type="grouplist" id="11100">
					<width>1000</width>
					<height>640</height>
					<itemgap>0</itemgap>
					<onup>11100</onup>
					<ondown>11100</ondown>
					<orientation>vertical</orientation>
					<control type="radiobutton" id="11111">
						<label>$LOCALIZE[40097] : $LOCALIZE[31148]</label>
						<include>DefaultSettingButton</include>
						<selected>Skin.HasSetting(hide_musiccategory)</selected>
						<onclick>Skin.ToggleSetting(hide_musiccategory)</onclick>
					</control>
					<control type="button" id="11112">
						<label> ∟$LOCALIZE[40017]</label>
						<include>DefaultSettingButton</include>
						<onclick>Dialog.Close(all,true)</onclick>
						<onclick condition="System.HasAddon(plugin.library.node.editor)">ActivateWindow(programs,plugin://plugin.library.node.editor/?ltype=music,return)</onclick>
						<onclick condition="!System.HasAddon(plugin.library.node.editor)">InstallAddon(plugin.library.node.editor)</onclick>
						<enable>!Skin.HasSetting(hide_musiccategory)</enable>
					</control>
					<control type="radiobutton" id="11113">
						<label>$LOCALIZE[40097] : $LOCALIZE[517]</label>
						<include>DefaultSettingButton</include>
						<selected>Skin.HasSetting(hide_recentlyplayedalbums)</selected>
						<onclick>Skin.ToggleSetting(hide_recentlyplayedalbums)</onclick>
					</control>
					<control type="radiobutton" id="11114">
						<label>$LOCALIZE[40097] : $LOCALIZE[359]</label>
						<include>DefaultSettingButton</include>
						<selected>Skin.HasSetting(hide_recentlyaddedalbums)</selected>
						<onclick>Skin.ToggleSetting(hide_recentlyaddedalbums)</onclick>
					</control>
					<control type="radiobutton" id="11115">
						<label>$LOCALIZE[40097] : $LOCALIZE[31012]</label>
						<include>DefaultSettingButton</include>
						<selected>Skin.HasSetting(hide_randomalbums)</selected>
						<onclick>Skin.ToggleSetting(hide_randomalbums)</onclick>
					</control>
					<control type="radiobutton" id="11116">
						<label>$LOCALIZE[40097] : $LOCALIZE[31013]</label>
						<include>DefaultSettingButton</include>
						<selected>Skin.HasSetting(hide_randomartists)</selected>
						<onclick>Skin.ToggleSetting(hide_randomartists)</onclick>
					</control>
					<control type="radiobutton" id="1111">
						<label>$LOCALIZE[40097] : $LOCALIZE[31014]</label>
						<include>DefaultSettingButton</include>
						<selected>Skin.HasSetting(hide_unplayedalbums)</selected>
						<onclick>Skin.ToggleSetting(hide_unplayedalbums)</onclick>
					</control>
					<control type="radiobutton" id="11118">
						<label>$LOCALIZE[40097] : $LOCALIZE[31011]</label>
						<include>DefaultSettingButton</include>
						<selected>Skin.HasSetting(hide_mostplayedalbums)</selected>
						<onclick>Skin.ToggleSetting(hide_mostplayedalbums)</onclick>
					</control>			
				</control>
			</control>
		</control>
	</controls>
</window>
