<?xml version='1.0' encoding='UTF-8'?>
<shortcuts>
    <shortcut>
        <label>31001</label>
        <label2>Common Shortcut</label2>
        <defaultID>search</defaultID>
        <icon>special://skin/extras/icons/search.png</icon>
        <action>ActivateWindow(1107)</action>
        <visible>Skin.HasSetting(horizontaladvanced_menu)</visible>
    </shortcut>
    <shortcut>
        <label>3</label>
        <label2>Common Shortcut</label2>
        <defaultID>videos</defaultID>
        <icon>special://skin/extras/icons/video-addons.png</icon>
        <action>ActivateWindow(Videos,VideoLibrary)</action>
    </shortcut>
    <shortcut>
        <label>342</label>
        <label2>Common Shortcut</label2>
        <defaultID>movie</defaultID>
        <icon>special://skin/extras/icons/movie.png</icon>
        <action>ActivateWindow(Videos,MovieTitles,return)</action>
    </shortcut>
    <shortcut>
        <label>20343</label>
        <label2>Common Shortcut</label2>
        <defaultID>tvshow</defaultID>
        <icon>special://skin/extras/icons/tv.png</icon>
        <action>ActivateWindow(Videos,TvShowTitles,return)</action>
    </shortcut>
    <shortcut>
        <label>20389</label>
        <label2>Common Shortcut</label2>
        <defaultID>musicvideo</defaultID>
        <icon>special://skin/extras/icons/musicvideo.png</icon>
        <action>ActivateWindow(Videos,MusicVideoTitles,return)</action>
    </shortcut>
    <shortcut>
        <label>2</label>
        <label2>Common Shortcut</label2>
        <defaultID>music</defaultID>
        <icon>special://skin/extras/icons/music.png</icon>
        <action>ActivateWindow(Music,Artists,return)</action>
    </shortcut>
    <shortcut>
        <label>19021</label>
        <label2>Common Shortcut</label2>
        <defaultID>radio</defaultID>
        <icon>special://skin/extras/icons/radio.png</icon>
        <action>ActivateWindow(RadioChannels)</action>
    </shortcut>
    <shortcut>
        <label>19020</label>
        <label2>Common Shortcut</label2>
        <defaultID>livetv</defaultID>
        <icon>special://skin/extras/icons/livetv.png</icon>
        <action>ActivateWindow(TVChannels)</action>
    </shortcut>
    <shortcut>
        <label>1</label>
        <label2>Common Shortcut</label2>
        <defaultID>picture</defaultID>
        <icon>special://skin/extras/icons/pictures.png</icon>
        <action>ActivateWindow(Pictures)</action>
    </shortcut>
    <shortcut>
        <label>24001</label>
        <label2>Common Shortcut</label2>
        <defaultID>addon</defaultID>
        <icon>special://skin/extras/icons/addons.png</icon>
        <action>ActivateWindow(1100)</action>
    </shortcut>
    <shortcut>
        <label>15016</label>
        <label2>Common Shortcut</label2>
        <defaultID>game</defaultID>
        <icon>special://skin/extras/icons/game.png</icon>
        <action>ActivateWindow(Games)</action>
        <visible>System.GetBool(gamesgeneral.enable)</visible>
    </shortcut>
    <shortcut>
        <label>8</label>
        <label2>Common Shortcut</label2>
        <defaultID>weather</defaultID>
        <icon>special://skin/extras/icons/sun.png</icon>
        <action>ActivateWindow(Weather)</action>
        <visible>!String.IsEmpty(Weather.Plugin)</visible>
    </shortcut>
    <shortcut>
        <label>8</label>
        <label2>Common Shortcut</label2>
        <defaultID>weather</defaultID>
        <icon>special://skin/extras/icons/sun.png</icon>
        <action>ReplaceWindow(servicesettings,weather)</action>
        <visible>String.IsEmpty(Weather.Plugin)</visible>
    </shortcut>
    <shortcut>
        <label>1036</label>
        <label2>Common Shortcut</label2>
        <defaultID>favourite</defaultID>
        <icon>special://skin/extras/icons/favourite.png</icon>
        <action>ActivateWindow(favourites)</action>
        <visible>Skin.HasSetting(horizontaladvanced_menu)</visible>
    </shortcut>
    <shortcut>
        <label>7</label>
        <label2>Common Shortcut</label2>
        <defaultID>filemanager</defaultID>
        <icon>special://skin/extras/icons/filemanager.png</icon>
        <action>ActivateWindow(filemanager)</action>
        <visible>Skin.HasSetting(horizontaladvanced_menu)</visible>
    </shortcut>
    <shortcut>
        <label>LibreELEC</label>
        <label2>Common Shortcut</label2>
        <defaultID>libreelec</defaultID>
        <icon>special://skin/extras/icons/libreelec.png</icon>
        <action>RunAddon(service.libreelec.settings)</action>
        <visible>System.HasAddon(service.libreelec.settings)</visible>
    </shortcut>
    <shortcut>
        <label>OpenELEC</label>
        <label2>Common Shortcut</label2>
        <defaultID>openelec</defaultID>
        <icon>special://skin/extras/icons/openelec.png</icon>
        <action>RunAddon(service.openelec.settings)</action>
        <visible>System.HasAddon(service.openelec.settings)</visible>
    </shortcut>
    <shortcut>
        <label>5</label>
        <label2>Common Shortcut</label2>
        <defaultID>setting</defaultID>
        <action>ActivateWindow(settings)</action>
        <icon>special://skin/extras/icons/settings.png</icon>
        <visible>Skin.HasSetting(horizontaladvanced_menu)</visible>
    </shortcut>
    <shortcut>
        <label>33060</label>
        <label2>Common Shortcut</label2>
        <defaultID>power</defaultID>
        <action>ActivateWindow(shutdownmenu)</action>
        <icon>special://skin/extras/icons/power.png</icon>
        <visible>Skin.HasSetting(horizontaladvanced_menu)</visible>
    </shortcut>
</shortcuts>
