<?xml version="1.0" encoding="UTF-8"?>
<includes>
    <include name="View_53_Shift">
        <control type="group">
            <description>Poster Viewtype</description>
            <height>424</height>
            <left>0</left>
            <top>180</top>
            <include content="LeftRightArrows">
                <param name="list_id" value="53" />
                <param name="left_posx" value="45" />
                <param name="right_posx" value="1849" />
                <param name="posy" value="370" />
            </include>
            <control type="group">
                <visible>Control.IsVisible(53)</visible>
                <include>Visible_Right</include>
                <include>OpenClose_Right</include>
                <top>160</top>
                <control type="image">
                    <left>90</left>
                    <top>415</top>
                    <width>1740</width>
                    <height>150</height>
                    <texture border="22">dialogs/dialog-bg.png</texture>
                </control>
                <control type="image">
                    <left>800</left>
                    <top>435</top>
                    <width>320</width>
                    <height>110</height>
                    <visible>Control.HasFocus(53)</visible>
                    <animation effect="fade" time="200">VisibleChange</animation>
                    <texture colordiffuse="$VAR[SkinColorVar]">colors/white.png</texture>
                    <animation effect="slide" start="0,0" end="-344,0" time="300" tween="sine" easing="inout" condition="Integer.IsEqual(Container.Position,1) | Integer.IsEqual(Container.Position,0)">Conditional</animation>
                    <animation effect="slide" start="0,0" end="-344,0" time="300" tween="sine" easing="inout" condition="Integer.IsEqual(Container.Position,0)">Conditional</animation>
                    <animation effect="slide" start="0,0" end="344,0" time="300" tween="sine" easing="inout" condition="Integer.IsEqual(Container.Position,3) | Integer.IsEqual(Container.Position,4)">Conditional</animation>
                    <animation effect="slide" start="0,0" end="344,0" time="300" tween="sine" easing="inout" condition="Integer.IsEqual(Container.Position,4)">Conditional</animation>
                </control>
                <control type="fixedlist" id="53">
                    <left>110</left>
                    <top>0</top>
                    <width>1700</width>
                    <height>600</height>
                    <focusposition>2</focusposition>
                    <movement>2</movement>
                    <pagecontrol>5199</pagecontrol>
                    <scrolltime tween="cubic" easing="out">500</scrolltime>
                    <orientation>horizontal</orientation>
                    <visible>Container.Content(movies) | Container.Content(sets) | Container.Content(tvshows) | Container.Content(seasons) | Container.Content(musicvideos) | Container.Content(episodes) | Container.Content(artists) | Container.Content(albums) | Container.Content(mixed) | Container.Content(images) | Container.Content(videos)</visible>
                    <onleft>53</onleft>
                    <onup condition="!Skin.HasSetting(KioskMode)">9000</onup>
                    <ondown>5199</ondown>
                    <onright>53</onright>
                    <preloaditems>1</preloaditems>
                    <viewtype label="31100">icon</viewtype>
                    <itemlayout width="340">
                        <control type="group">
                            <control type="image">
                                <left>0</left>
                                <top>3</top>
                                <width>340</width>
                                <height>424</height>
                                <aspectratio aligny="bottom">keep</aspectratio>
                                <texture fallback="DefaultVideoCover.png">$VAR[ShiftThumbVar]</texture>
                                <bordertexture border="20">overlays/shadow.png</bordertexture>
                                <bordersize>20</bordersize>
                            </control>
                            <control type="textbox">
                                <left>20</left>
                                <top>438</top>
                                <width>300</width>
                                <height>100</height>
                                <align>center</align>
                                <aligny>center</aligny>
                                <label>$INFO[ListItem.Label]</label>
                                <font>font12</font>
                            </control>
                            <control type="group">
                                <left>145</left>
                                <top>383</top>
                                <include>UserRatingCircle</include>
                            </control>
                        </control>
                    </itemlayout>
                    <focusedlayout width="340">
                        <control type="button">
							<onfocus>SetProperty(infoposter,$INFO[Container.ListItem.Art(poster)],home)</onfocus>
							<onfocus>SetProperty(infologo,$INFO[Container.ListItem.Art(clearlogo)],home)</onfocus>
							<onfocus>SetProperty(infologotv,$INFO[Container.ListItem.Art(tvshow.clearlogo)],home)</onfocus>
							<onfocus>SetProperty(infofanart,$INFO[Container.ListItem.Art(fanart)],home)</onfocus>
							<onfocus>SetProperty(infobanner,$INFO[Container.ListItem.Art(banner)],home)</onfocus>
							<onfocus>SetProperty(infobannertv,$INFO[Container.ListItem.Art(tvshow.banner)],home)</onfocus>
							<texturenofocus>-</texturenofocus>
							<texturefocus>-</texturefocus>
						</control>
                        <control type="image">
                            <left>0</left>
                            <top>3</top>
                            <width>340</width>
                            <height>424</height>
                            <aspectratio aligny="bottom">keep</aspectratio>
                            <texture fallback="DefaultVideoCover.png">$VAR[ShiftThumbVar]</texture>
                            <bordertexture border="20">overlays/shadow.png</bordertexture>
                            <bordersize>20</bordersize>
                        </control>
                        <control type="textbox">
                            <left>20</left>
                            <top>438</top>
                            <width>300</width>
                            <height>100</height>
                            <align>center</align>
                            <aligny>center</aligny>
                            <label>$INFO[ListItem.Label]</label>
                            <font>font12</font>
                            <autoscroll time="3000" delay="3000" repeat="3000">True</autoscroll>
                        </control>
                        <control type="group">
                            <left>143</left>
                            <top>386</top>
                            <include>UserRatingCircle</include>
                        </control>
                    </focusedlayout>
                </control>
            </control>
            <control type="group">
                <visible>Control.IsVisible(53)</visible>
                <include>Visible_Right</include>
                <include>OpenClose_Right</include>
                <include content="ShiftTextbox">
                    <param name="textbox_id" value="53200" />
                    <param name="textbox_content" value="$VAR[ShiftLeftTextBoxVar]" />
                </include>
                <control type="image">
                    <top>100</top>
                    <left>895</left>
                    <width>48</width>
                    <height>48</height>
                    <texture>$VAR[ListWatchedIconVar]</texture>
                    <visible>Container.Content(movies) | Container.Content(tvshows) | Container.Content(musicvideos)</visible>
                    <visible>!ListItem.IsCollection</visible>
                </control>
                <control type="group">
                    <left>860</left>
                    <include content="ShiftTextbox">
                        <param name="textbox_id" value="53300" />
                        <param name="textbox_content" value="$VAR[ShiftRightTextBoxVar]" />
                    </include>
                </control>
            </control>
        </control>
    </include>
    <include name="ShiftTextbox">
        <control type="group">
            <animation effect="fade" time="200" start="0" end="100" condition="!String.IsEmpty(Control.GetLabel($PARAM[textbox_id]))">Conditional</animation>
            <animation effect="fade" time="200" start="100" end="0" condition="String.IsEmpty(Control.GetLabel($PARAM[textbox_id]))">Conditional</animation>
            <control type="image">
                <top>-20</top>
                <left>90</left>
                <width>880</width>
                <height>192</height>
                <texture border="22">dialogs/dialog-bg.png</texture>
                <visible>!ListItem.IsCollection</visible>
            </control>
            <control type="textbox" id="$PARAM[textbox_id]">
                <left>130</left>
                <top>15</top>
                <width>780</width>
                <height>123</height>
                <label>$PARAM[textbox_content]</label>
                <textcolor>$VAR[SkinColorVar]</textcolor>
                <font>font12</font>
                <shadowcolor>text_shadow</shadowcolor>
                <autoscroll delay="10000" time="4000" repeat="10000">Skin.HasSetting(autoscroll)</autoscroll>
            </control>
        </control>
    </include>
</includes>