<?xml version="1.0" encoding="UTF-8"?>
<window>
	<defaultcontrol>90001</defaultcontrol>
	<backgroundcolor>background</backgroundcolor>
	<controls>
	<include>DefaultBackground</include>
	<control type="group">
		<control type="group">
			<left>110</left>
			<top>0</top>
			<control type="group">
				<include>OpenClose_Left</include>
				<control type="image">
					<description>Menu Panel</description>
					<left>-20</left>
					<top>178</top>
					<width>440</width>
					<height>709</height>
					<texture border="22">dialogs/dialog-bg.png</texture>
				</control>
				<control type="group">
					<visible>Control.IsVisible(211)</visible>
					<control type="button">
						<left>176</left>
						<top>145</top>
						<width>48</width>
						<height>24</height>
						<texturefocus colordiffuse="$VAR[SkinColorVar]" flipy="true">overlays/arrowdown.png</texturefocus>
						<texturenofocus colordiffuse="$VAR[SkinColorVar]" flipy="true">overlays/arrowdown.png</texturenofocus>
						<animation effect="zoom" start="100,0" end="100,100" center="auto" time="200" delay="10">VisibleChange</animation>
						<animation effect="zoom" start="100,0" end="100,100" delay="500" center="auto" time="200">WindowOpen</animation>
						<animation effect="zoom" start="100,100" end="100,0" center="auto" time="200">WindowClose</animation>
						<onclick>SetFocus(211)</onclick>
						<onclick>PageUp</onclick>
						<animation effect="fade" time="200">VisibleChange</animation>
						<visible>Container(211).HasPrevious</visible>
					</control>
					<control type="button">
						<left>176</left>
						<top>897</top>
						<width>48</width>
						<height>24</height>
						<texturefocus colordiffuse="$VAR[SkinColorVar]">overlays/arrowdown.png</texturefocus>
						<texturenofocus colordiffuse="$VAR[SkinColorVar]">overlays/arrowdown.png</texturenofocus>
						<animation effect="zoom" start="100,0" end="100,100" center="auto" time="200" delay="10">VisibleChange</animation>
						<animation effect="zoom" start="100,0" end="100,100" delay="500" center="auto" time="200">WindowOpen</animation>
						<animation effect="zoom" start="100,100" end="100,0" center="auto" time="200">WindowClose</animation>
						<onclick>SetFocus(211)</onclick>
						<onclick>PageDown</onclick>
						<animation effect="fade" time="200">VisibleChange</animation>
						<visible>Container(211).HasNext</visible>
					</control>
				</control>	
			<control type="list" id="211">
				<left>0</left>
				<top>200</top>
				<width>400</width>
				<height>666</height>
				<onleft>61</onleft>
				<onright>90001</onright>
				<onup>211</onup>
				<ondown>211</ondown>
				<pagecontrol>61</pagecontrol>
				<itemlayout height="74">
						<control type="image">
							<left>0</left>
							<top>0</top>
							<width>390</width>
							<height>75</height>
							<texture border="90,3,90,3">lists/separator.png</texture>
						</control>
						<control type="image">
							<left>-3</left>
							<top>1</top>
							<width>70</width>
							<height>70</height>
							<texture>$INFO[ListItem.Icon]</texture>
						</control>
						<control type="label">
							<left>74</left>
							<top>0</top>
							<height>70</height>
							<width>321</width>
							<aligny>center</aligny>
							<font>font14</font>
							<label>$INFO[ListItem.Label]</label>
							<shadowcolor>text_shadow</shadowcolor>
						</control>
					</itemlayout>
					<focusedlayout height="74">
						<control type="image">
							<left>0</left>
							<top>0</top>
							<width>390</width>
							<height>75</height>
							<texture border="90,3,90,3">lists/separator.png</texture>
							<visible>!Control.HasFocus(211) + !Control.HasFocus(90001)</visible>
						</control>
						<control type="group">
							<control type="image">
								<left>2</left>
								<top>0</top>
								<width>396</width>
								<height>73</height>
								<texture colordiffuse="$VAR[SkinColorVar]">lists/focus.png</texture>
								<animation effect="fade" start="100" end="0" time="0" condition="Control.HasFocus(90001)">Conditional</animation>
							</control>
							<control type="image">
								<left>-3</left>
								<top>1</top>
								<width>70</width>
								<height>70</height>
								<texture colordiffuse="$VAR[SkinColorVar]">$INFO[ListItem.Icon]</texture>
								<animation effect="fade" start="0" end="100" time="300" reversible="false">Focus</animation>
							</control>
							<control type="image">
								<left>-5</left>
								<top>0</top>
								<width>68</width>
								<height>74</height>
								<texture colordiffuse="51FFFFFF">colors/black.png</texture>
								<animation effect="fade" start="100" end="0" time="0" condition="Control.HasFocus(90001)">Conditional</animation>
							</control>
						</control>
						<control type="image">
							<left>-3</left>
							<top>1</top>
							<width>70</width>
							<height>70</height>
							<texture>$INFO[ListItem.Icon]</texture>
						</control>
						<control type="label">
							<left>74</left>
							<top>0</top>
							<height>70</height>
							<width>321</width>
							<aligny>center</aligny>
							<font>font14</font>
							<scroll>yes</scroll>
							<label>$INFO[ListItem.Label]</label>
							<shadowcolor>text_shadow</shadowcolor>
						</control>
					</focusedlayout>

			</control>
			</control>
		</control>
			<control type="group">
				<include>OpenClose_Right</include>
				<control type="image">
					<left>530</left>
					<top>138</top>
					<width>1300</width>
					<height>792</height>
					<texture border="22">dialogs/dialog-bg.png</texture>
				</control>
				<control type="image">
					<left>552</left>
					<top>802</top>
					<width>1256</width>
					<height>3</height>
					<texture colordiffuse="$VAR[SkinColorVar]" border="2">dialogs/separator.png</texture>
				</control>
				<include name="UpDownArrows">
					<param name="container_id" value="90001" />
					<param name="posx" value="1045" />
					<param name="up_posy" value="130" />
					<param name="down_posy" value="910" />
					<param name="visible" value="!System.HasModalDialog" />
				</include>
			<control type="grouplist" id="90001">
				<left>552</left>
				<top>160</top>
				<width>1256</width>
				<height>630</height>
				<onleft>211</onleft>
				<onright>60</onright>
				<onup>90001</onup>
				<ondown>90001</ondown>
				<pagecontrol>60</pagecontrol>
				<control type="button" id="401">
					<description>Choose shortcut</description>
					<width>1256</width>
					<include>DefaultSettingButton</include>
					<label>$ADDON[script.skinshortcuts 32048]</label>
					<label2>$INFO[Container(211).ListItem.Label]</label2>
				</control>
				<control type="button" id="307">
					<description>Change action</description>
					<width>1256</width>
					<include>DefaultSettingButton</include>
					<label>$ADDON[script.skinshortcuts 32027]</label>
					<label2>$INFO[Container(211).ListItem.Property(displaypath)]</label2>
				</control>
				<control type="button" id="305">
					<description>Change label</description>
					<width>1256</width>
					<include>DefaultSettingButton</include>
					<label>$ADDON[script.skinshortcuts 32025]</label>
					<label2>$INFO[Container(211).ListItem.Label]</label2>
				</control>
                		<control type="button" id="306">
					<description>Browse for thumbnail</description>
					<width>1256</width>
					<include>DefaultSettingButton</include>
					<label>$ADDON[script.skinshortcuts 32026]</label>
					<label2>$INFO[Container(211).ListItem.Icon]</label2>
					<visible>!String.IsEqual(Window.Property(groupname),powermenu)</visible>
				</control>
				<control type="button" id="310">
					<description>Browse for background</description>
					<width>1256</width>
					<include>DefaultSettingButton</include>
					<label>$ADDON[script.skinshortcuts 32045]</label>
					<label2>$VAR[Label_SkinSetting_Backgrounds]</label2>
					<visible>!String.IsEqual(Window.Property(groupname),powermenu)</visible>
				</control>
				<control type="button" id="405">
					<description>Edit submenu</description>
					<width>1256</width>
					<include>DefaultSettingButton</include>
					<label>$ADDON[script.skinshortcuts 32072]</label>
					<visible>String.IsEqual(Window.Property(groupname),mainmenu)</visible>
					<visible>!String.IsEqual(Container(211).ListItem.Property(widget),WeatherWidget) + ![String.IsEmpty(Container(211).ListItem.Property(HideBannerWidget)) + String.IsEqual(Container(211).ListItem.Property(widget),PictureWidget) + !Skin.HasSetting(horizontal_menu)]</visible>
				</control>
				<control type="button" id="312">
					<width>1256</width>
					<include>DefaultSettingButton</include>
					<label>$ADDON[script.skinshortcuts 32044]</label>
					<label2>$INFO[Container(211).ListItem.Property(widgetName)]</label2>
					<visible>!String.IsEqual(Container(211).ListItem.Property(widget),MoviesWidget) + !String.IsEqual(Container(211).ListItem.Property(widget),TVShowsWidget) + !String.IsEqual(Container(211).ListItem.Property(widget),MusicWidget) + !String.IsEqual(Container(211).ListItem.Property(widget),MusicVideoWidget) + !String.IsEqual(Container(211).ListItem.Property(widget),SourcesWidget)</visible>
					<visible>String.IsEqual(Window.Property(groupname),mainmenu)</visible>
				</control>
				<control type="button" id="1452">
					<width>1256</width>
					<include>DefaultSettingButton</include>
					<label>$ADDON[script.skinshortcuts 32044] 1</label>
					<label2>$VAR[MoviesWidget1Label2Var]</label2>
					<onclick>SetProperty(widgetID, movies1)</onclick>
					<onclick>SendClick(312)</onclick>
					<visible>String.IsEqual(Window.Property(groupname),mainmenu)</visible>
					<visible>String.IsEqual(Container(211).ListItem.Property(widget),MoviesWidget)</visible>
				</control>
				<control type="button" id="1453">
					<width>1256</width>
					<include>DefaultSettingButton</include>
					<label>$ADDON[script.skinshortcuts 32044] 2</label>
					<label2>$VAR[MoviesWidget2Label2Var]</label2>
					<onclick>SetProperty(widgetID, movies2)</onclick>
					<onclick>SendClick(312)</onclick>
					<visible>String.IsEqual(Window.Property(groupname),mainmenu)</visible>
					<visible>String.IsEqual(Container(211).ListItem.Property(widget),MoviesWidget)</visible>
				</control>
				<control type="button" id="1454">
					<width>1256</width>
					<include>DefaultSettingButton</include>
					<label>$ADDON[script.skinshortcuts 32044] 3</label>
					<label2>$VAR[MoviesWidget3Label2Var]</label2>
					<onclick>SetProperty(widgetID, movies3)</onclick>
					<onclick>SendClick(312)</onclick>
					<visible>String.IsEqual(Window.Property(groupname),mainmenu)</visible>
					<visible>String.IsEqual(Container(211).ListItem.Property(widget),MoviesWidget)</visible>
				</control>
				<control type="button" id="1455">
					<width>1256</width>
					<include>DefaultSettingButton</include>
					<label>$ADDON[script.skinshortcuts 32044] 4</label>
					<label2>$VAR[MoviesWidget4Label2Var]</label2>
					<onclick>SetProperty(widgetID, movies4)</onclick>
					<onclick>SendClick(312)</onclick>
					<visible>String.IsEqual(Window.Property(groupname),mainmenu)</visible>
					<visible>String.IsEqual(Container(211).ListItem.Property(widget),MoviesWidget)</visible>
				</control>
				<control type="button" id="1456">
					<width>1256</width>
					<include>DefaultSettingButton</include>
					<label>$ADDON[script.skinshortcuts 32044] 1</label>
					<label2>$VAR[TVShowsWidget1Label2Var]</label2>
					<onclick>SetProperty(widgetID, tvshows1)</onclick>
					<onclick>SendClick(312)</onclick>
					<visible>String.IsEqual(Window.Property(groupname),mainmenu)</visible>
					<visible>String.IsEqual(Container(211).ListItem.Property(widget),TVShowsWidget)</visible>
				</control>
				<control type="button" id="1457">
					<width>1256</width>
					<include>DefaultSettingButton</include>
					<label>$ADDON[script.skinshortcuts 32044] 2</label>
					<label2>$VAR[TVShowsWidget2Label2Var]</label2>
					<onclick>SetProperty(widgetID, tvshows2)</onclick>
					<onclick>SendClick(312)</onclick>
					<visible>String.IsEqual(Window.Property(groupname),mainmenu)</visible>
					<visible>String.IsEqual(Container(211).ListItem.Property(widget),TVShowsWidget)</visible>
				</control>
				<control type="button" id="1458">
					<width>1256</width>
					<include>DefaultSettingButton</include>
					<label>$ADDON[script.skinshortcuts 32044] 3</label>
					<label2>$VAR[TVShowsWidget3Label2Var]</label2>
					<onclick>SetProperty(widgetID, tvshows3)</onclick>
					<onclick>SendClick(312)</onclick>
					<visible>String.IsEqual(Window.Property(groupname),mainmenu)</visible>
					<visible>String.IsEqual(Container(211).ListItem.Property(widget),TVShowsWidget)</visible>
				</control>
				<control type="button" id="1460">
					<width>1256</width>
					<include>DefaultSettingButton</include>
					<label>$ADDON[script.skinshortcuts 32044] 1</label>
					<label2>$VAR[MusicWidget1Label2Var]</label2>
					<onclick>SetProperty(widgetID, music1)</onclick>
					<onclick>SendClick(312)</onclick>
					<visible>String.IsEqual(Window.Property(groupname),mainmenu)</visible>
					<visible>String.IsEqual(Container(211).ListItem.Property(widget),MusicWidget)</visible>
				</control>
				<control type="button" id="1461">
					<width>1256</width>
					<include>DefaultSettingButton</include>
					<label>$ADDON[script.skinshortcuts 32044] 2</label>
					<label2>$VAR[MusicWidget2Label2Var]</label2>
					<onclick>SetProperty(widgetID, music2)</onclick>
					<onclick>SendClick(312)</onclick>
					<visible>String.IsEqual(Window.Property(groupname),mainmenu)</visible>
					<visible>String.IsEqual(Container(211).ListItem.Property(widget),MusicWidget)</visible>
				</control>
				<control type="button" id="1462">
					<width>1256</width>
					<include>DefaultSettingButton</include>
					<label>$ADDON[script.skinshortcuts 32044] 3</label>
					<label2>$VAR[MusicWidget3Label2Var]</label2>
					<onclick>SetProperty(widgetID, music3)</onclick>
					<onclick>SendClick(312)</onclick>
					<visible>String.IsEqual(Window.Property(groupname),mainmenu)</visible>
					<visible>String.IsEqual(Container(211).ListItem.Property(widget),MusicWidget)</visible>
				</control>
				<control type="button" id="1463">
					<width>1256</width>
					<include>DefaultSettingButton</include>
					<label>$ADDON[script.skinshortcuts 32044] 4</label>
					<label2>$VAR[MusicWidget4Label2Var]</label2>
					<onclick>SetProperty(widgetID, music4)</onclick>
					<onclick>SendClick(312)</onclick>
					<visible>String.IsEqual(Window.Property(groupname),mainmenu)</visible>
					<visible>String.IsEqual(Container(211).ListItem.Property(widget),MusicWidget)</visible>
				</control>
				<control type="button" id="1471">
					<width>1256</width>
					<include>DefaultSettingButton</include>
					<label>$ADDON[script.skinshortcuts 32044] 5</label>
					<label2>$VAR[MusicWidget5Label2Var]</label2>
					<onclick>SetProperty(widgetID, music5)</onclick>
					<onclick>SendClick(312)</onclick>
					<visible>String.IsEqual(Window.Property(groupname),mainmenu)</visible>
					<visible>String.IsEqual(Container(211).ListItem.Property(widget),MusicWidget)</visible>
				</control>
				<control type="button" id="1472">
					<width>1256</width>
					<include>DefaultSettingButton</include>
					<label>$ADDON[script.skinshortcuts 32044] 6</label>
					<label2>$VAR[MusicWidget6Label2Var]</label2>
					<onclick>SetProperty(widgetID, music6)</onclick>
					<onclick>SendClick(312)</onclick>
					<visible>String.IsEqual(Window.Property(groupname),mainmenu)</visible>
					<visible>String.IsEqual(Container(211).ListItem.Property(widget),MusicWidget)</visible>
				</control>
				<control type="button" id="1464">
					<width>1256</width>
					<include>DefaultSettingButton</include>
					<label>$ADDON[script.skinshortcuts 32044] 1</label>
					<label2>$VAR[MusicVideoWidget1Label2Var]</label2>
					<onclick>SetProperty(widgetID, musicvideo1)</onclick>
					<onclick>SendClick(312)</onclick>
					<visible>String.IsEqual(Window.Property(groupname),mainmenu)</visible>
					<visible>String.IsEqual(Container(211).ListItem.Property(widget),MusicVideoWidget)</visible>
				</control>
				<control type="button" id="1465">
					<width>1256</width>
					<include>DefaultSettingButton</include>
					<label>$ADDON[script.skinshortcuts 32044] 2</label>
					<label2>$VAR[MusicVideoWidget2Label2Var]</label2>
					<onclick>SetProperty(widgetID, musicvideo2)</onclick>
					<onclick>SendClick(312)</onclick>
					<visible>String.IsEqual(Window.Property(groupname),mainmenu)</visible>
					<visible>String.IsEqual(Container(211).ListItem.Property(widget),MusicVideoWidget)</visible>
				</control>
				<control type="button" id="1466">
					<width>1256</width>
					<include>DefaultSettingButton</include>
					<label>$ADDON[script.skinshortcuts 32044] 3</label>
					<label2>$VAR[MusicVideoWidget3Label2Var]</label2>
					<onclick>SetProperty(widgetID, musicvideo3)</onclick>
					<onclick>SendClick(312)</onclick>
					<visible>StringCompare(Window.Property(groupname),mainmenu)</visible>
					<visible>String.IsEqual(Container(211).ListItem.Property(widget),MusicVideoWidget)</visible>
				</control>
				<control type="button" id="1467">
					<width>1256</width>
					<include>DefaultSettingButton</include>
					<label>$ADDON[script.skinshortcuts 32044] 4</label>
					<label2>$VAR[MusicVideoWidget4Label2Var]</label2>
					<onclick>SetProperty(widgetID, musicvideo4)</onclick>
					<onclick>SendClick(312)</onclick>
					<visible>String.IsEqual(Window.Property(groupname),mainmenu)</visible>
					<visible>String.IsEqual(Container(211).ListItem.Property(widget),MusicVideoWidget)</visible>
				</control>
				<control type="button" id="1468">
					<width>1256</width>
					<include>DefaultSettingButton</include>
					<label>$ADDON[script.skinshortcuts 32044] 1</label>
					<label2>$VAR[SourcesWidget1Label2Var]</label2>
					<onclick>SetProperty(widgetID, sources1)</onclick>
					<onclick>SendClick(312)</onclick>
					<visible>String.IsEqual(Window.Property(groupname),mainmenu)</visible>
					<visible>String.IsEqual(Container(211).ListItem.Property(widget),SourcesWidget)</visible>
				</control>
				<control type="button" id="1469">
					<width>1256</width>
					<include>DefaultSettingButton</include>
					<label>$ADDON[script.skinshortcuts 32044] 2</label>
					<label2>$VAR[SourcesWidget2Label2Var]</label2>
					<onclick>SetProperty(widgetID, sources2)</onclick>
					<onclick>SendClick(312)</onclick>
					<visible>String.IsEqual(Window.Property(groupname),mainmenu)</visible>
					<visible>String.IsEqual(Container(211).ListItem.Property(widget),SourcesWidget)</visible>
				</control>
				<control type="button" id="1470">
					<width>1256</width>
					<include>DefaultSettingButton</include>
					<label>$ADDON[script.skinshortcuts 32044] 3</label>
					<label2>$VAR[SourcesWidget3Label2Var]</label2>
					<onclick>SetProperty(widgetID, sources3)</onclick>
					<onclick>SendClick(312)</onclick>
					<visible>String.IsEqual(Window.Property(groupname),mainmenu)</visible>
					<visible>String.IsEqual(Container(211).ListItem.Property(widget),SourcesWidget)</visible>
				</control>
				<control type="button" id="3128">
 					<label>40023</label>
 					<label2>$INFO[Container(211).ListItem.Property(PictureWidget)]</label2>
 					<width>1256</width>
 					<include>DefaultSettingButton</include>
 					<visible>String.IsEqual(Container(211).ListItem.Property(widget),PictureWidget)</visible>
 				</control>
 				<control type="radiobutton" id="3129">
 					<label>40086</label>
 					<width>1256</width>
 					<include>DefaultSettingButton</include>
					<selected>!String.IsEmpty(Container(211).ListItem.Property(HideBannerWidget))</selected>
 					<visible>String.IsEqual(Container(211).ListItem.Property(widget),PictureWidget)</visible>
 				</control>
 				<control type="radiobutton" id="3132">
 					<label>40126</label>
 					<width>1256</width>
 					<include>DefaultSettingButton</include>
					<selected>Skin.HasSetting(show_episodesfanarts)</selected>
					<onclick>Skin.ToggleSetting(show_episodesfanarts)</onclick>
 					<visible>String.IsEqual(Container(211).ListItem.Property(widget),TVShowsWidget)</visible>
 				</control>			
				<control type="button" id="303">
					<description>Move up</description>
					<label>$LOCALIZE[31159]</label>
					<width>1256</width>
					<include>DefaultSettingButton</include>
				</control>
				<control type="button" id="304">
					<description>Move down</description>
					<label>$LOCALIZE[31160]</label>
					<width>1256</width>
					<include>DefaultSettingButton</include>
				</control>
				<control type="button" id="302">
					<description>Delete shortcut</description>
					<width>1256</width>
					<include>DefaultSettingButton</include>
				</control>
				<control type="button" id="301">
					<description>Add shortcut</description>
					<width>1256</width>
					<include>DefaultSettingButton</include>
					<label>$ADDON[script.skinshortcuts 32000]</label>
				</control>
			</control>
			<control type="textbox" id="6">
				<description>description area</description>
				<left>590</left>
				<top>810</top>
				<width>1150</width>
				<height>83</height>
				<font>font12</font>
				<align>justify</align>
				<textcolor>$VAR[SkinColorVar]</textcolor>
				<label>$VAR[SkinSettingsHelpTextVar]</label>
				<autoscroll time="3000" delay="4000" repeat="5000">true</autoscroll>
			</control>
		</control>
		</control>
		<control type="group">
		<include>OpenClose_Right</include>
		<control type="button">
			<left>1141</left>
			<top>105</top>
			<width>48</width>
			<height>24</height>
			<texturefocus colordiffuse="$VAR[SkinColorVar]" flipy="true">overlays/arrowdown.png</texturefocus>
			<texturenofocus colordiffuse="$VAR[SkinColorVar]" flipy="true">overlays/arrowdown.png</texturenofocus>
			<animation effect="zoom" start="100,0" end="100,100" center="auto" time="200" delay="10">VisibleChange</animation>
			<animation effect="zoom" start="100,0" end="100,100" delay="500" center="auto" time="200">WindowOpen</animation>
			<animation effect="zoom" start="100,100" end="100,0" center="auto" time="200">WindowClose</animation>
			<onclick>SetFocus(90001)</onclick>
			<onclick>PageUp</onclick>
			<animation effect="fade" time="200">VisibleChange</animation>
			<visible>Container(90001).HasPrevious</visible>
		</control>
		<control type="button">
			<left>1141</left>
			<top>940</top>
			<width>48</width>
			<height>24</height>
			<texturefocus colordiffuse="$VAR[SkinColorVar]">overlays/arrowdown.png</texturefocus>
			<texturenofocus colordiffuse="$VAR[SkinColorVar]">overlays/arrowdown.png</texturenofocus>
			<animation effect="zoom" start="100,0" end="100,100" center="auto" time="200" delay="10">VisibleChange</animation>
			<animation effect="zoom" start="100,0" end="100,100" delay="500" center="auto" time="200">WindowOpen</animation>
			<animation effect="zoom" start="100,100" end="100,0" center="auto" time="200">WindowClose</animation>
			<onclick>SetFocus(90001)</onclick>
			<onclick>PageDown</onclick>
			<animation effect="fade" time="200">VisibleChange</animation>
			<visible>Container(90001).HasNext</visible>
		</control>
		</control>
		<include content="TopBar">
			<param name="breadcrumbs_label" value="$LOCALIZE[5] / $LOCALIZE[20077]" />
			<param name="breadcrumbs_icon" value="icons/settings/skin.png" />
		</include>
		<include>BottomBar</include>
	</controls>
</window>
