<?xml version="1.0" encoding="UTF-8"?>
<includes>
    <include name="View_56_ClearLogos">
        <control type="group">
            <visible>Control.IsVisible(56)</visible>
            <include>Visible_Right</include>
            <include>OpenClose_Right</include>
            <top>160</top>
            <control type="image">
                <left>385</left>
                <top>218</top>
                <width>28</width>
                <height>28</height>
                <texture flipx="true" colordiffuse="$VAR[SkinColorVar]">overlays/arrowright.png</texture>
                <animation effect="zoom" start="0,100" end="100,100" center="auto" time="200">VisibleChange</animation>
                <animation effect="zoom" start="0,100" end="100,100" delay="500" center="auto" time="200">WindowOpen</animation>
                <animation effect="zoom" start="100,100" end="0,100" center="auto" time="200">WindowClose</animation>
            </control>
            <control type="image">
                <right>385</right>
                <top>218</top>
                <width>28</width>
                <height>28</height>
                <texture colordiffuse="$VAR[SkinColorVar]">overlays/arrowright.png</texture>
                <animation effect="zoom" start="0,100" end="100,100" center="auto" time="200">VisibleChange</animation>
                <animation effect="zoom" start="0,100" end="100,100" delay="500" center="auto" time="200">WindowOpen</animation>
                <animation effect="zoom" start="100,100" end="0,100" center="auto" time="200">WindowClose</animation>
            </control>
            <control type="button" id="56500">
                <left>65</left>
                <top>218</top>
                <width>28</width>
                <height>28</height>
                <texturefocus></texturefocus>
                <texturenofocus></texturenofocus>
                <onclick>Control.Move(56,-1)</onclick>
                <visible allowhiddenfocus="true">Container(56).HasPrevious + [Control.HasFocus(56) | Control.HasFocus(56500)]</visible>
            </control>
            <control type="button" id="56501">
                <right>65</right>
                <top>218</top>
                <width>28</width>
                <height>28</height>
                <texturefocus></texturefocus>
                <texturenofocus></texturenofocus>
                <onclick>Control.Move(56,1)</onclick>
                <visible allowhiddenfocus="true">Container(56).HasNext + [Control.HasFocus(56) | Control.HasFocus(56501)]</visible>
            </control>
            <include content="View_ClearLogos">
                <param name="id" value="56" />
                <param name="condition" value="Container.Content(sets) | Container.Content(tvshows) | Container.Content(movies)" />
            </include>
        </control>
    </include>
    <include name="View_ClearLogos">
        <include>View_ClearLogos_Top</include>
        <control type="group">
            <control type="wraplist" id="$PARAM[id]">
                <top>495</top>
                <left>-39</left>
                <width>2638</width>
                <height>230</height>
                <onleft>$PARAM[id]</onleft>
                <onright>$PARAM[id]</onright>
                <ondown>5199</ondown>
                <onup condition="!Skin.HasSetting(KioskMode)">9000</onup>
                <pagecontrol>5199</pagecontrol>
                <focusposition>3</focusposition>
                <preloaditems>1</preloaditems>
                <orientation>horizontal</orientation>
                <viewtype label="ClearLogos">bigwide</viewtype>
                <scrolltime tween="cubic" easing="out">500</scrolltime>
                <visible>$PARAM[condition]</visible>
                <itemlayout height="230" width="378">
                    <control type="group">
                        <left>0</left>
                        <right>10</right>
                        <control type="group">
                            <centertop>50%</centertop>
                            <height>186</height>
                            <width>330</width>
                            <centerleft>50%</centerleft>
                            <visible>String.IsEmpty(ListItem.Art(clearlogo))</visible>
                            <visible>String.IsEmpty(ListItem.Art(tvshow.clearlogo))</visible>
                            <control type="image">
                                <height>100%</height>
                                <width>100%</width>
                                <aspectratio align="center" aligny="center">keep</aspectratio>
                                <texture fallback="DefaultVideoFanart.png">$INFO[ListItem.Art(fanart)]</texture>
                            </control>
                            <control type="image">
                                <centerleft>50%</centerleft>
                                <bottom>0</bottom>
                                <height>35</height>
                                <width>330</width>
                                <texture>dialogs/back.png</texture>
                            </control>
                            <control type="label">
                                <centerleft>50%</centerleft>
                                <bottom>5</bottom>
                                <height>30</height>
                                <width>330</width>
                                <align>center</align>
                                <aligny>center</aligny>
                                <scroll>true</scroll>
                                <font>font10</font>
                                <label>$INFO[ListItem.Label]</label>
                            </control>
                        </control>
                        <control type="image">
                            <centertop>50%</centertop>
                            <height>186</height>
                            <width>330</width>
                            <centerleft>50%</centerleft>
                            <aspectratio align="center" aligny="center">keep</aspectratio>
                            <texture>$VAR[ClearLogoViewVar]</texture>
                        </control>
                    </control>
                </itemlayout>
                <focusedlayout height="230" width="378">
                    <control type="group">
                        <left>0</left>
                        <right>10</right>
                        <control type="group">
                            <centertop>50%</centertop>
                            <height>186</height>
                            <width>330</width>
                            <centerleft>50%</centerleft>
                            <visible>String.IsEmpty(ListItem.Art(clearlogo))</visible>
                            <visible>String.IsEmpty(ListItem.Art(tvshow.clearlogo))</visible>
                            <control type="image">
                                <height>100%</height>
                                <width>100%</width>
                                <aspectratio align="center" aligny="center">keep</aspectratio>
                                <texture fallback="DefaultVideoFanart.png">$INFO[ListItem.Art(fanart)]</texture>
                            </control>
                            <control type="image">
                                <centerleft>50%</centerleft>
                                <bottom>0</bottom>
                                <height>35</height>
                                <width>330</width>
                                <texture>dialogs/back.png</texture>
                            </control>
                            <control type="label">
                                <centerleft>50%</centerleft>
                                <bottom>5</bottom>
                                <height>30</height>
                                <width>330</width>
                                <align>center</align>
                                <aligny>center</aligny>
                                <scroll>true</scroll>
                                <font>font10</font>
                                <label>$INFO[ListItem.Label]</label>
                            </control>
                        </control>
                        <control type="image">
                            <centertop>50%</centertop>
                            <height>186</height>
                            <width>330</width>
                            <centerleft>50%</centerleft>
                            <aspectratio align="center" aligny="center">keep</aspectratio>
                            <texture>$VAR[ClearLogoViewVar]</texture>
                        </control>
                    </control>
                </focusedlayout>
            </control>
        </control>
    </include>
    <include name="View_ClearLogos_Top">
        <control type="image">
            <left>-500</left>
            <right>-500</right>
            <height>230</height>
            <bottom>195</bottom>
            <texture>dialogs/back.png</texture>
        </control>
        <control type="image">
            <centerleft>50%</centerleft>
            <height>272</height>
            <width>390</width>
            <bottom>173</bottom>
            <texture border="40" colordiffuse="$VAR[SkinColorVar]">buttons/dialogbutton-fo.png</texture>
        </control>
        <control type="group">
            <top>20</top>
            <height>430</height>
            <control type="image">
                <centerleft>50%</centerleft>
                <width>1658</width>
                <height>100%</height>
                <texture>dialogs/back.png</texture>
            </control>
            <control type="image">
                <top>10</top>
                <posx>1369</posx>
                <height>410</height>
                <width>730</width>
                <fadetime>200</fadetime>
                <aspectratio>stretch</aspectratio>
                <texture fallback="DefaultVideoFanart.png" background="true">$VAR[ListInfoBoxImageVar]</texture>
            </control>
            <control type="textbox">
                <top>10</top>
                <posx>439</posx>
                <left>769</left>
                <right>10</right>
                <width>580</width>
                <height>338</height>
                <font>font12</font>
                <align>justify</align>
                <label>$VAR[PlotSpoilerVar]</label>
                <textcolor>$VAR[SkinColorVar]</textcolor>
                <autoscroll delay="10000" time="4000" repeat="10000">Skin.HasSetting(autoscroll)</autoscroll>
                <visible>!ListItem.IsCollection + String.IsEqual(ListItem.DBType,tvshow)</visible>
            </control>
            <control type="textbox">
                <top>10</top>
                <posx>439</posx>
                <left>769</left>
                <right>10</right>
                <width>580</width>
                <height>365</height>
                <font>font12</font>
                <align>justify</align>
                <label>$VAR[PlotSpoilerVar]</label>
                <textcolor>$VAR[SkinColorVar]</textcolor>
                <autoscroll delay="10000" time="4000" repeat="10000">Skin.HasSetting(autoscroll)</autoscroll>
                <visible>!ListItem.IsCollection + !String.IsEqual(ListItem.DBType,tvshow)</visible>
            </control>
            <control type="textbox">
                <top>10</top>
                <posx>439</posx>
                <left>769</left>
                <right>10</right>
                <width>580</width>
                <height>365</height>
                <font>font12</font>
                <align>justify</align>
                <label>$INFO[Window(Home).Property(SkinHelper.ListItem.ExtendedPlot]</label>
                <autoscroll delay="10000" time="4000" repeat="10000">Skin.HasSetting(autoscroll)</autoscroll>
                <visible>ListItem.IsCollection</visible>
            </control>
            <control type="image">
                <bottom>2</bottom>
                <posx>1311</posx>
                <width>48</width>
                <height>48</height>
                <texture>$VAR[ListWatchedIconVar]</texture>
            </control>
            <control type="label">
                <bottom>40</bottom>
                <posx>439</posx>
                <left>769</left>
                <right>10</right>
                <width>535</width>
                <height>30</height>
                <scroll>true</scroll>
                <font>font12</font>
                <label>$LOCALIZE[126] : [COLOR white]$INFO[ListItem.Status][/COLOR]</label>
                <textcolor>$VAR[SkinColorVar]</textcolor>
                <visible>!String.IsEmpty(ListItem.Status)</visible>
            </control>
            <control type="label">
                <bottom>40</bottom>
                <posx>439</posx>
                <left>769</left>
                <right>10</right>
                <width>535</width>
                <height>30</height>
                <scroll>true</scroll>
                <font>font12</font>
                <label>$LOCALIZE[126] : [COLOR white]$INFO[Window(Home).Property(NextAired.Status)][/COLOR]</label>
                <textcolor>$VAR[SkinColorVar]</textcolor>
                <visible>String.IsEmpty(ListItem.Status) + !String.IsEmpty(Window(Home).Property(NextAired.Status))</visible>
            </control>
            <control type="label">
                <bottom>10</bottom>
                <posx>439</posx>
                <left>769</left>
                <right>10</right>
                <width>535</width>
                <height>30</height>
                <scroll>true</scroll>
                <font>font12</font>
                <label>$INFO[ListItem.Genre,$LOCALIZE[515] : [COLOR white],[/COLOR]]</label>
                <textcolor>$VAR[SkinColorVar]</textcolor>
                <visible>String.IsEqual(ListItem.DBType,tvshow)</visible>
            </control>
            <control type="label">
                <bottom>10</bottom>
                <posx>439</posx>
                <left>769</left>
                <right>10</right>
                <width>535</width>
                <height>30</height>
                <scroll>true</scroll>
                <font>font12</font>
                <textcolor>$VAR[SkinColorVar]</textcolor>
                <label>$INFO[ListItem.Genre]</label>
                <visible>!String.IsEqual(ListItem.DBType,tvshow)</visible>
            </control>
            <control type="label">
                <bottom>10</bottom>
                <posx>439</posx>
                <left>769</left>
                <right>10</right>
                <width>535</width>
                <height>30</height>
                <scroll>true</scroll>
                <font>font12</font>
                <textcolor>$VAR[SkinColorVar]</textcolor>
                <label>$INFO[Window(Home).Property(SkinHelper.ListItem.Genre)]</label>
                <visible>ListItem.IsCollection</visible>
            </control>
            <control type="image">
                <top>10</top>
                <posx>461</posx>
                <height>410</height>
                <width>288</width>
                <fadetime>200</fadetime>
                <aspectratio>stretch</aspectratio>
                <texture background="true" fallback="DefaultVideoCover.png">$VAR[PosterImageVar]</texture>
            </control>
        </control>
    </include>
</includes>