<?xml version="1.0" encoding="UTF-8"?>
<overrides>
    <!-- Icons overrides -->
    <icon image="DefaultShortcut.png">special://skin/extras/icons/addtile.png</icon>
    <icon labelID="livetv">DefaultTVGuide.png</icon>
    <icon labelID="radio">DefaultRadioGuide.png</icon>
    
    <!-- Additionnal Widgets -->
    <widget label="40211" icon="DefaultPoster.png">PersonalWidgetPoster</widget>
    <widget label="40212" icon="DefaultThumb.png">PersonalWidgetThumb</widget>
    <widget label="40213" icon="DefaultIcon.png">PersonalWidgetIcon</widget>
    <widget label="40230" icon="DefaultHub.png">HubWidget</widget>
    <widget label="40008" icon="Weather.png">WeatherWidget</widget>
    <widget label="40009" icon="DefaultMovies.png">MoviesWidget</widget>
    <widget label="40010" icon="DefaultTVShows.png">TVShowsWidget</widget>
    <widget label="40115" icon="DefaultMusicVideos.png">MusicVideoWidget</widget>
    <widget label="40011" icon="DefaultMusicSongs.png">MusicWidget</widget>
    <widget label="40012" icon="DefaultAddon.png">AddonsWidget</widget>
    <widget label="40013" icon="DefaultNetwork.png">SourcesWidget</widget>
    <widget label="40016" icon="DefaultPicture.png">PictureWidget</widget>
    <widget label="40014" icon="DefaultTVGuide.png">LiveTVWidget</widget>
    <widget label="40168" icon="DefaultTVGuide.png">LiveTVWidget2</widget>
    <widget label="40015" icon="DefaultRadioGuide.png">RadioWidget</widget>
    
    <!-- Default Widgets -->
    <widgetdefault labelID="videos">SourcesWidget</widgetdefault>
    <widgetdefault labelID="movies">MoviesWidget</widgetdefault>
    <widgetdefault labelID="tvshows">TVShowsWidget</widgetdefault>
    <widgetdefault labelID="musicvideo">MusicVideoWidget</widgetdefault>
    <widgetdefault labelID="music">MusicWidget</widgetdefault>
    <widgetdefault labelID="radio">RadioWidget</widgetdefault>
    <widgetdefault labelID="livetv">LiveTVWidget</widgetdefault>
    <widgetdefault labelID="picture">PictureWidget</widgetdefault>
    <widgetdefault labelID="addon">AddonsWidget</widgetdefault>
    <widgetdefault labelID="weather">WeatherWidget</widgetdefault>
    <widgetdefault labelID="power">PowerWidget</widgetdefault>
    <widgetdefault labelID="setting">SettingsWidget</widgetdefault>
    <widgetdefault labelID="favourite">FavouritesWidget</widgetdefault>
    <widgetdefault labelID="filemanager">FileManagerWidget</widgetdefault>
    <widgetdefault labelID="search">SearchWidget</widgetdefault>
    <widgetdefault labelID="disc">DiscWidget</widgetdefault>
    
    <!-- Default Backgrounds -->
    <backgrounddefault labelID="videos">special://skin/extras/home-images/videos.jpg</backgrounddefault>
    <backgrounddefault labelID="movies">special://skin/extras/home-images/movies.jpg</backgrounddefault>
    <backgrounddefault labelID="tvshows">special://skin/extras/home-images/tvshows.jpg</backgrounddefault>
    <backgrounddefault labelID="musicvideo">special://skin/extras/home-images/musicvideo.jpg</backgrounddefault>
    <backgrounddefault labelID="music">special://skin/extras/home-images/music.jpg</backgrounddefault>
    <backgrounddefault labelID="radio">special://skin/extras/home-images/radio.jpg</backgrounddefault>
    <backgrounddefault labelID="livetv">special://skin/extras/home-images/livetv.jpg</backgrounddefault>
    <backgrounddefault labelID="picture">special://skin/extras/home-images/pictures.jpg</backgrounddefault>
    <backgrounddefault labelID="addon">special://skin/extras/home-images/addons.jpg</backgrounddefault>
    <backgrounddefault labelID="weather">special://skin/extras/home-images/weather.jpg</backgrounddefault>
    <backgrounddefault labelID="power">special://skin/extras/home-images/power.jpg</backgrounddefault>
    <backgrounddefault labelID="setting">special://skin/extras/home-images/settings.jpg</backgrounddefault>
    <backgrounddefault labelID="favourite">special://skin/extras/home-images/favorites.jpg</backgrounddefault>
    <backgrounddefault labelID="filemanager">special://skin/extras/home-images/filemanager.jpg</backgrounddefault>
    <backgrounddefault labelID="search">special://skin/extras/home-images/search.jpg</backgrounddefault>
    <backgrounddefault labelID="disc">special://skin/extras/home-images/disc.jpg</backgrounddefault>
    
    <!-- Widget Settings -->
    <propertySettings toggle="HideBannerWidget" buttonID="3129" templateonly="True" />
    <propertySettings property="PictureWidget" buttonID="3128" title="$LOCALIZE[40023]" showNone="True" imageBrowse="True" />
    <propertySettings property="hubImage" buttonID="1492" title="$LOCALIZE[40221]" showNone="True" imageBrowse="True" />
    <propertySettings toggle="HideBannerWidget2" buttonID="1495" templateonly="True" />
    <propertySettings toggle="ReplaceThumbWidget" buttonID="3132" templateonly="True" />
    <propertySettings toggle="UseClearLogos" buttonID="1503" templateonly="True" />
    
    <!-- Background -->
    <background label="smartshortcuts">||BROWSE||plugin://script.skin.helper.service/?action=backgrounds</background>
    <background label="smartshortcuts">||BROWSE||special://skin/extras/home-images</background>
    <backgroundBrowse default="protocol://">True</backgroundBrowse>
    
    <!-- Icons Directory -->
    <thumbnailBrowseDefault>special://skin/extras/icons/</thumbnailBrowseDefault>
    
     <!-- Context Menu -->
    <contextmenu>
        <enableon>211</enableon>
        <item control="303">$LOCALIZE[40265]</item>
        <item control="304">$LOCALIZE[40266]</item>
        <item control="313" condition="String.IsEqual(Container(211).ListItem.Property(skinshortcuts-disabled),False)">$LOCALIZE[40269]</item>
        <item control="313" condition="String.IsEqual(Container(211).ListItem.Property(skinshortcuts-disabled),True)">$LOCALIZE[40268]</item>
        <item control="301">$LOCALIZE[40267]</item>
        <item control="302">$LOCALIZE[40270]</item>
    </contextmenu>
    
    <!-- Groupings -->
    <groupings>
        <node label="Hubs">
            <shortcut label="$LOCALIZE[40223]" type="Hub" icon="special://skin/extras/icons/movie.png">ActivateWindow(1114)</shortcut>
            <shortcut label="$LOCALIZE[40224]" type="Hub" icon="special://skin/extras/icons/tv.png">ActivateWindow(1115)</shortcut>
            <shortcut label="$LOCALIZE[40225]" type="Hub" icon="DefaultAddonLookAndFeel.png">ActivateWindow(1116)</shortcut>
            <shortcut label="$LOCALIZE[40228]" type="Hub" icon="DefaultAddonLookAndFeel.png">ActivateWindow(1117)</shortcut>
            <shortcut label="$LOCALIZE[40229]" type="Hub" icon="DefaultAddonLookAndFeel.png">ActivateWindow(1118)</shortcut>
        </node>
        <node label="32029">
            <content>common</content>
            <shortcut label="$ADDON[script.skin.helper.service 32062]" type="32010" icon="DefaultFolder.png" condition="System.HasAddon(script.skin.helper.service)">||BROWSE||script.skin.helper.service/?action=smartshortcuts</shortcut>
        </node>
        <node label="32030">
            <content>video</content>
            <node label="32040">
                <content>playlist-video</content>
            </node>
            <node label="32010">
                <shortcut label="1037" type="32014" icon="DefaultAddonVideo.png">ActivateWindow(Videos,Addons,return)</shortcut>
                <content>addon-video</content>
            </node>
            <node label="32075">
                <content>videosources</content>
                <content>upnp-video</content>
            </node>
        </node>
        <node label="32031">
            <content>music</content>
            <node label="32040">
                <content>playlist-audio</content>
            </node>
            <node label="32011">
                <shortcut label="1038" type="32019" icon="DefaultAddonMusic.png">ActivateWindow(MusicLibrary,Addons,return)</shortcut>
                <content>addon-audio</content>
            </node>
            <node label="32075">
                <content>musicsources</content>
                <content>upnp-music</content>
            </node>
        </node>
        <node label="32017" condition="System.GetBool(pvrmanager.enabled)" version="13">
            <content>pvr</content>
            <node label="19023">
                <content>pvr-tv</content>
            </node>
            <node label="19024">
                <content>pvr-radio</content>
            </node>
        </node>
        <node label="32017" condition="PVR.HasTVChannels">
            <content>pvr</content>
            <node label="19023">
                <content>pvr-tv</content>
            </node>
        </node>
        <node label="32087" condition="PVR.HasRadioChannels">
            <content>radio</content>
            <node label="19024">
                <content>pvr-radio</content>
            </node>
        </node>
        <node label="32020">
            <content>picturesources</content>
        </node>
        <node label="32007">
            <node label="32009">
                <shortcut label="10001" type="32021" icon="DefaultAddonProgram.png">ActivateWindow(Programs,Addons,return)</shortcut>
                <shortcut label="20244" type="32021" icon="DefaultAddonProgram.png" condition="System.Platform.Android">ActivateWindow(Programs,androidapp://sources/apps,return)</shortcut>
                <content>addon-program</content>
            </node>
            <node label="32010">
                <shortcut label="1037" type="32014" icon="DefaultAddonVideo.png">ActivateWindow(Videos,Addons,return)</shortcut>
                <content>addon-video</content>
            </node>
            <node label="32011">
                <shortcut label="1038" type="32019" icon="DefaultAddonMusic.png">ActivateWindow(MusicLibrary,Addons,return)</shortcut>
                <content>addon-audio</content>
            </node>
            <node label="32012">
                <shortcut label="1039" type="32020" icon="DefaultAddonPicture.png">ActivateWindow(Pictures,Addons,return)</shortcut>
                <content>addon-image</content>
            </node>
        </node>
        <node label="32006">
            <content>favourite</content>
        </node>
        <node label="10004">
            <content>settings</content>
        </node>
        <node label="32054">
            <shortcut label="20183" type="32054" icon="ReloadSkin.png">ReloadSkin()</shortcut>
            <content>commands</content>
        </node>
    </groupings>
    <widget-groupings>
        <node label="40234" condition="!String.IsEmpty(Window(home).Property(WidgetVisibility))">
            <shortcut label="40008" icon="Weather.png" widget="WeatherWidget">WeatherWidget</shortcut>
            <shortcut label="40009" icon="DefaultMovies.png" widget="MoviesWidget">MoviesWidget</shortcut>
            <shortcut label="40010" icon="DefaultTVShows.png" widget="TVShowsWidget">TVShowsWidget</shortcut>
            <shortcut label="40115" icon="DefaultMusicVideos.png" widget="MusicVideoWidget">MusicVideoWidget</shortcut>
            <shortcut label="40011" icon="DefaultMusicSongs.png" widget="MusicWidget">MusicWidget</shortcut>
            <shortcut label="40012" icon="DefaultAddon.png" widget="AddonsWidget">AddonsWidget</shortcut>
            <shortcut label="40013" icon="DefaultNetwork.png" widget="MusicWidget">MusicWidget</shortcut>
            <shortcut label="40016" icon="DefaultPicture.png" widget="PictureWidget">PictureWidget</shortcut>
            <shortcut label="40014" icon="DefaultTVGuide.png" widget="LiveTVWidget">LiveTVWidget</shortcut>
            <shortcut label="40168" icon="DefaultTVGuide.png" widget="LiveTVWidget2">LiveTVWidget2</shortcut>
            <shortcut label="40015" icon="DefaultRadioGuide.png" widget="RadioWidget">RadioWidget</shortcut>
        </node>
        <node label="40233" condition="!String.IsEmpty(Window(home).Property(WidgetVisibility))">
            <shortcut label="40211" icon="DefaultPoster.png" widget="PersonalWidgetPoster">PersonalWidgetPoster</shortcut>
            <shortcut label="40212" icon="DefaultThumb.png" widget="PersonalWidgetThumb">PersonalWidgetThumb</shortcut>
            <shortcut label="40213" icon="DefaultIcon.png" widget="PersonalWidgetIcon">PersonalWidgetIcon</shortcut>
            <shortcut label="40230" icon="DefaultHub.png" widget="HubWidget">HubWidget</shortcut>
        </node>
        <shortcut label="40085" icon="DefaultFolder.png" condition="String.IsEmpty(Window(home).Property(WidgetVisibility)) + System.HasAddon(script.skin.helper.service)">||BROWSE||script.skin.helper.service/?action=widgets&amp;path=skinplaylists,librarydataprovider,scriptwidgets,extendedinfo,smartshortcuts,pvr,smartishwidgets</shortcut>
        <shortcut label="32107" type="32021" icon="DefaultAddon.png" condition="String.IsEmpty(Window(home).Property(WidgetVisibility)) + !System.HasAddon(script.skin.helper.service)">::INSTALL::script.skin.helper.service</shortcut>
        <node label="32030" condition="String.IsEmpty(Window(home).Property(WidgetVisibility))">
            <content>video</content>
            <node label="32040">
                <content>playlist-video</content>
            </node>
            <node label="32010">
                <content>addon-video</content>
            </node>
            <node label="32075">
                <content>videosources</content>
            </node>
        </node>
        <node label="32031" condition="String.IsEmpty(Window(home).Property(WidgetVisibility))">
            <content>music</content>
            <node label="32040">
                <content>playlist-audio</content>
            </node>
            <node label="32011">
                <content>addon-audio</content>
            </node>
            <node label="32075">
                <content>musicsources</content>
            </node>
        </node>
        <node label="32020" condition="String.IsEmpty(Window(home).Property(WidgetVisibility))">
            <content>picturesources</content>
        </node>
        <node label="32007" condition="String.IsEmpty(Window(home).Property(WidgetVisibility))">
            <node label="32009">
                <content>addon-program-plugin</content>
            </node>
            <node label="32010">
                <content>addon-video</content>
            </node>
            <node label="32011">
                <content>addon-audio</content>
            </node>
            <node label="32012">
                <content>addon-image</content>
            </node>
            <shortcut label="10001" type="32021" icon="DefaultAddonProgram.png" widget="addon" widgetType="program" widgetTarget="programs">addons://sources/executable</shortcut>
            <shortcut label="20244" type="32021" icon="DefaultAddonProgram.png" widget="addon" widgetType="program" widgetTarget="programs" condition="System.Platform.Android">androidapp://sources/apps</shortcut>
            <shortcut label="1037" type="32014" icon="DefaultAddonVideo.png" widget="addon" widgetType="video" widgetTarget="video">addons://sources/video</shortcut>
            <shortcut label="1038" type="32019" icon="DefaultAddonMusic.png" widget="addon" widgetType="music" widgetTarget="music">addons://sources/audio</shortcut>
            <shortcut label="1039" type="32020" icon="DefaultAddonPicture.png" widget="addon" widgetType="picture" widgetTarget="pictures">addons://sources/image</shortcut>
        </node>
    </widget-groupings>
</overrides>