﻿<?xml version="1.0" encoding="UTF-8" standalone="yes"?>
<addon id="resource.images.skinbackgrounds.estuarymod" name="Skin Backgrounds for Estuary MOD V2" version="1.0.0" provider-name="Guilouz">
	<extension point="kodi.resource.images" compile="false" type="skinbackgrounds" />
	<requires>
		<import addon="kodi.resource" version="1.0.0"/>
	</requires>
	<extension point="xbmc.addon.metadata">
		<summary lang="en">Skin backgrounds Pack for Estuary MOD V2</summary>
		<description lang="en">Skin backgrounds Pack for Estuary MOD V2</description>
		<summary lang="fr">Pack d'arrière-plans pour Estuary MOD V2</summary>
		<description lang="fr">Pack d'arrière-plans pour Estuary MOD V2</description>
		<platform>all</platform>
	</extension>
</addon>
