<?xml version="1.0" encoding="UTF-8"?>
<window>
    <defaultcontrol always="true">3010</defaultcontrol>
    <controls>
        <control type="group">
            <include>Animation_DialogPopupOpenClose</include>
            <width>1860</width>
            <height>1025</height>
            <centerleft>50%</centerleft>
            <centertop>50%</centertop>
            <include content="DialogBackgroundCommons">
                <param name="DialogBackgroundWidth" value="1860" />
                <param name="DialogBackgroundHeight" value="1025" />
                <param name="DialogHeaderLabel" value="$LOCALIZE[137]..." />
            </include>
            <!-- search panel with keyboard -->
            <control type="group">
                <top>70</top>
                <left>40</left>
                <width>520</width>
                <!-- left panel -->
                <control type="image">
                    <left>0</left>
                    <top>25</top>
                    <width>520</width>
                    <height>905</height>
                    <aspectratio>stretch</aspectratio>
                    <texture border="15">dialogs/white.png</texture>
                    <animation effect="fade" reversible="false" end="80" time="0" condition="true">Conditional</animation>
                    <colordiffuse>FF3e3e3e</colordiffuse>
                </control>
                <control type="label">
                    <left>10</left>
                    <top>122</top>
                    <width>500</width>
                    <align>center</align>
                    <height>50</height>
                    <textcolor>white</textcolor>
                    <scroll>yes</scroll>
                    <label>$LOCALIZE[16017] :</label>
                </control>
                <!-- edit label -->
                <control type="button" id="3010">
                    <left>15</left>
                    <top>172</top>
                    <align>center</align>
                    <width>490</width>
                    <height>90</height>
                    <ondown>3020</ondown>
                    <onback>down</onback>
                    <onright>2900</onright>
                    <textoffsetx>30</textoffsetx>
                </control>
                <control type="grouplist">
                    <orientation>vertical</orientation>
                    <left>15</left>
                    <top>272</top>
                    <!-- First Row -->
                    <control type="grouplist">
                        <left>0</left>
                        <top>300</top>
                        <width>900</width>
                        <height>80</height>
                        <onright>2900</onright>
                        <itemgap>-10</itemgap>
                        <orientation>horizontal</orientation>
                        <control type="button" id="3020">
                            <width>90</width>
                            <height>90</height>
                            <label>A</label>
                            <align>center</align>
                            <aligny>center</aligny>
                            <onleft>noop</onleft>
                            <onright>3021</onright>
                            <onup>3010</onup>
                            <ondown>3026</ondown>
                        </control>
                        <control type="button" id="3021">
                            <width>90</width>
                            <height>90</height>
                            <label>B</label>
                            <align>center</align>
                            <aligny>center</aligny>
                            <onleft>3020</onleft>
                            <onright>3022</onright>
                            <onup>3010</onup>
                            <ondown>3027</ondown>
                        </control>
                        <control type="button" id="3022">
                            <width>90</width>
                            <height>90</height>
                            <label>C</label>
                            <align>center</align>
                            <aligny>center</aligny>
                            <onleft>3021</onleft>
                            <onright>3023</onright>
                            <onup>3010</onup>
                            <ondown>3028</ondown>
                        </control>
                        <control type="button" id="3023">
                            <width>90</width>
                            <height>90</height>
                            <label>D</label>
                            <align>center</align>
                            <aligny>center</aligny>
                            <onleft>3022</onleft>
                            <onright>3024</onright>
                            <onup>3010</onup>
                            <ondown>3029</ondown>
                        </control>
                        <control type="button" id="3024">
                            <width>90</width>
                            <height>90</height>
                            <label>E</label>
                            <align>center</align>
                            <aligny>center</aligny>
                            <onleft>3023</onleft>
                            <onright>3025</onright>
                            <onup>3010</onup>
                            <ondown>3030</ondown>
                        </control>
                        <control type="button" id="3025">
                            <width>90</width>
                            <height>90</height>
                            <label>F</label>
                            <align>center</align>
                            <aligny>center</aligny>
                            <onleft>3024</onleft>
                            <onright>2900</onright>
                            <onup>3010</onup>
                            <ondown>3031</ondown>
                        </control>
                    </control>
                    <!-- Second Row -->
                    <control type="grouplist">
                        <left>50</left>
                        <top>220</top>
                        <height>80</height>
                        <width>900</width>
                        <onright>2900</onright>
                        <itemgap>-10</itemgap>
                        <orientation>horizontal</orientation>
                        <control type="button" id="3026">
                            <width>90</width>
                            <height>90</height>
                            <label>G</label>
                            <align>center</align>
                            <aligny>center</aligny>
                            <onleft>noop</onleft>
                            <onright>3027</onright>
                            <onup>3020</onup>
                            <ondown>3032</ondown>
                        </control>
                        <control type="button" id="3027">
                            <width>90</width>
                            <height>90</height>
                            <label>H</label>
                            <align>center</align>
                            <aligny>center</aligny>
                            <onleft>3026</onleft>
                            <onright>3028</onright>
                            <onup>3021</onup>
                            <ondown>3033</ondown>
                        </control>
                        <control type="button" id="3028">
                            <width>90</width>
                            <height>90</height>
                            <label>I</label>
                            <align>center</align>
                            <aligny>center</aligny>
                            <onleft>3027</onleft>
                            <onright>3029</onright>
                            <onup>3022</onup>
                            <ondown>3034</ondown>
                        </control>
                        <control type="button" id="3029">
                            <width>90</width>
                            <height>90</height>
                            <label>J</label>
                            <align>center</align>
                            <aligny>center</aligny>
                            <onleft>3028</onleft>
                            <onright>3030</onright>
                            <onup>3023</onup>
                            <ondown>3035</ondown>
                        </control>
                        <control type="button" id="3030">
                            <width>90</width>
                            <height>90</height>
                            <label>K</label>
                            <align>center</align>
                            <aligny>center</aligny>
                            <onleft>3029</onleft>
                            <onright>3031</onright>
                            <onup>3024</onup>
                            <ondown>3036</ondown>
                        </control>
                        <control type="button" id="3031">
                            <width>90</width>
                            <height>90</height>
                            <label>L</label>
                            <align>center</align>
                            <aligny>center</aligny>
                            <onleft>3030</onleft>
                            <onright>2900</onright>
                            <onup>3025</onup>
                            <ondown>3037</ondown>
                        </control>
                    </control>
                    <!-- Third Row -->
                    <control type="grouplist">
                        <left>50</left>
                        <top>320</top>
                        <width>900</width>
                        <onright>2900</onright>
                        <itemgap>-10</itemgap>
                        <height>80</height>
                        <orientation>horizontal</orientation>
                        <control type="button" id="3032">
                            <width>90</width>
                            <height>90</height>
                            <label>M</label>
                            <align>center</align>
                            <aligny>center</aligny>
                            <onleft>noop</onleft>
                            <onright>3033</onright>
                            <onup>3026</onup>
                            <ondown>3038</ondown>
                        </control>
                        <control type="button" id="3033">
                            <width>90</width>
                            <height>90</height>
                            <label>N</label>
                            <align>center</align>
                            <aligny>center</aligny>
                            <onleft>3032</onleft>
                            <onright>3034</onright>
                            <onup>3027</onup>
                            <ondown>3039</ondown>
                        </control>
                        <control type="button" id="3034">
                            <width>90</width>
                            <height>90</height>
                            <label>O</label>
                            <align>center</align>
                            <aligny>center</aligny>
                            <onleft>3033</onleft>
                            <onright>3035</onright>
                            <onup>3028</onup>
                            <ondown>3040</ondown>
                        </control>
                        <control type="button" id="3035">
                            <width>90</width>
                            <height>90</height>
                            <label>P</label>
                            <align>center</align>
                            <aligny>center</aligny>
                            <onleft>3034</onleft>
                            <onright>3036</onright>
                            <onup>3029</onup>
                            <ondown>3041</ondown>
                        </control>
                        <control type="button" id="3036">
                            <width>90</width>
                            <height>90</height>
                            <label>Q</label>
                            <align>center</align>
                            <aligny>center</aligny>
                            <onleft>3035</onleft>
                            <onright>3037</onright>
                            <onup>3030</onup>
                            <ondown>3042</ondown>
                        </control>
                        <control type="button" id="3037">
                            <width>90</width>
                            <height>90</height>
                            <label>R</label>
                            <align>center</align>
                            <aligny>center</aligny>
                            <onleft>3036</onleft>
                            <onright>2900</onright>
                            <onup>3031</onup>
                            <ondown>3043</ondown>
                        </control>
                    </control>
                    <!-- Forth Row -->
                    <control type="grouplist">
                        <left>50</left>
                        <top>420</top>
                        <width>900</width>
                        <height>80</height>
                        <onright>2900</onright>
                        <itemgap>-10</itemgap>
                        <orientation>horizontal</orientation>
                        <control type="button" id="3038">
                            <width>90</width>
                            <height>90</height>
                            <label>S</label>
                            <align>center</align>
                            <aligny>center</aligny>
                            <onleft>noop</onleft>
                            <onright>3039</onright>
                            <onup>3032</onup>
                            <ondown>3044</ondown>
                        </control>
                        <control type="button" id="3039">
                            <width>90</width>
                            <height>90</height>
                            <label>T</label>
                            <align>center</align>
                            <aligny>center</aligny>
                            <onleft>3038</onleft>
                            <onright>3040</onright>
                            <onup>3033</onup>
                            <ondown>3045</ondown>
                        </control>
                        <control type="button" id="3040">
                            <width>90</width>
                            <height>90</height>
                            <label>U</label>
                            <align>center</align>
                            <aligny>center</aligny>
                            <onleft>3039</onleft>
                            <onright>3041</onright>
                            <onup>3034</onup>
                            <ondown>3046</ondown>
                        </control>
                        <control type="button" id="3041">
                            <width>90</width>
                            <height>90</height>
                            <label>V</label>
                            <align>center</align>
                            <aligny>center</aligny>
                            <onleft>3040</onleft>
                            <onright>3042</onright>
                            <onup>3035</onup>
                            <ondown>3047</ondown>
                        </control>
                        <control type="button" id="3042">
                            <width>90</width>
                            <height>90</height>
                            <label>W</label>
                            <align>center</align>
                            <aligny>center</aligny>
                            <onleft>3041</onleft>
                            <onright>3043</onright>
                            <onup>3036</onup>
                            <ondown>3048</ondown>
                        </control>
                        <control type="button" id="3043">
                            <width>90</width>
                            <height>90</height>
                            <label>X</label>
                            <align>center</align>
                            <aligny>center</aligny>
                            <onleft>3042</onleft>
                            <onright>2900</onright>
                            <onup>3037</onup>
                            <ondown>3049</ondown>
                        </control>
                    </control>
                    <!-- Fifth Row -->
                    <control type="grouplist">
                        <left>50</left>
                        <top>520</top>
                        <width>900</width>
                        <height>80</height>
                        <onright>2900</onright>
                        <itemgap>-10</itemgap>
                        <orientation>horizontal</orientation>
                        <control type="button" id="3044">
                            <width>90</width>
                            <height>90</height>
                            <label>Y</label>
                            <align>center</align>
                            <aligny>center</aligny>
                            <onleft>noop</onleft>
                            <onright>3045</onright>
                            <onup>3038</onup>
                            <ondown>3050</ondown>
                        </control>
                        <control type="button" id="3045">
                            <width>90</width>
                            <height>90</height>
                            <label>Z</label>
                            <align>center</align>
                            <aligny>center</aligny>
                            <onleft>3044</onleft>
                            <onright>3046</onright>
                            <onup>3039</onup>
                            <ondown>3051</ondown>
                        </control>
                        <control type="button" id="3046">
                            <width>90</width>
                            <height>90</height>
                            <label>$NUMBER[0]</label>
                            <align>center</align>
                            <aligny>center</aligny>
                            <onleft>3045</onleft>
                            <onright>3047</onright>
                            <onup>3040</onup>
                            <ondown>3052</ondown>
                        </control>
                        <control type="button" id="3047">
                            <width>90</width>
                            <height>90</height>
                            <label>$NUMBER[1]</label>
                            <align>center</align>
                            <aligny>center</aligny>
                            <onleft>3046</onleft>
                            <onright>3048</onright>
                            <onup>3041</onup>
                            <ondown>3053</ondown>
                        </control>
                        <control type="button" id="3048">
                            <width>90</width>
                            <height>90</height>
                            <label>$NUMBER[2]</label>
                            <align>center</align>
                            <aligny>center</aligny>
                            <onleft>3047</onleft>
                            <onright>3049</onright>
                            <onup>3042</onup>
                            <ondown>3054</ondown>
                        </control>
                        <control type="button" id="3049">
                            <width>90</width>
                            <height>90</height>
                            <label>$NUMBER[3]</label>
                            <align>center</align>
                            <aligny>center</aligny>
                            <onleft>3048</onleft>
                            <onright>2900</onright>
                            <onup>3043</onup>
                            <ondown>3055</ondown>
                        </control>
                    </control>
                    <!-- sixth Row -->
                    <control type="grouplist">
                        <left>50</left>
                        <top>620</top>
                        <width>900</width>
                        <height>80</height>
                        <onright>2900</onright>
                        <itemgap>-10</itemgap>
                        <orientation>horizontal</orientation>
                        <control type="button" id="3050">
                            <width>90</width>
                            <height>90</height>
                            <label>$NUMBER[4]</label>
                            <align>center</align>
                            <aligny>center</aligny>
                            <onleft>noop</onleft>
                            <onright>3051</onright>
                            <onup>3044</onup>
                            <ondown>3056</ondown>
                        </control>
                        <control type="button" id="3051">
                            <width>90</width>
                            <height>90</height>
                            <label>$NUMBER[5]</label>
                            <align>center</align>
                            <aligny>center</aligny>
                            <onleft>3050</onleft>
                            <onright>3052</onright>
                            <onup>3045</onup>
                            <ondown>3056</ondown>
                        </control>
                        <control type="button" id="3052">
                            <width>90</width>
                            <height>90</height>
                            <label>$NUMBER[6]</label>
                            <align>center</align>
                            <aligny>center</aligny>
                            <onleft>3051</onleft>
                            <onright>3053</onright>
                            <onup>3046</onup>
                            <ondown>3057</ondown>
                        </control>
                        <control type="button" id="3053">
                            <width>90</width>
                            <height>90</height>
                            <label>$NUMBER[7]</label>
                            <align>center</align>
                            <aligny>center</aligny>
                            <onleft>3052</onleft>
                            <onright>3054</onright>
                            <onup>3047</onup>
                            <ondown>3057</ondown>
                        </control>
                        <control type="button" id="3054">
                            <width>90</width>
                            <height>90</height>
                            <label>$NUMBER[8]</label>
                            <align>center</align>
                            <aligny>center</aligny>
                            <onleft>3053</onleft>
                            <onright>3055</onright>
                            <onup>3048</onup>
                            <ondown>3058</ondown>
                        </control>
                        <control type="button" id="3055">
                            <width>90</width>
                            <height>90</height>
                            <label>$NUMBER[9]</label>
                            <align>center</align>
                            <aligny>center</aligny>
                            <onleft>3054</onleft>
                            <onright>2900</onright>
                            <onup>3049</onup>
                            <ondown>3058</ondown>
                        </control>
                    </control>
                    <!-- Seventh Row -->
                    <control type="grouplist">
                        <left>50</left>
                        <top>720</top>
                        <width>900</width>
                        <height>80</height>
                        <itemgap>-10</itemgap>
                        <onright>2900</onright>
                        <orientation>horizontal</orientation>
                        <control type="button" id="3056">
                            <width>170</width>
                            <font>font13</font>
                            <width>90</width>
                            <height>90</height>
                            <label>20181</label>
                            <align>center</align>
                            <aligny>center</aligny>
                            <onleft>noop</onleft>
                            <onright>3057</onright>
                            <onup>3050</onup>
                            <ondown>noop</ondown>
                        </control>
                        <control type="button" id="3057">
                            <width>170</width>
                            <font>font13</font>
                            <width>90</width>
                            <height>90</height>
                            <label>20182</label>
                            <align>center</align>
                            <aligny>center</aligny>
                            <onleft>3056</onleft>
                            <onright>3058</onright>
                            <onup>3052</onup>
                            <ondown>noop</ondown>
                        </control>
                        <control type="button" id="3058">
                            <width>170</width>
                            <font>font13</font>
                            <width>90</width>
                            <height>90</height>
                            <label>192</label>
                            <align>center</align>
                            <aligny>center</aligny>
                            <onleft>3057</onleft>
                            <onright>2900</onright>
                            <onup>3054</onup>
                            <ondown>noop</ondown>
                        </control>
                    </control>
                </control>
            </control>
            <!-- Movie Results -->
            <control type="group" id="2900">
                <top>70</top>
                <left>650</left>
                <!-- right panel -->
                <control type="image">
                    <left>-40</left>
                    <top>25</top>
                    <width>1210</width>
                    <height>905</height>
                    <aspectratio>stretch</aspectratio>
                    <texture border="15">dialogs/white.png</texture>
                    <animation effect="fade" reversible="false" end="80" time="0" condition="true">Conditional</animation>
                    <colordiffuse>FF3e3e3e</colordiffuse>
                </control>
                <control type="label">
                    <left>30</left>
                    <top>30</top>
                    <height>25</height>
                    <width>221</width>
                    <label>342</label>
                    <font>font13_title</font>
                    <textcolor>white</textcolor>
                </control>
                <control type="panel" id="3110">
                    <left>30</left>
                    <top>70</top>
                    <width>1080</width>
                    <height>245</height>
                    <onleft>3025</onleft>
                    <onright>noop</onright>
                    <onup>noop</onup>
                    <ondown>3111</ondown>
                    <pagecontrol>noop</pagecontrol>
                    <scrolltime>200</scrolltime>
                    <orientation>horizontal</orientation>
                    <!-- itemlayout movies -->
                    <itemlayout height="245" width="182">
                        <control type="group">
                            <posx>7</posx>
                            <posy>7</posy>
                            <control type="image">
                                <width>150</width>
                                <height>221</height>
                                <bordersize>-6</bordersize>
                                <texture border="0" colordiffuse="FF1D1D1D">dialogs/white.png</texture>
                            </control>
                            <control type="image">
                                <width>150</width>
                                <height>221</height>
                                <texture border="1" background="true" fallback="DefaultVideoCover.png">$VAR[PosterVar]</texture>
                                <aspectratio scalediffuse="true" aligny="bottom" align="center">stretch</aspectratio>
                                <bordersize>0</bordersize>
                            </control>
                        </control>
                    </itemlayout>
                    <!-- focussed layout movies -->
                    <focusedlayout height="245" width="182">
                        <control type="group">
                            <posx>7</posx>
                            <posy>7</posy>
                            <!--Poster-->
                            <control type="image">
                                <width>150</width>
                                <height>221</height>
                                <bordersize>-6</bordersize>
                                <texture border="0" colordiffuse="$VAR[SkinColorVar]">dialogs/white.png</texture>
                            </control>
                            <control type="image">
                                <width>150</width>
                                <height>221</height>
                                <texture border="1" background="true" fallback="DefaultVideoCover.png">$VAR[PosterVar]</texture>
                                <aspectratio scalediffuse="true" aligny="bottom" align="center">stretch</aspectratio>
                                <bordersize>0</bordersize>
                            </control>
                        </control>
                    </focusedlayout>
                </control>
                <!-- Series -->
                <control type="label">
                    <left>30</left>
                    <top>320</top>
                    <height>25</height>
                    <width>221</width>
                    <label>20343</label>
                    <font>font13_title</font>
                </control>
                <control type="panel" id="3111">
                    <left>30</left>
                    <top>360</top>
                    <width>1080</width>
                    <height>245</height>
                    <onleft>3025</onleft>
                    <onright>noop</onright>
                    <onup>3110</onup>
                    <ondown>3112</ondown>
                    <pagecontrol>noop</pagecontrol>
                    <scrolltime>200</scrolltime>
                    <orientation>horizontal</orientation>
                    <!-- itemlayout series -->
                    <itemlayout height="245" width="182">
                        <control type="group">
                            <posx>7</posx>
                            <posy>7</posy>
                            <control type="image">
                                <width>150</width>
                                <height>221</height>
                                <bordersize>-6</bordersize>
                                <texture border="0" colordiffuse="FF1D1D1D">dialogs/white.png</texture>
                            </control>
                            <control type="image">
                                <width>150</width>
                                <height>221</height>
                                <texture border="1" background="true" fallback="DefaultVideoCover.png">$VAR[PosterVar]</texture>
                                <aspectratio scalediffuse="true" aligny="bottom" align="center">stretch</aspectratio>
                                <bordersize>0</bordersize>
                            </control>
                        </control>
                    </itemlayout>
                    <!-- focussed layout series -->
                    <focusedlayout height="245" width="182">
                        <control type="group">
                            <posx>7</posx>
                            <posy>7</posy>
                            <!--Poster-->
                            <control type="image">
                                <width>150</width>
                                <height>221</height>
                                <bordersize>-6</bordersize>
                                <texture border="0" colordiffuse="$VAR[SkinColorVar]">dialogs/white.png</texture>
                            </control>
                            <control type="image">
                                <width>150</width>
                                <height>221</height>
                                <texture border="1" background="true" diffuse="poster.png" fallback="DefaultVideoCover.png">$VAR[PosterVar]</texture>
                                <aspectratio scalediffuse="true" aligny="bottom" align="center">stretch</aspectratio>
                                <bordersize>0</bordersize>
                            </control>
                        </control>
                    </focusedlayout>
                </control>
                <!-- episodes -->
                <control type="label">
                    <left>30</left>
                    <top>610</top>
                    <height>25</height>
                    <width>221</width>
                    <label>20360</label>
                    <font>font13_title</font>
                    <textcolor>white</textcolor>
                </control>
                <control type="panel" id="3112">
                    <left>30</left>
                    <top>650</top>
                    <width>1080</width>
                    <height>280</height>
                    <onleft>3025</onleft>
                    <onright>noop</onright>
                    <onup>3111</onup>
                    <ondown>noop</ondown>
                    <pagecontrol>noop</pagecontrol>
                    <scrolltime>200</scrolltime>
                    <orientation>horizontal</orientation>
                    <itemlayout height="245" width="182">
                        <control type="group">
                            <posx>7</posx>
                            <posy>7</posy>
                            <control type="image">
                                <width>150</width>
                                <height>221</height>
                                <bordersize>-6</bordersize>
                                <texture border="0" colordiffuse="FF1D1D1D">dialogs/white.png</texture>
                            </control>
                            <control type="image">
                                <width>150</width>
                                <height>221</height>
                                <texture border="1" background="true" fallback="DefaultVideoCover.png">$VAR[PosterVar]</texture>
                                <aspectratio scalediffuse="true" aligny="bottom" align="center">stretch</aspectratio>
                                <bordersize>0</bordersize>
                            </control>
                        </control>
                    </itemlayout>
                    <focusedlayout height="245" width="182">
                        <control type="group">
                            <posx>7</posx>
                            <posy>7</posy>
                            <control type="image">
                                <width>150</width>
                                <height>221</height>
                                <bordersize>-6</bordersize>
                                <texture border="0" colordiffuse="$VAR[SkinColorVar]">dialogs/white.png</texture>
                            </control>
                            <control type="image">
                                <width>150</width>
                                <height>221</height>
                                <texture border="1" background="true" fallback="DefaultVideoCover.png">$VAR[PosterVar]</texture>
                                <aspectratio scalediffuse="true" aligny="bottom" align="center">stretch</aspectratio>
                                <bordersize>0</bordersize>
                            </control>
                        </control>
                    </focusedlayout>
                </control>
            </control>
        </control>
        <control type="label">
            <bottom>0</bottom>
            <left>710</left>
            <width>1072</width>
            <height>93</height>
            <align>center</align>
            <font>font12</font>
            <scroll>yes</scroll>
            <label>$INFO[Container(3112).Listitem.tvshowtitle] - $INFO[Container(3112).Listitem.Label]</label>
            <visible>Control.HasFocus(3112)</visible>
        </control>
        <control type="group">
            <control type="button">
                <left>661</left>
                <top>270</top>
                <width>32</width>
                <height>32</height>
                <texturefocus colordiffuse="$VAR[SkinColorVar]" flipx="true">overlays/arrowright.png</texturefocus>
                <texturenofocus colordiffuse="$VAR[SkinColorVar]" flipx="true">overlays/arrowright.png</texturenofocus>
                <animation effect="zoom" start="0,100" end="100,100" center="auto" time="200">VisibleChange</animation>
                <animation effect="zoom" start="0,100" end="100,100" delay="500" center="auto" time="200">WindowOpen</animation>
                <animation effect="zoom" start="100,100" end="0,100" center="auto" time="200">WindowClose</animation>
                <onclick>SetFocus(3110)</onclick>
                <onclick>PageUp</onclick>
                <visible>Control.HasFocus(3110) + Container(3110).HasPrevious</visible>
            </control>
            <control type="button">
                <left>1801</left>
                <top>270</top>
                <width>32</width>
                <height>32</height>
                <texturefocus colordiffuse="$VAR[SkinColorVar]">overlays/arrowright.png</texturefocus>
                <texturenofocus colordiffuse="$VAR[SkinColorVar]">overlays/arrowright.png</texturenofocus>
                <animation effect="zoom" start="0,100" end="100,100" center="auto" time="200">VisibleChange</animation>
                <animation effect="zoom" start="0,100" end="100,100" delay="500" center="auto" time="200">WindowOpen</animation>
                <animation effect="zoom" start="100,100" end="0,100" center="auto" time="200">WindowClose</animation>
                <onclick>SetFocus(3110)</onclick>
                <onclick>PageDown</onclick>
                <visible>Control.HasFocus(3110) + Container(3110).HasNext</visible>
            </control>
        </control>
        <control type="group">
            <control type="button">
                <left>661</left>
                <top>560</top>
                <width>32</width>
                <height>32</height>
                <texturefocus colordiffuse="$VAR[SkinColorVar]" flipx="true">overlays/arrowright.png</texturefocus>
                <texturenofocus colordiffuse="$VAR[SkinColorVar]" flipx="true">overlays/arrowright.png</texturenofocus>
                <animation effect="zoom" start="0,100" end="100,100" center="auto" time="200">VisibleChange</animation>
                <animation effect="zoom" start="0,100" end="100,100" delay="500" center="auto" time="200">WindowOpen</animation>
                <animation effect="zoom" start="100,100" end="0,100" center="auto" time="200">WindowClose</animation>
                <onclick>SetFocus(3111)</onclick>
                <onclick>PageUp</onclick>
                <visible>Control.HasFocus(3111) + Container(3111).HasPrevious</visible>
            </control>
            <control type="button">
                <left>1801</left>
                <top>560</top>
                <width>32</width>
                <height>32</height>
                <texturefocus colordiffuse="$VAR[SkinColorVar]">overlays/arrowright.png</texturefocus>
                <texturenofocus colordiffuse="$VAR[SkinColorVar]">overlays/arrowright.png</texturenofocus>
                <animation effect="zoom" start="0,100" end="100,100" center="auto" time="200">VisibleChange</animation>
                <animation effect="zoom" start="0,100" end="100,100" delay="500" center="auto" time="200">WindowOpen</animation>
                <animation effect="zoom" start="100,100" end="0,100" center="auto" time="200">WindowClose</animation>
                <onclick>SetFocus(3111)</onclick>
                <onclick>PageDown</onclick>
                <visible>Control.HasFocus(3111) + Container(3111).HasNext</visible>
            </control>
        </control>
        <control type="group">
            <control type="button">
                <left>661</left>
                <top>850</top>
                <width>32</width>
                <height>32</height>
                <texturefocus colordiffuse="$VAR[SkinColorVar]" flipx="true">overlays/arrowright.png</texturefocus>
                <texturenofocus colordiffuse="$VAR[SkinColorVar]" flipx="true">overlays/arrowright.png</texturenofocus>
                <animation effect="zoom" start="0,100" end="100,100" center="auto" time="200">VisibleChange</animation>
                <animation effect="zoom" start="0,100" end="100,100" delay="500" center="auto" time="200">WindowOpen</animation>
                <animation effect="zoom" start="100,100" end="0,100" center="auto" time="200">WindowClose</animation>
                <onclick>SetFocus(3112)</onclick>
                <onclick>PageUp</onclick>
                <visible>Control.HasFocus(3112) + Container(3112).HasPrevious</visible>
            </control>
            <control type="button">
                <left>1801</left>
                <top>850</top>
                <width>32</width>
                <height>32</height>
                <texturefocus colordiffuse="$VAR[SkinColorVar]">overlays/arrowright.png</texturefocus>
                <texturenofocus colordiffuse="$VAR[SkinColorVar]">overlays/arrowright.png</texturenofocus>
                <animation effect="zoom" start="0,100" end="100,100" center="auto" time="200">VisibleChange</animation>
                <animation effect="zoom" start="0,100" end="100,100" delay="500" center="auto" time="200">WindowOpen</animation>
                <animation effect="zoom" start="100,100" end="0,100" center="auto" time="200">WindowClose</animation>
                <onclick>SetFocus(3112)</onclick>
                <onclick>PageDown</onclick>
                <visible>Control.HasFocus(3112) + Container(3112).HasNext</visible>
            </control>
        </control>
    </controls>
</window>