<?xml version="1.0" encoding="utf-8"?>
<window>
	<defaultcontrol always="true">9000</defaultcontrol>
	<backgroundcolor>background</backgroundcolor>
	<controls>
		<include>DefaultBackground</include>
		<control type="group">
			<centerleft>50%</centerleft>
			<width>1920</width>
			<control type="group">
				<include>OpenClose_Left</include>
            <control type="image">
                <description>background image</description>
                <left>90</left>
                <top>138</top>
                <width>440</width>
                <height>792</height>
                <texture border="22">dialogs/dialog-bg.png</texture>
            </control>
            <control type="list" id="9000">
                <left>110</left>
                <top>160</top>
                <width>400</width>
                <height>700</height>
                <onleft>9100</onleft>
                <onright>9100</onright>
                <onup>9000</onup>
                <ondown>9000</ondown>
                <scrolltime>300</scrolltime>
                <itemlayout height="74" width="400">
                    <control type="image">
                        <left>0</left>
                        <top>0</top>
                        <width>400</width>
                        <height>74</height>
                        <texture border="40">lists/separator.png</texture>
                    </control>
                    <control type="label">
                        <left>20</left>
                        <width>380</width>
                        <height>74</height>
                        <font>font12_title</font>
                        <label>$INFO[ListItem.Label]</label>
                        <aligny>center</aligny>
                        <textcolor>white</textcolor>
                    </control>
                </itemlayout>
                <focusedlayout height="74" width="400">
                    <control type="image">
                        <left>0</left>
                        <top>0</top>
                        <width>348</width>
                        <height>74</height>
                        <texture border="40">lists/separator.png</texture>
                        <visible>!Control.HasFocus(9000)</visible>
                    </control>
                    <control type="image">
                        <left>2</left>
                        <width>396</width>
                        <height>74</height>
                        <texture colordiffuse="$VAR[SkinColorVar]">lists/focus.png</texture>
                        <animation effect="fade" start="100" end="50" time="40" condition="!Control.HasFocus(9000)">Conditional</animation>
                    </control>
                    <control type="label">
                        <left>20</left>
                        <width>380</width>
                        <height>74</height>
                        <aligny>center</aligny>
                        <font>font12_title</font>
                        <label>$INFO[ListItem.Label]</label>
                    </control>
                </focusedlayout>
                <content>
                    <item id="1">
                        <label>$LOCALIZE[128]</label>
                        <onclick>noop</onclick>
                        <icon></icon>
                    </item>
                    <item id="2">
                        <label>$LOCALIZE[13200]</label>
                        <onclick>noop</onclick>
                        <icon></icon>
                    </item>
                </content>
            </control>
        </control>
        <control type="group" id="9100">
            <include>OpenClose_Right</include>
            <control type="image">
                <description>background image</description>
                <left>530</left>
                <top>138</top>
                <width>1300</width>
                <height>792</height>
                <texture border="22">dialogs/dialog-bg.png</texture>
            </control>
            <control type="panel" id="2">
                <left>552</left>
                <top>160</top>
                <visible>Container(9000).Hasfocus(2)</visible>
                <width>1256</width>
                <height>750</height>
                <onleft>9000</onleft>
                <onright>9000</onright>
                <onup>2</onup>
                <ondown>2</ondown>
                <scrolltime>200</scrolltime>
                <itemlayout height="375" width="314">
                    <control type="image">
                        <left>50</left>
                        <top>33</top>
                        <width>214</width>
                        <height>214</height>
                        <bordertexture colordiffuse="border_alpha">colors/black.png</bordertexture>
                        <bordersize>4</bordersize>
                        <aspectratio>scale</aspectratio>
                        <texture border="4" fallback="DefaultUser.png">$INFO[Listitem.Icon]</texture>
                    </control>
                    <control type="label">
                        <left>10</left>
                        <top>250</top>
                        <width>294</width>
                        <height>100</height>
                        <align>center</align>
                        <aligny>top</aligny>
                        <label>$INFO[ListItem.Label]</label>
                    </control>
                    <control type="label">
                        <left>10</left>
                        <top>285</top>
                        <width>294</width>
                        <height>100</height>
                        <font>font10</font>
                        <align>center</align>
                        <aligny>top</aligny>
                        <label>$LOCALIZE[31029] :</label>
                    </control>
                    <control type="label">
                        <left>10</left>
                        <top>310</top>
                        <width>294</width>
                        <height>100</height>
                        <font>font10</font>
                        <align>center</align>
                        <aligny>top</aligny>
                        <label fallback="13170">$INFO[ListItem.Label2]</label>
                    </control>
                </itemlayout>
                <focusedlayout height="375" width="314">
                    <control type="image">
                        <width>314</width>
                        <height>373</height>
                        <texture colordiffuse="$VAR[SkinColorVar]">lists/focus.png</texture>
                        <visible>Control.HasFocus(2)</visible>
                    </control>
                    <control type="image">
                        <left>50</left>
                        <top>33</top>
                        <width>214</width>
                        <height>214</height>
                        <bordertexture colordiffuse="border_alpha">colors/black.png</bordertexture>
                        <bordersize>4</bordersize>
                        <aspectratio>scale</aspectratio>
                        <texture border="4" fallback="DefaultUser.png">$INFO[Listitem.Icon]</texture>
                    </control>
                    <control type="label">
                        <left>10</left>
                        <top>250</top>
                        <width>294</width>
                        <height>100</height>
                        <align>center</align>
                        <aligny>top</aligny>
                        <scroll>yes</scroll>
                        <label>$INFO[ListItem.Label]</label>
                    </control>
                    <control type="label">
                        <left>10</left>
                        <top>285</top>
                        <width>294</width>
                        <height>100</height>
                        <font>font10</font>
                        <align>center</align>
                        <aligny>top</aligny>
                        <label>$LOCALIZE[31029] :</label>
                    </control>
                    <control type="label">
                        <left>10</left>
                        <top>310</top>
                        <width>294</width>
                        <height>100</height>
                        <font>font10</font>
                        <align>center</align>
                        <aligny>top</aligny>
                        <label fallback="13170">$INFO[ListItem.Label2]</label>
                    </control>
                </focusedlayout>
            </control>
            <control type="grouplist" id="9001">
                <visible>Container(9000).Hasfocus(1)</visible>
                <width>1256</width>
                <height>788</height>
                <left>552</left>
                <top>160</top>
                <onleft>9000</onleft>
                <onright>9000</onright>
                <onup>9001</onup>
                <ondown>9001</ondown>
                <control type="radiobutton" id="4">
                    <label>$LOCALIZE[31057]</label>
                    <include>DefaultSettingButton</include>
                    <width>1256</width>
                </control>
                <control type="button" id="5">
                    <label>$LOCALIZE[31058]</label>
                    <label2>$INFO[System.ProfileAutoLogin]</label2>
                    <include>DefaultSettingButton</include>
                    <width>1256</width>
                    <enable>!Window.IsVisible(ProfileSettings) + !System.HasLoginScreen</enable>
                </control>
				</control>
			</control>
		</control>
		<include content="TopBar">
			<param name="breadcrumbs_label" value="$LOCALIZE[10034]" />
			<param name="breadcrumbs_icon" value="icons/settings/profiles.png" />
		</include>
		<include>BottomBar</include>
	</controls>
</window>