<?xml version="1.0" encoding="UTF-8"?>
<includes>
    <include name="View_50_List">
        <include content="UpDownArrows">
            <param name="container_id" value="50" />
            <param name="up_posy" value="144" />
            <param name="down_posy" value="896" />
            <param name="visible" value="!System.HasActiveModalDialog" />
        </include>
        <control type="group">
            <include>OpenClose_Right</include>
            <left>603</left>
            <top>182</top>
            <visible>Control.IsVisible(50)</visible>
            <include>Visible_Right</include>
            <include content="ListContainer">
                <param name="list_id" value="50" />
                <param name="viewtype_label" value="$LOCALIZE[535]" />
            </include>
        </control>
    </include>
    <include name="ListContainer">
        <control type="image">
            <description>background image</description>
            <left>-20</left>
            <top>-19</top>
            <width>1394</width>
            <height>737</height>
            <texture border="22">dialogs/dialog-bg.png</texture>
        </control>
        <control type="list" id="$PARAM[list_id]">
            <left>2</left>
            <top>3</top>
            <width>1350</width>
            <height>693</height>
            <scrolltime tween="cubic" easing="out">500</scrolltime>
            <orientation>vertical</orientation>
            <pagecontrol>$PARAM[list_id]600</pagecontrol>
            <onleft condition="!Skin.HasSetting(KioskMode)">9000</onleft>
            <onright>$PARAM[list_id]600</onright>
            <onup>$PARAM[list_id]</onup>
            <ondown>$PARAM[list_id]</ondown>
            <viewtype label="$PARAM[viewtype_label]">list</viewtype>
            <visible>Container.Content(movies) | Container.Content(sets) | Container.Content(tvshows) | Container.Content(seasons) | Container.Content(episodes)</visible>
            <focusedlayout height="63">
                <control type="image">
                    <left>0</left>
                    <top>0</top>
                    <width>1350</width>
                    <height>63</height>
                    <texture border="90,3,90,3">lists/separator.png</texture>
                    <visible>!Control.HasFocus($PARAM[list_id])</visible>
                </control>
                <control type="image">
                    <left>0</left>
                    <top>0</top>
                    <width>1350</width>
                    <height>65</height>
                    <texture colordiffuse="$VAR[SkinColorVar]">lists/focus.png</texture>
                    <visible>Control.HasFocus($PARAM[list_id])</visible>
                </control>
                <control type="label">
                    <left>70</left>
                    <top>0</top>
                    <height>63</height>
                    <width>1200</width>
                    <aligny>center</aligny>
                    <scroll>true</scroll>
                    <font>fontContextMenu</font>
                    <label>$INFO[ListItem.Label]</label>
                    <shadowcolor>text_shadow</shadowcolor>
                </control>
                <control type="label">
                    <left>135</left>
                    <top>0</top>
                    <height>63</height>
                    <width>1195</width>
                    <align>right</align>
                    <aligny>center</aligny>
                    <font>font12</font>
                    <label>$VAR[ListLabel2Var]</label>
                    <animation effect="fade" start="70" end="100" time="300" reversible="false">Focus</animation>
                    <shadowcolor>text_shadow</shadowcolor>
                </control>
                <control type="image">
                    <left>21</left>
                    <top>14</top>
                    <width>38</width>
                    <height>38</height>
                    <texture>$VAR[ListWatchedIconVar]</texture>
                    <animation effect="fade" start="30" end="100" time="300" reversible="false">Focus</animation>
                </control>
                <control type="image">
                    <left>21</left>
                    <top>14</top>
                    <width>38</width>
                    <height>38</height>
                    <texture colordiffuse="$VAR[SkinColorVar]">$VAR[ListWatchedIconVar]</texture>
                    <animation effect="fade" start="0" end="100" time="300" reversible="false">Focus</animation>
                    <animation effect="fade" time="150">VisibleChange</animation>
                    <visible>!Control.HasFocus($PARAM[list_id])</visible>
                </control>
            </focusedlayout>
            <itemlayout height="63">
                <control type="image">
                    <left>0</left>
                    <top>3</top>
                    <width>1350</width>
                    <height>63</height>
                    <texture border="90,3,90,3">lists/separator.png</texture>
                </control>
                <control type="label">
                    <left>70</left>
                    <top>0</top>
                    <height>63</height>
                    <width>1200</width>
                    <aligny>center</aligny>
                    <font>fontContextMenu</font>
                    <label>$INFO[ListItem.Label]</label>
                    <shadowcolor>text_shadow</shadowcolor>
                </control>
                <control type="label">
                    <left>135</left>
                    <top>0</top>
                    <height>63</height>
                    <width>1195</width>
                    <align>right</align>
                    <aligny>center</aligny>
                    <font>font12</font>
                    <label>$VAR[ListLabel2Var]</label>
                    <textcolor>grey</textcolor>
                    <shadowcolor>text_shadow</shadowcolor>
                </control>
                <control type="image">
                    <left>21</left>
                    <top>14</top>
                    <width>38</width>
                    <height>38</height>
                    <texture colordiffuse="grey">$VAR[ListWatchedIconVar]</texture>
                </control>
            </itemlayout>
        </control>
        <control type="scrollbar" id="$PARAM[list_id]600">
            <left>1360</left>
            <top>1</top>
            <width>12</width>
            <height>696</height>
            <onleft>$PARAM[list_id]</onleft>
            <onright>$PARAM[list_id]</onright>
            <orientation>vertical</orientation>
        </control>
    </include>
    <include name="ListThumbInfoPanel">
        <control type="image">
            <left>90</left>
            <top>166</top>
            <width>509</width>
            <height>509</height>
            <aspectratio>scale</aspectratio>
            <texture>dialogs/back.png</texture>
            <bordertexture border="20">overlays/shadow.png</bordertexture>
            <bordersize>20</bordersize>
        </control>
        <control type="image">
            <left>114</left>
            <top>190</top>
            <width>461</width>
            <height>461</height>
            <aspectratio aligny="center">scale</aspectratio>
            <fadetime>300</fadetime>
            <texture background="true" fallback="DefaultFolder.png">$VAR[IconWallThumbVar]</texture>
        </control>
        <control type="group">
            <left>520</left>
            <top>196</top>
            <include>UserRatingCircle</include>
        </control>
        <control type="group">
            <animation effect="fade" start="100" end="0" time="0" condition="Control.IsVisible(500) + Container.Content(addons)">Conditional</animation>
            <control type="image">
                <left>88</left>
                <top>650</top>
                <width>514</width>
                <height>250</height>
                <texture border="22">dialogs/dialog-bg.png</texture>
            </control>
            <control type="textbox">
                <left>120</left>
                <top>680</top>
                <width>449</width>
                <height>188</height>
                <font>font12</font>
                <autoscroll time="3000" delay="7000" repeat="5000">!System.HasActiveModalDialog</autoscroll>
                <label fallback="19055">$VAR[ListBoxInfoVar]</label>
                <textcolor>$VAR[SkinColorVar]</textcolor>
            </control>
        </control>
    </include>
</includes>