<?xml version="1.0" encoding="UTF-8"?>
<includes>
    <include name="View_59_BigPoster">
        <control type="group">
            <visible>Control.IsVisible(59)</visible>
            <include>Visible_Right</include>
            <include>OpenClose_Right</include>
            <top>180</top>
            <height>700</height>
            <include content="View_BigPoster">
                <param name="width" value="4000" />
                <param name="id" value="59" />
                <param name="condition" value="Container.Content(episodes) | Container.Content(albums) | Container.Content(artists) | Container.Content(seasons) | Container.Content(sets) | Container.Content(tvshows) | Container.Content(movies)" />
            </include>
        </control>
    </include>
    <include name="View_BigPoster">
        <control type="group">
            <control type="wraplist" id="$PARAM[id]">
                <top>0</top>
                <left>-937.5</left>
                <width>$PARAM[width]</width>
                <height>700</height>
                <onleft>$PARAM[id]</onleft>
                <onright>$PARAM[id]</onright>
                <ondown>5199</ondown>
                <onup condition="!Skin.HasSetting(KioskMode)">9000</onup>
                <pagecontrol>5199</pagecontrol>
                <focusposition>4</focusposition>
                <movement>1</movement>
                <preloaditems>2</preloaditems>
                <orientation>horizontal</orientation>
                <viewtype label="$LOCALIZE[40093]">bigicons</viewtype>
                <scrolltime tween="quadratic">400</scrolltime>
                <visible>$PARAM[condition]</visible>
                <itemlayout height="700" width="495" condition="!Container.Content(artists) + !Container.Content(albums) + !Container.Content(episodes)">
                    <control type="group">
                        <left>0</left>
                        <right>20</right>
                        <control type="image">
                            <width>100%</width>
                            <height>100%</height>
                            <texture>dialogs/back.png</texture>
                        </control>
                        <control type="image">
                            <left>10</left>
                            <right>10</right>
                            <top>10</top>
                            <bottom>10</bottom>
                            <aspectratio>stretch</aspectratio>
                            <texture fallback="DefaultVideoCover.png">$VAR[ListPosterVar]</texture>
                        </control>
                    </control>
                </itemlayout>
                <focusedlayout height="700" width="495" condition="!Container.Content(artists) + !Container.Content(albums) + !Container.Content(episodes)">
                    <control type="group">
                        <left>0</left>
                        <right>20</right>
                        <control type="image">
                            <width>100%</width>
                            <height>100%</height>
                            <texture>dialogs/back.png</texture>
                            <visible>!Control.HasFocus($PARAM[id])</visible>
                        </control>
                        <control type="image">
                            <posx>-18</posx>
                            <posy>-18</posy>
                            <width>513</width>
                            <height>738</height>
                            <texture border="40" colordiffuse="$VAR[SkinColorVar]">buttons/dialogbutton-fo.png</texture>
                            <visible>Control.HasFocus($PARAM[id])</visible>
                        </control>
                        <control type="image">
                            <left>10</left>
                            <right>10</right>
                            <top>10</top>
                            <bottom>10</bottom>
                            <aspectratio>stretch</aspectratio>
                            <texture fallback="DefaultVideoCover.png">$VAR[ListPosterVar]</texture>
                        </control>
                        <control type="image">
                            <left>10</left>
                            <bottom>10</bottom>
                            <right>10</right>
                            <height>82</height>
                            <texture>overlays/back.png</texture>
                            <animation effect="fade" start="0" end="100" time="200" delay="250">Focus</animation>
                            <animation effect="fade" start="100" end="0" time="50">UnFocus</animation>
                            <visible>!Skin.HasSetting(hide_posterinfo)</visible>
                        </control>
                        <control type="group">
                            <bottom>15</bottom>
                            <animation effect="fade" start="0" end="100" time="200" delay="250">Focus</animation>
                            <animation effect="fade" start="100" end="0" time="50">UnFocus</animation>
                            <visible>!Skin.HasSetting(hide_posterinfo)</visible>
                            <control type="group">
                                <bottom>35</bottom>
                                <left>80</left>
                                <width>70</width>
                                <height>32</height>
                                <control type="image">
                                    <top>0</top>
                                    <right>41</right>
                                    <width>70</width>
                                    <height>32</height>
                                    <fadetime>300</fadetime>
                                    <aspectratio align="center">keep</aspectratio>
                                    <texture>lists/rating.png</texture>
                                </control>
                                <control type="label">
                                    <right>41</right>
                                    <top>35</top>
                                    <width>70</width>
                                    <height>32</height>
                                    <align>center</align>
                                    <font>font10</font>
                                    <selectedcolor>white</selectedcolor>
                                    <label fallback="-">$INFO[ListItem.Rating]</label>
                                </control>
                            </control>
                            <control type="group">
                                <bottom>35</bottom>
                                <left>244</left>
                                <width>70</width>
                                <height>32</height>
                                <control type="image">
                                    <top>0</top>
                                    <right>41</right>
                                    <width>70</width>
                                    <height>32</height>
                                    <fadetime>300</fadetime>
                                    <aspectratio align="center">keep</aspectratio>
                                    <texture>lists/year.png</texture>
                                </control>
                                <control type="label">
                                    <right>41</right>
                                    <top>35</top>
                                    <width>70</width>
                                    <height>32</height>
                                    <align>center</align>
                                    <font>font10</font>
                                    <selectedcolor>white</selectedcolor>
                                    <label fallback="-">$INFO[ListItem.Year]</label>
                                </control>
                            </control>
                            <control type="image">
                                <right>50</right>
                                <bottom>10</bottom>
                                <width>48</width>
                                <height>48</height>
                                <texture>$VAR[ListWatchedIconVar]</texture>
                            </control>
                        </control>
                    </control>
                </focusedlayout>
                <itemlayout height="700" width="495" condition="Container.Content(artists) | Container.Content(albums)">
                    <control type="group">
                        <left>0</left>
                        <right>20</right>
                        <control type="image">
                            <width>100%</width>
                            <height>100%</height>
                            <texture>dialogs/back.png</texture>
                        </control>
                        <control type="image">
                            <left>10</left>
                            <right>10</right>
                            <top>10</top>
                            <height>435</height>
                            <aspectratio>stretch</aspectratio>
                            <texture fallback="DefaultMusicArtists.png">$VAR[ListPosterVar]</texture>
                            <visible>Container.Content(artists)</visible>
                        </control>
                        <control type="image">
                            <left>10</left>
                            <right>10</right>
                            <top>10</top>
                            <height>435</height>
                            <aspectratio>stretch</aspectratio>
                            <texture fallback="DefaultMusicAlbums.png">$VAR[ListPosterVar]</texture>
                            <visible>Container.Content(albums)</visible>
                        </control>
                        <control type="textbox">
                            <left>0</left>
                            <right>20</right>
                            <width>100%</width>
                            <top>460</top>
                            <bottom>20</bottom>
                            <label>[COLOR $VAR[SkinColorVar]]$INFO[ListItem.Artist,[B],[/B][CR]][/COLOR]$INFO[ListItem.Album,,[CR][CR]]$INFO[ListItem.Year]</label>
                            <align>center</align>
                            <aligny>center</aligny>
                        </control>
                    </control>
                </itemlayout>
                <focusedlayout height="700" width="495" condition="Container.Content(artists) | Container.Content(albums)">
                    <control type="group">
                        <left>0</left>
                        <right>20</right>
                        <control type="image">
                            <width>100%</width>
                            <height>100%</height>
                            <texture>dialogs/back.png</texture>
                            <visible>!Control.HasFocus($PARAM[id])</visible>
                        </control>
                        <control type="image">
                            <posx>-18</posx>
                            <posy>-18</posy>
                            <width>513</width>
                            <height>738</height>
                            <texture border="40" colordiffuse="$VAR[SkinColorVar]">buttons/dialogbutton-fo.png</texture>
                            <visible>Control.HasFocus($PARAM[id])</visible>
                        </control>
                        <control type="image">
                            <left>10</left>
                            <right>10</right>
                            <top>10</top>
                            <height>435</height>
                            <aspectratio>stretch</aspectratio>
                            <texture fallback="DefaultMusicArtists.png">$VAR[ListPosterVar]</texture>
                            <visible>Container.Content(artists)</visible>
                        </control>
                        <control type="image">
                            <left>10</left>
                            <right>10</right>
                            <top>10</top>
                            <height>435</height>
                            <aspectratio>stretch</aspectratio>
                            <texture fallback="DefaultMusicAlbums.png">$VAR[ListPosterVar]</texture>
                            <visible>Container.Content(albums)</visible>
                        </control>
                        <control type="textbox">
                            <left>0</left>
                            <right>20</right>
                            <width>100%</width>
                            <top>460</top>
                            <bottom>20</bottom>
                            <label>$INFO[ListItem.Artist,[B],[/B][CR]]$INFO[ListItem.Album,,[CR][CR]]$INFO[ListItem.Year]</label>
                            <align>center</align>
                            <aligny>center</aligny>
                        </control>
                    </control>
                </focusedlayout>
                <itemlayout height="700" width="495" condition="Container.Content(episodes)">
                    <control type="group">
                        <visible>String.IsEqual(ListItem.Label,..)</visible>
                        <left>0</left>
                        <right>20</right>
                        <control type="image">
                            <width>100%</width>
                            <height>100%</height>
                            <texture>dialogs/back.png</texture>
                        </control>
                        <control type="image">
                            <left>10</left>
                            <right>10</right>
                            <top>10</top>
                            <bottom>10</bottom>
                            <aspectratio align="center" aligny="top">scale</aspectratio>
                            <texture>$INFO[ListItem.Icon]</texture>
                        </control>
                    </control>
                    <control type="group">
                        <visible>!String.IsEqual(ListItem.Label,..)</visible>
                        <left>0</left>
                        <right>20</right>
                        <control type="image">
                            <width>100%</width>
                            <height>100%</height>
                            <texture>dialogs/back.png</texture>
                        </control>
                        <control type="image">
                            <left>10</left>
                            <right>10</right>
                            <top>10</top>
                            <height>256</height>
                            <aspectratio align="center" aligny="top">scale</aspectratio>
                            <texture background="true" fallback="DefaultVideoCover.png">$INFO[ListItem.Art(thumb)]</texture>
                            <visible>!Container.Content(tvshows)</visible>
                        </control>
                        <control type="image">
                            <left>10</left>
                            <right>10</right>
                            <top>10</top>
                            <height>256</height>
                            <aspectratio align="center" aligny="top">scale</aspectratio>
                            <texture background="true" fallback="DefaultVideoCover.png">$VAR[TVShowWidgetImageVar]</texture>
                            <visible>Container.Content(tvshows)</visible>
                        </control>
                        <control type="group">
                            <top>276</top>
                            <left>10</left>
                            <right>10</right>
                            <control type="label">
                                <top>6</top>
                                <left>10</left>
                                <right>10</right>
                                <height>36</height>
                                <label>[B]$INFO[ListItem.Title][/B]</label>
                            </control>
                            <control type="label">
                                <top>50</top>
                                <left>10</left>
                                <right>10</right>
                                <height>24</height>
                                <font>font12</font>
                                <label>[UPPERCASE]$INFO[ListItem.Season,$LOCALIZE[20373] , [COLOR white]•[/COLOR] ]$INFO[ListItem.Episode,$LOCALIZE[20359] ,][/UPPERCASE]</label>
                                <textcolor>$VAR[SkinColorVar]</textcolor>
                            </control>
                            <control type="textbox">
                                <top>100</top>
                                <left>10</left>
                                <right>10</right>
                                <width>436</width>
                                <height>278</height>
                                <align>left</align>
                                <font>font12</font>
                                <autoscroll>false</autoscroll>
                                <label>$VAR[ShiftRightTextBoxVar]</label>
                                <textcolor>$VAR[SkinColorVar]</textcolor>
                            </control>
                            <control type="label">
                                <bottom>20</bottom>
                                <left>10</left>
                                <right>10</right>
                                <height>20</height>
                                <align>center</align>
                                <font>font10</font>
                                <label>[I]$LOCALIZE[40092] $INFO[ListItem.Premiered][/I]</label>
                                <textcolor>$VAR[SkinColorVar]</textcolor>
                            </control>
                            <control type="image">
                                <right>0</right>
                                <top>44</top>
                                <height>48</height>
                                <width>48</width>
                                <texture>$VAR[ListWatchedIconVar]</texture>
                            </control>
                        </control>
                    </control>
                </itemlayout>
                <focusedlayout height="700" width="495" condition="Container.Content(episodes)">
                    <control type="group">
                        <visible>String.IsEqual(ListItem.Label,..)</visible>
                        <left>0</left>
                        <right>20</right>
                        <control type="image">
                            <width>100%</width>
                            <height>100%</height>
                            <texture>dialogs/back.png</texture>
                            <visible>!Control.HasFocus($PARAM[id])</visible>
                        </control>
                        <control type="image">
                            <posx>-18</posx>
                            <posy>-18</posy>
                            <width>513</width>
                            <height>738</height>
                            <texture border="40" colordiffuse="$VAR[SkinColorVar]">buttons/dialogbutton-fo.png</texture>
                            <visible>Control.HasFocus($PARAM[id])</visible>
                        </control>
                        <control type="image">
                            <left>10</left>
                            <right>10</right>
                            <top>10</top>
                            <bottom>10</bottom>
                            <aspectratio align="center" aligny="top">scale</aspectratio>
                            <texture>$INFO[ListItem.Icon]</texture>
                        </control>
                    </control>
                    <control type="group">
                        <visible>!String.IsEqual(ListItem.Label,..)</visible>
                        <left>0</left>
                        <right>20</right>
                        <control type="image">
                            <width>100%</width>
                            <height>100%</height>
                            <texture>dialogs/back.png</texture>
                            <visible>!Control.HasFocus($PARAM[id])</visible>
                        </control>
                        <control type="image">
                            <posx>-18</posx>
                            <posy>-18</posy>
                            <width>513</width>
                            <height>738</height>
                            <texture border="40" colordiffuse="$VAR[SkinColorVar]">buttons/dialogbutton-fo.png</texture>
                            <visible>Control.HasFocus($PARAM[id])</visible>
                        </control>
                        <control type="image">
                            <left>10</left>
                            <right>10</right>
                            <top>10</top>
                            <height>256</height>
                            <aspectratio align="center" aligny="top">scale</aspectratio>
                            <texture background="true" fallback="DefaultVideoCover.png">$INFO[ListItem.Art(thumb)]</texture>
                            <visible>!Container.Content(tvshows)</visible>
                        </control>
                        <control type="image">
                            <left>10</left>
                            <right>10</right>
                            <top>10</top>
                            <height>256</height>
                            <aspectratio align="center" aligny="top">scale</aspectratio>
                            <texture background="true" fallback="DefaultVideoCover.png">$VAR[TVShowWidgetImageVar]</texture>
                            <visible>Container.Content(tvshows)</visible>
                        </control>
                        <control type="group">
                            <top>276</top>
                            <left>10</left>
                            <right>10</right>
                            <control type="label">
                                <top>6</top>
                                <left>10</left>
                                <right>10</right>
                                <height>36</height>
                                <scroll>yes</scroll>
                                <label>[B]$INFO[ListItem.Title][/B]</label>
                            </control>
                            <control type="label">
                                <top>50</top>
                                <left>10</left>
                                <right>10</right>
                                <height>24</height>
                                <font>font12</font>
                                <label>[UPPERCASE]$INFO[ListItem.Season,$LOCALIZE[20373] , • ]$INFO[ListItem.Episode,$LOCALIZE[20359] ,][/UPPERCASE]</label>
                            </control>
                            <control type="textbox">
                                <top>100</top>
                                <left>10</left>
                                <right>10</right>
                                <width>436</width>
                                <height>278</height>
                                <align>left</align>
                                <font>font12</font>
                                <label>$VAR[ShiftRightTextBoxVar]</label>
                                <textcolor>$VAR[SkinColorVar]</textcolor>
                                <autoscroll delay="10000" time="4000" repeat="10000">Skin.HasSetting(autoscroll)</autoscroll>
                            </control>
                            <control type="label">
                                <bottom>20</bottom>
                                <left>10</left>
                                <right>10</right>
                                <height>20</height>
                                <align>center</align>
                                <font>font10</font>
                                <label>[I]$LOCALIZE[40092] $INFO[ListItem.Premiered][/I]</label>
                            </control>
                            <control type="image">
                                <right>0</right>
                                <top>44</top>
                                <height>48</height>
                                <width>48</width>
                                <texture>$VAR[ListWatchedIconVar]</texture>
                            </control>
                        </control>
                    </control>
                </focusedlayout>
            </control>
        </control>
    </include>
</includes>