<?xml version="1.0" encoding="utf-8"?>
<window>
	<zorder>4</zorder>
	<controls>
		<control type="group">
			<visible>!Window.IsActive(startup)</visible>
			<centerleft>50%</centerleft>
			<width>112</width>
			<top>0</top>
			<animation effect="fade" start="100" end="0" time="200" delay="1000" condition="Player.Muted">Conditional</animation>
			<animation effect="fade" start="0" end="100" time="150">WindowOpen</animation>
			<animation effect="fade" start="100" end="0" time="150">WindowClose</animation>
			<control type="progress" id="29999">
				<include>HiddenObject</include>
				<info>Player.Volume</info>
			</control>
			<control type="image">
				<left>12</left>
				<top>5</top>
				<width>88</width>
				<height>88</height>
				<texture>osd/buffer-bg.png</texture>
				<visible>Window.IsActive(fullscreenvideo) | Window.IsActive(slideshow)</visible>
			</control>
			<control type="image">
				<left>22</left>
				<top>15</top>
				<width>100</width>
				<height>100</height>
				<texture>dialogs/volume/progress2/back.png</texture>
			</control>
			<control type="image">
				<left>22</left>
				<top>15</top>
				<width>100</width>
				<height>100</height>
				<texture colordiffuse="$VAR[SkinColorVar]">$INFO[Control.GetLabel(29999),dialogs/volume/progress2/p,.png]</texture>
			</control>
		</control>
	</controls>
</window>
