<?xml version="1.0" encoding="UTF-8"?>
<window>
	<defaultcontrol>9000</defaultcontrol>
	<include>Animation_DialogPopupOpenClose</include>
	<controls>
		<control type="group">
			<centerleft>50%</centerleft>
			<width>670</width>
			<centertop>50%</centertop>
			<height>700</height>
			<include content="DialogBackgroundCommons">
				<param name="width" value="670" />
				<param name="height" value="80" />
				<param name="header_label" value="$LOCALIZE[31072]" />
				<param name="header_id" value="2" />
			</include>
			<control type="panel" id="9000">
				<left>0</left>
				<top>80</top>
				<width>670</width>
				<height>700</height>
				<onleft>9000</onleft>
				<onright>9000</onright>
				<onup>9000</onup>
				<ondown>9000</ondown>
				<orientation>vertical</orientation>
				<itemlayout height="70" width="670">
					<control type="image">
						<left>0</left>
						<top>0</top>
						<width>670</width>
						<height>70</height>
						<texture colordiffuse="dialog_tint">colors/white.png</texture>
					</control>
					<control type="label">
						<left>0</left>
						<textoffsetx>20</textoffsetx>
						<top>0</top>
						<width>670</width>
						<height>70</height>
						<align>center</align>
						<aligny>center</aligny>
						<textcolor>grey</textcolor>
						<label>$INFO[ListItem.Label]</label>
					</control>
				</itemlayout>
				<focusedlayout height="70" width="670">
					<control type="image">
						<left>0</left>
						<top>0</top>
						<width>670</width>
						<height>70</height>
						<texture colordiffuse="dialog_tint">colors/white.png</texture>
					</control>
					<control type="image">
						<left>0</left>
						<top>0</top>
						<width>670</width>
						<height>70</height>
						<texture colordiffuse="$VAR[SkinColorVar]">lists/focus.png</texture>
					</control>
					<control type="label">
						<left>0</left>
						<textoffsetx>20</textoffsetx>
						<top>0</top>
						<width>670</width>
						<height>70</height>
						<align>center</align>
						<aligny>center</aligny>
						<label>$INFO[ListItem.Label]</label>
					</control>
				</focusedlayout>
				<content>
					<item>
						<label>$LOCALIZE[13012]</label>
						<onclick>Quit()</onclick>
						<visible>System.ShowExitButton</visible>
					</item>
					<item>
						<label>$LOCALIZE[13016]</label>
						<onclick>Powerdown()</onclick>
						<visible>System.CanPowerDown</visible>
					</item>
					<item>
						<label>$LOCALIZE[20150]</label>
						<onclick>AlarmClock(shutdowntimer,Shutdown())</onclick>
						<visible>!System.HasAlarm(shutdowntimer)</visible>
						<visible>System.CanPowerDown | System.CanSuspend | System.CanHibernate</visible>
					</item>
					<item>
						<label>$LOCALIZE[20151] $INFO[System.AlarmPos,(,)]</label>
						<onclick>CancelAlarm(shutdowntimer)</onclick>
						<visible>System.HasAlarm(shutdowntimer)</visible>
					</item>
					<item>
						<label>$LOCALIZE[13011]</label>
						<onclick>Suspend()</onclick>
						<visible>System.CanSuspend</visible>
					</item>
					<item>
						<label>$LOCALIZE[13010]</label>
						<onclick>Hibernate()</onclick>
						<visible>System.CanHibernate</visible>
					</item>
					<item>
						<label>$LOCALIZE[13013]</label>
						<onclick>Reset()</onclick>
						<visible>System.CanReboot</visible>
					</item>
					<item>
						<label>$LOCALIZE[20126] $INFO[system.profilename,(,)]</label>
						<onclick>dialog.close(all,true)</onclick>
						<onclick>System.LogOff</onclick>
						<visible>System.HasLoginScreen | Integer.IsGreater(System.ProfileCount,1)</visible>
						<visible>System.Loggedon</visible>
					</item>
					<item>
						<label>$LOCALIZE[20046]</label>
						<altlabel>$LOCALIZE[20045]</altlabel>
						<usealttexture>!System.IsMaster</usealttexture>
						<onclick>mastermode</onclick>
						<visible>System.HasLocks</visible>
					</item>
					<item>
						<label>$LOCALIZE[13017]</label>
						<onclick>InhibitIdleShutdown(true)</onclick>
						<visible>System.HasShutdown +!System.IsInhibit</visible>
					</item>
					<item>
						<label>$LOCALIZE[13018]</label>
						<onclick>InhibitIdleShutdown(false)</onclick>
						<visible>System.HasShutdown + System.IsInhibit</visible>
					</item>
					<item>
						<label>$VAR[VideoLibraryScanLabelVar]</label>
						<onclick>UpdateLibrary(video)</onclick>
					</item>
					<item>
						<label>$VAR[MusicLibraryScanLabelVar]</label>
						<onclick>UpdateLibrary(music)</onclick>
					</item>
					<item>
						<label>$LOCALIZE[20183]</label>
						<onclick>ReloadSkin()</onclick>
					</item>
				</content>
			</control>
		</control>
	</controls>
</window>