<?xml version="1.0" encoding="utf-8"?>
<window type="dialog" id="1126">
	<defaultcontrol always="true">11000</defaultcontrol>
	<include>Animation_DialogPopupOpenClose</include>
	<controls>
		<control type="group">
			<centerleft>50%</centerleft>
			<height>570</height>
			<centertop>50%</centertop>
			<width>1000</width>
			<include content="DialogBackgroundCommons">
				<param name="width" value="1000" />
				<param name="height" value="570" />
				<param name="header_label" value="$LOCALIZE[40101]" />
				<param name="header_id" value="1" />
			</include>
			<control type="group" id="11000">
				<left>0</left>
				<top>80</top>
				<control type="grouplist" id="11100">
					<width>1000</width>
					<height>560</height>
					<itemgap>0</itemgap>
					<onup>11100</onup>
					<ondown>11100</ondown>
					<orientation>vertical</orientation>
					<control type="radiobutton" id="11111">
						<label>$LOCALIZE[40097] : $LOCALIZE[31148]</label>
						<include>DefaultSettingButton</include>
						<selected>Skin.HasSetting(hide_musicvideocategory)</selected>
						<onclick>Skin.ToggleSetting(hide_musicvideocategory)</onclick>
					</control>
					<control type="button" id="11112">
						<label> ∟$LOCALIZE[31157]</label>
						<include>DefaultSettingButton</include>
						<onclick>Action(close)</onclick>
						<onclick condition="System.HasAddon(plugin.library.node.editor)">ActivateWindow(programs,plugin://plugin.library.node.editor/?ltype=video,return)</onclick>
						<onclick condition="!System.HasAddon(plugin.library.node.editor)">InstallAddon(plugin.library.node.editor)</onclick>
						<enable>!Skin.HasSetting(hide_musicvideocategory)</enable>
					</control>
					<control type="radiobutton" id="11113">
						<label>$LOCALIZE[40097] : $LOCALIZE[20390]</label>
						<include>DefaultSettingButton</include>
						<selected>Skin.HasSetting(hide_recentlyaddedmusicvideos)</selected>
						<onclick>Skin.ToggleSetting(hide_recentlyaddedmusicvideos)</onclick>
					</control>
					<control type="radiobutton" id="11114">
						<label>$LOCALIZE[40097] : $LOCALIZE[31151]</label>
						<include>DefaultSettingButton</include>
						<selected>Skin.HasSetting(hide_unwatchedmusicvideos)</selected>
						<onclick>Skin.ToggleSetting(hide_unwatchedmusicvideos)</onclick>
					</control>
					<control type="radiobutton" id="11115">
						<label>$LOCALIZE[40097] : $LOCALIZE[31013]</label>
						<include>DefaultSettingButton</include>
						<selected>Skin.HasSetting(hide_randommusicvideoartists)</selected>
						<onclick>Skin.ToggleSetting(hide_randommusicvideoartists)</onclick>
					</control>
					<control type="radiobutton" id="11116">
						<label>$LOCALIZE[40097] : $LOCALIZE[31152]</label>
						<include>DefaultSettingButton</include>
						<selected>Skin.HasSetting(hide_randommusicvideo)</selected>
						<onclick>Skin.ToggleSetting(hide_randommusicvideo)</onclick>
					</control>
					<control type="radiobutton" id="1111">
						<label>$LOCALIZE[40097] : $LOCALIZE[20388]</label>
						<include>DefaultSettingButton</include>
						<selected>Skin.HasSetting(hide_musicvideostudios)</selected>
						<onclick>Skin.ToggleSetting(hide_musicvideostudios)</onclick>
					</control>		
				</control>
			</control>
		</control>
	</controls>
</window>
