<?xml version="1.0" encoding="UTF-8"?>
<overrides>
    
    <!-- Settings -->
    <widgetRename>True</widgetRename>

    <!-- Icons overrides -->
    <icon image="DefaultShortcut.png">special://skin/extras/icons/addtile.png</icon>
    <icon labelID="videos">DefaultAddonVideo.png</icon>
    <icon labelID="livetv">DefaultTVGuide.png</icon>
    <icon labelID="radio">DefaultRadioGuide.png</icon>
    
    <!-- Default Widgets -->
    <widgetdefault labelID="disc">DiscWidget</widgetdefault>
    <widgetdefault labelID="movies">MoviesWidget</widgetdefault>
    <widgetdefault labelID="tvshows">TVShowsWidget</widgetdefault>
    <widgetdefault labelID="music">MusicWidget</widgetdefault>
    <widgetdefault labelID="musicvideos">MusicVideosWidget</widgetdefault>
    <widgetdefault labelID="livetv">LiveTVWidget</widgetdefault>
    <widgetdefault labelID="radio">RadioWidget</widgetdefault>
    <widgetdefault labelID="games">GamesWidget</widgetdefault>
    <widgetdefault labelID="addons">AddonsWidget</widgetdefault>
    <widgetdefault labelID="pictures">PicturesWidget</widgetdefault>
    <widgetdefault labelID="video">VideoWidget</widgetdefault>
    <widgetdefault labelID="favorites">FavoritesWidget</widgetdefault>
    <widgetdefault labelID="weather">WeatherWidget</widgetdefault>
    
    <!-- Additionnal Widgets -->
    <widget label="427" icon="icons/sidemenu/disc.png">DiscWidget</widget>
    <widget label="342" icon="icons/sidemenu/movies.png">MoviesWidget</widget>
    <widget label="20343" icon="icons/sidemenu/tv.png">TVShowsWidget</widget>
    <widget label="2" icon="icons/sidemenu/music.png" >MusicWidget</widget>
    <widget label="20389" icon="icons/sidemenu/musicvideos.png">MusicVideosWidget</widget>
    <widget label="19020" icon="icons/sidemenu/livetv.png">LiveTVWidget</widget>
    <widget label="19021" icon="icons/sidemenu/radio.png">RadioWidget</widget>
    <widget label="15016" icon="icons/sidemenu/games.png">GamesWidget</widget>
    <widget label="24001" icon="icons/sidemenu/addons.png">AddonsWidget</widget>
    <widget label="1" icon="icons/sidemenu/pictures.png">PicturesWidget</widget>
    <widget label="3" icon="icons/sidemenu/videos.png">VideoWidget</widget>
    <widget label="10134" icon="icons/sidemenu/favourites.png">FavoritesWidget</widget>
    <widget label="8" icon="icons/sidemenu/weather.png">WeatherWidget</widget>
    <widget label="40134" icon="DefaultAddonLookAndFeel.png">PersonalWidget</widget>
    
    <!-- Default Backgrounds -->
    <backgrounddefault labelID="disc">special://skin/extras/home-images/disc.jpg</backgrounddefault>
    <backgrounddefault labelID="movies">special://skin/extras/home-images/movies.jpg</backgrounddefault>
    <backgrounddefault labelID="tvshows">special://skin/extras/home-images/tvshows.jpg</backgrounddefault>
    <backgrounddefault labelID="music">special://skin/extras/home-images/music.jpg</backgrounddefault>
    <backgrounddefault labelID="musicvideos">special://skin/extras/home-images/musicvideos.jpg</backgrounddefault>
    <backgrounddefault labelID="livetv">special://skin/extras/home-images/livetv.jpg</backgrounddefault>
    <backgrounddefault labelID="radio">special://skin/extras/home-images/radio.jpg</backgrounddefault>
    <backgrounddefault labelID="games">special://skin/extras/home-images/games.jpg</backgrounddefault>
    <backgrounddefault labelID="addons">special://skin/extras/home-images/addons.jpg</backgrounddefault>
    <backgrounddefault labelID="pictures">special://skin/extras/home-images/pictures.jpg</backgrounddefault>
    <backgrounddefault labelID="video">special://skin/extras/home-images/video.jpg</backgrounddefault>
    <backgrounddefault labelID="favorites">special://skin/extras/home-images/favorites.jpg</backgrounddefault>
    <backgrounddefault labelID="weather">special://skin/extras/home-images/weather.jpg</backgrounddefault>
    <backgrounddefault labelID="libreelec">special://skin/extras/home-images/libreelec.png</backgrounddefault>
    
    <!-- Background -->
    <background label="smartshortcuts">||BROWSE||plugin://script.skin.helper.service/?action=backgrounds</background>
    <background label="smartshortcuts">||BROWSE||special://skin/extras/home-images</background>
    <backgroundBrowse default="protocol://">True</backgroundBrowse>
    
    <!-- Icons Directory -->
    <thumbnailBrowseDefault>special://skin/extras/icons/</thumbnailBrowseDefault>
    
     <!-- Context Menu -->
    <contextmenu>
        <enableon>211</enableon>
        <item control="303">$LOCALIZE[40128]</item>
        <item control="304">$LOCALIZE[40129]</item>
        <item control="313" condition="String.IsEqual(Container(211).ListItem.Property(skinshortcuts-disabled),False)">$LOCALIZE[40132]</item>
        <item control="313" condition="String.IsEqual(Container(211).ListItem.Property(skinshortcuts-disabled),True)">$LOCALIZE[40133]</item>
        <item control="3010">$LOCALIZE[40130]</item>
        <item control="302">$LOCALIZE[40131]</item>
    </contextmenu>
    
    <!-- Widgets Settings -->
    <!-- Widget Style 1 -->
    <propertySettings property="WidgetStyle1" buttonID="14751" showNone="False" title="$LOCALIZE[40137] 1" />
	<property property="WidgetStyle1" label="40138">Posters</property>
	<property property="WidgetStyle1" label="40139">Thumbs</property>
	<property property="WidgetStyle1" label="40140">Squares</property>
	<!-- Widget Style 2 -->
	<propertySettings property="WidgetStyle2" buttonID="14761" showNone="False" title="$LOCALIZE[40137] 2" />
	<property property="WidgetStyle2" label="40138">Posters</property>
	<property property="WidgetStyle2" label="40139">Thumbs</property>
	<property property="WidgetStyle2" label="40140">Squares</property>
	<!-- Widget Style 3 -->
	<propertySettings property="WidgetStyle3" buttonID="14771" showNone="False" title="$LOCALIZE[40137] 3" />
	<property property="WidgetStyle3" label="40138">Posters</property>
	<property property="WidgetStyle3" label="40139">Thumbs</property>
	<property property="WidgetStyle3" label="40140">Squares</property>
	<!-- Widget Style 4 -->
	<propertySettings property="WidgetStyle4" buttonID="14781" showNone="False" title="$LOCALIZE[40137] 4" />
	<property property="WidgetStyle4" label="40138">Posters</property>
	<property property="WidgetStyle4" label="40139">Thumbs</property>
	<property property="WidgetStyle4" label="40140">Squares</property>
	<!-- Widget Style 5 -->
	<propertySettings property="WidgetStyle5" buttonID="14791" showNone="False" title="$LOCALIZE[40137] 5" />
	<property property="WidgetStyle5" label="40138">Posters</property>
	<property property="WidgetStyle5" label="40139">Thumbs</property>
	<property property="WidgetStyle5" label="40140">Squares</property>
	<!-- Widget Style 6 -->
	<propertySettings property="WidgetStyle6" buttonID="14801" showNone="False" title="$LOCALIZE[40137] 6" />
	<property property="WidgetStyle6" label="40138">Posters</property>
	<property property="WidgetStyle6" label="40139">Thumbs</property>
	<property property="WidgetStyle6" label="40140">Squares</property>
	<!-- Widget Style 7 -->
	<propertySettings property="WidgetStyle7" buttonID="14811" showNone="False" title="$LOCALIZE[40137] 7" />
	<property property="WidgetStyle7" label="40138">Posters</property>
	<property property="WidgetStyle7" label="40139">Thumbs</property>
	<property property="WidgetStyle7" label="40140">Squares</property>
	<!-- Widget Style 8 -->
	<propertySettings property="WidgetStyle8" buttonID="14821" showNone="False" title="$LOCALIZE[40137] 8" />
	<property property="WidgetStyle8" label="40138">Posters</property>
	<property property="WidgetStyle8" label="40139">Thumbs</property>
	<property property="WidgetStyle8" label="40140">Squares</property>
	<!-- Widget Style 9 -->
	<propertySettings property="WidgetStyle9" buttonID="14831" showNone="False" title="$LOCALIZE[40137] 9" />
	<property property="WidgetStyle9" label="40138">Posters</property>
	<property property="WidgetStyle9" label="40139">Thumbs</property>
	<property property="WidgetStyle9" label="40140">Squares</property>
	<!-- Widget Style 10 -->
	<propertySettings property="WidgetStyle10" buttonID="14841" showNone="False" title="$LOCALIZE[40137] 10" />
	<property property="WidgetStyle10" label="40138">Posters</property>
	<property property="WidgetStyle10" label="40139">Thumbs</property>
	<property property="WidgetStyle10" label="40140">Squares</property>
    
    <!-- Groupings -->
    <groupings>
        <node label="32029">
            <content>common</content>
            <shortcut label="$ADDON[script.skin.helper.service 32062]" type="32010" icon="DefaultFolder.png" condition="System.HasAddon(script.skin.helper.service)">||BROWSE||script.skin.helper.service/?action=smartshortcuts</shortcut>
        </node>
        <node label="32030">
            <content>video</content>
            <node label="32040">
                <content>playlist-video</content>
            </node>
            <node label="32010">
                <shortcut label="1037" type="32014" icon="DefaultAddonVideo.png">ActivateWindow(Videos,Addons,return)</shortcut>
                <content>addon-video</content>
            </node>
            <node label="32075">
                <content>videosources</content>
                <content>upnp-video</content>
            </node>
        </node>
        <node label="32031">
            <content>music</content>
            <node label="32040">
                <content>playlist-audio</content>
            </node>
            <node label="32011">
                <shortcut label="1038" type="32019" icon="DefaultAddonMusic.png">ActivateWindow(MusicLibrary,Addons,return)</shortcut>
                <content>addon-audio</content>
            </node>
            <node label="32075">
                <content>musicsources</content>
                <content>upnp-music</content>
            </node>
        </node>
        <node label="32017" condition="System.GetBool(pvrmanager.enabled)" version="13">
            <content>pvr</content>
            <node label="19023">
                <content>pvr-tv</content>
            </node>
            <node label="19024">
                <content>pvr-radio</content>
            </node>
        </node>
        <node label="32017" condition="PVR.HasTVChannels">
            <content>pvr</content>
            <node label="19023">
                <content>pvr-tv</content>
            </node>
        </node>
        <node label="32087" condition="PVR.HasRadioChannels">
            <content>radio</content>
            <node label="19024">
                <content>pvr-radio</content>
            </node>
        </node>
        <node label="32020">
            <content>picturesources</content>
        </node>
        <node label="32007">
            <node label="32009">
                <shortcut label="10001" type="32021" icon="DefaultAddonProgram.png">ActivateWindow(Programs,Addons,return)</shortcut>
                <shortcut label="20244" type="32021" icon="DefaultAddonProgram.png" condition="System.Platform.Android">ActivateWindow(Programs,androidapp://sources/apps,return)</shortcut>
                <content>addon-program</content>
            </node>
            <node label="32010">
                <shortcut label="1037" type="32014" icon="DefaultAddonVideo.png">ActivateWindow(Videos,Addons,return)</shortcut>
                <content>addon-video</content>
            </node>
            <node label="32011">
                <shortcut label="1038" type="32019" icon="DefaultAddonMusic.png">ActivateWindow(MusicLibrary,Addons,return)</shortcut>
                <content>addon-audio</content>
            </node>
            <node label="32012">
                <shortcut label="1039" type="32020" icon="DefaultAddonPicture.png">ActivateWindow(Pictures,Addons,return)</shortcut>
                <content>addon-image</content>
            </node>
        </node>
        <node label="32006">
            <content>favourite</content>
        </node>
        <node label="10004">
            <content>settings</content>
        </node>
        <node label="32054">
            <shortcut label="20183" type="32054" icon="ReloadSkin.png">ReloadSkin()</shortcut>
            <content>commands</content>
        </node>
    </groupings>
    <widget-groupings>
        <node label="40127" condition="!String.IsEmpty(Window(home).Property(WidgetVisibility))">
            <shortcut label="427" icon="icons/sidemenu/disc.png" widget="DiscWidget" condition="System.HasMediaDVD">DiscWidget</shortcut>
            <shortcut label="342" icon="icons/sidemenu/movies.png" widget="MoviesWidget">MoviesWidget</shortcut>
            <shortcut label="20343" icon="icons/sidemenu/tv.png" widget="TVShowsWidget">TVShowsWidget</shortcut>
            <shortcut label="2" icon="icons/sidemenu/music.png" widget="MusicWidget">MusicWidget</shortcut>
            <shortcut label="20389" icon="icons/sidemenu/musicvideos.png" widget="MusicVideosWidget">MusicVideosWidget</shortcut>
            <shortcut label="19020" icon="icons/sidemenu/livetv.png" widget="LiveTVWidget">LiveTVWidget</shortcut>
            <shortcut label="19021" icon="icons/sidemenu/radio.png" widget="RadioWidget">RadioWidget</shortcut>
            <shortcut label="15016" icon="icons/sidemenu/games.png" widget="GamesWidget" condition="System.GetBool(gamesgeneral.enable)">GamesWidget</shortcut>
            <shortcut label="24001" icon="icons/sidemenu/addons.png" widget="AddonsWidget">AddonsWidget</shortcut>
            <shortcut label="1" icon="icons/sidemenu/pictures.png" widget="PicturesWidget">PicturesWidget</shortcut>
            <shortcut label="3" icon="icons/sidemenu/videos.png" widget="VideoWidget">VideoWidget</shortcut>
            <shortcut label="10134" icon="icons/sidemenu/favourites.png" widget="FavoritesWidget">FavoritesWidget</shortcut>
            <shortcut label="8" icon="icons/sidemenu/weather.png" widget="WeatherWidget">WeatherWidget</shortcut>
        </node>
            <shortcut label="40134" icon="DefaultAddonLookAndFeel.png" widget="PersonalWidget" condition="!String.IsEmpty(Window(home).Property(WidgetVisibility))">PersonalWidget</shortcut>
            <shortcut label="40135" icon="DefaultFolder.png" condition="String.IsEmpty(Window(home).Property(WidgetVisibility)) + System.HasAddon(script.skin.helper.service)">||BROWSE||script.skin.helper.service/?action=widgets&amp;path=skinplaylists,librarydataprovider,scriptwidgets,extendedinfo,smartshortcuts,pvr,smartishwidgets</shortcut>
        <shortcut label="32107" type="32021" icon="DefaultAddon.png" condition="String.IsEmpty(Window(home).Property(WidgetVisibility)) + !System.HasAddon(script.skin.helper.service)">::INSTALL::script.skin.helper.service</shortcut>
        <node label="32030" condition="String.IsEmpty(Window(home).Property(WidgetVisibility))">
            <content>video</content>
            <node label="32040">
                <content>playlist-video</content>
            </node>
            <node label="32010">
                <content>addon-video</content>
            </node>
            <node label="32075">
                <content>videosources</content>
            </node>
        </node>
        <node label="32031" condition="String.IsEmpty(Window(home).Property(WidgetVisibility))">
            <content>music</content>
            <node label="32040">
                <content>playlist-audio</content>
            </node>
            <node label="32011">
                <content>addon-audio</content>
            </node>
            <node label="32075">
                <content>musicsources</content>
            </node>
        </node>
        <node label="32020" condition="String.IsEmpty(Window(home).Property(WidgetVisibility))">
            <content>picturesources</content>
        </node>
        <node label="32007" condition="String.IsEmpty(Window(home).Property(WidgetVisibility))">
            <node label="32009">
                <content>addon-program-plugin</content>
            </node>
            <node label="32010">
                <content>addon-video</content>
            </node>
            <node label="32011">
                <content>addon-audio</content>
            </node>
            <node label="32012">
                <content>addon-image</content>
            </node>
            <shortcut label="10001" type="32021" icon="DefaultAddonProgram.png" widget="addon" widgetType="program" widgetTarget="programs">addons://sources/executable</shortcut>
            <shortcut label="20244" type="32021" icon="DefaultAddonProgram.png" widget="addon" widgetType="program" widgetTarget="programs" condition="System.Platform.Android">androidapp://sources/apps</shortcut>
            <shortcut label="1037" type="32014" icon="DefaultAddonVideo.png" widget="addon" widgetType="video" widgetTarget="video">addons://sources/video</shortcut>
            <shortcut label="1038" type="32019" icon="DefaultAddonMusic.png" widget="addon" widgetType="music" widgetTarget="music">addons://sources/audio</shortcut>
            <shortcut label="1039" type="32020" icon="DefaultAddonPicture.png" widget="addon" widgetType="picture" widgetTarget="pictures">addons://sources/image</shortcut>
        </node>
    </widget-groupings>
</overrides>